Workbook
Name abcdefg: #REF!
Name Cavities: #REF!
Name Choose: #REF!
Name CONSTANTES: #REF!
Name CONSTANTS: #REF!
Name decoupled: #REF!
Name decoupled2: #REF!
Name degrees: #REF!
Name Document: #REF!
Name DPH: '(Linked) Hazard Risk Number HRN'!$B$6:$C$13
Name drytime: #REF!
Name eject: #REF!
Name EJECTPATT: #REF!
Name ejectpattern: #REF!
Name ejtpat: #REF!
Name fabulous: #REF!
Name fasdfsdfsd: #REF!
Name FE: '(Linked) Hazard Risk Number HRN'!$B$16:$C$26
Name Flow_transfer_mod: #REF!
Name FlowRatePlastic: #REF!
Name flowstudy: #REF!
Name Force: #REF!
Name formula: #REF!
Name g: #REF!
Name l: #REF!
Name Linear: #REF!
Name LO: '(Linked) Hazard Risk Number HRN'!$D$6:$E$14
Name machine: #REF!
Name MachineType: #REF!
Name Mfg: #REF!
Name Moldtype: #REF!
Name NP: '(Linked) Hazard Risk Number HRN'!$D$17:$E$22
Name OLE_LINK3: 'Portada del documento JDOC'!#REF!
Name PA: '(Linked) Hazard Risk Number HRN'!$D$25:$E$27
Name Piezo: #REF!
Name PLr: #REF!
Name position: #REF!
Name Press.: #REF!
Name presses: #REF!
Name Pressure: #REF!
Name Process: #REF!
Name process3: #REF!
Name processeng: #REF!
Name Recovery: #REF!
Name Resins: #REF!
Name Revision: #REF!
Name scale: #REF!
Name SDFASDFS: #REF!
Name sdsdgfasdg: #REF!
Name Security: #REF!
Name SPECHEAT: #REF!
Name Speed: #REF!
Name Table_Press: #REF!
Name tctype: #REF!
Name Temps: #REF!
Name Test: #REF!
Name therm2: #REF!
Name THERMAL: #REF!
Name Time: #REF!
Name Title: #REF!

Sheet Portada del documento JDOC
C1: 16-HS80-8000-00020 | E1: Revision
E2: B
C3: Evaluación de riesgos de maquinaria | E3: Categoría de documentación
E4: Obligatorio
A5: Aprobaciones | D5: Designación
A6: Chad McClimans | D6: Global Environmental Health & Safety Director
A7: Conor Kenny | D7: Sr Director Global Automation
A8: Detalles de la revisión (Nota: Consulte la información del documento del sistema para conocer la fecha de lanzamiento)
A9: Revision | B9: Detalles del cambio | E9: Autor
A10: A | B10: Lanzamiento inicial | E10: Guajana Skyers
A11: B | B11: Revisado al nuevo formulario de evaluación de riesgos de la máquina con hojas de apoyo. | E11: John Tebbe
A12: 1.0 Proposito
A13: El objetivo de la herramienta de evaluación de riesgos de máquinas (MRA) es respaldar la actividad de evaluación de riesgos proporcionando un método de evaluación coherente y completo. Una evaluación completa y conforme, que cumpla con las expectativas, garantizará que solo se utilicen equipos seguros en las operaciones antes de que cualquier equipo se libere en la célula de trabajo para la validación/calificación del proceso y/o la producción comercial. El proceso MRA pone a prueba el equipo evaluando los riesgos de seguridad/ergonomía que están presentes en el equipo durante su funcionamiento. Un Los sitios que ya cuentan con evaluaciones de riesgos de maquinaria deben realizar un análisis de deficiencias y subsanarlas. El objetivo es reducir el riesgo empresarial, proteger la salud y la seguridad de los empleados de Jabil, así como cumplir con los requisitos normativos y de los clientes.
A14: 2.0 Alcance
A15: Todos los sitios a nivel mundial que requieren un sistema de evaluación de riesgos de maquinaria según lo definido por la Norma de Seguridad de Maquinaria SE-ES20-00004. La mejor práctica para la evaluación inicial comienza durante la revisión del diseño, se reevalúa durante la construcción/prueba de aceptación de fábrica (FAT) y se reevalúa en la prueba de aceptación en el sitio (SAT) para nuevas construcciones, ya que se trata de un documento vivo.
A16: 3.0 Referencias
A17: Este documento debe utilizarse junto con los siguientes procedimientos:
A18: Numero de documento | C18: Document Title
A19: SE-ES20-00004 | C19: Estandar de seguridad en maquinaria
A20: 16-HS20-8000-00010 | C20: Procedimiento de seguridad en maquinaria
A21: 00-AT20-00001 | C21: Estandar de Introducción a la automatización de ensambles
A22: 4.0 Instrucciones
A23: 4.1 Revise la norma de seguridad de máquinas SE-ES20-00004 para conocer y comprender los requisitos mínimos de seguridad de máquinas de Jabil antes de seguir las instrucciones que se indican a continuación.
A24: Lea atentamente las instrucciones que figuran a continuación, así como las pestañas de referencia adicionales incluidas en el libro de trabajo. Las dos pestañas que deben utilizarse se describen en las secciones 4.4 y 4.5. Las secciones 4.7 a 4.9 son pestañas adicionales de apoyo para el análisis de datos, la presentación de informes y el seguimiento de las medidas destinadas a reducir los niveles de peligro residual que quedan tras la evaluación inicial.
A25: 4.1 Se espera que los centros utilicen este formulario MRA para documentar su evaluación. El MRA puede ser realizado por el contratista o por un tercero autorizado. Los centros que dispongan de un formulario o software equivalente que se considere que cumple o supera estos requisitos pueden solicitar su sustitución con la aprobación por escrito de los responsables de la aprobación de la plantilla anterior o de la persona designada.
A26: 4.2 Aunque los sitios web ofrecen una gran flexibilidad para añadir contenido y criterios para la evaluación de riesgos de la maquinaria, NO ELIMINE ni modifique ninguna fórmula, ponderación de factores o criterio del Índice de Riesgo de Peligro (HRN). El sitio web deberá revisar todos los peligros asociados a la máquina y las tareas relacionadas con la interacción con el equipo.
A27: 4.3. Se recomienda que el equipo de evaluación esté compuesto por entre 3 y 5 personas. Se debe calcular la media de cada aportación y votar si es necesario para acordar el HRN resultante, por lo que se recomienda que el número de miembros sea impar. Lo ideal es que los miembros del equipo que participen estén familiarizados con la tarea y la operación que se evalúa en su área de especialización. La MRA puede ser realizada por un contratista o un tercero autorizado, dependiendo de la complejidad del proyecto y/o de la disponibilidad del equipo competente en el lugar. El equipo puede cambiar en función de la condición de uso que se evalúe. A continuación se indican los requisitos mínimos para cada condición de uso o tarea de evaluación. - Operaciones normales: mínimo de (Medio Ambiente, Salud y Seguridad (EHS), Procesos/Automatización, Operaciones. - Manipulación de materiales: mínimo de EHS, Procesos/Automatización, Operaciones o tareas específicas de almacén. - Recuperación de fallos: mínimo de EHS, proceso/automatización, operaciones o tareas específicas de mantenimiento. - Mantenimiento correctivo/resolución de problemas: mínimo de EHS, proceso/automatización, operaciones o tareas específicas de mantenimiento. - Mantenimiento preventivo: mínimo EHS, procesos/automatización, mantenimiento/mecánica. - Modo de parada de emergencia/recuperación: mínimo EHS, procesos/automatización, operaciones o tareas específicas de mantenimiento. - Modo manual: mínimo EHS, procesos/automatización, mantenimiento/mecánica u operaciones específicas. - Arranque/apagado: mínimo EHS, proceso/automatización, mantenimiento/mecánica u operaciones específicas. - Bloqueo/prueba (LOTO): mínimo EHS, proceso/automatización, mantenimiento/mecánica. - Ajustes mecánicos: Mínimo EHS, proceso/automatización, mantenimiento/mecánica u operaciones específicas. - Configuración/cambio: Mínimo EHS, proceso/automatización, mantenimiento/mecánica u operaciones específicas.
A28: 4.4 Comience aquí_Cubierta_Pestaña de revisión
A29: 4.4A Introduzca el cliente, la ubicación del sitio, el número de proyecto/máquina, la fecha y el responsable en la parte superior.
A30: 4.4B Introduzca la versión, la fecha, el autor de la modificación y la descripción en la tabla del historial de revisiones de la evaluación. La primera revisión será la versión inicial. La evaluación es un documento vivo y el historial de revisiones se utiliza para documentar las actualizaciones posteriores a la evaluación inicial.
A31: 4.5 Pestaña de evaluación completa de MRA
A32: 4.5A Número de serie de entrada, fecha de fabricación, descripción de la máquina/línea o enfoque de la evaluación, ubicación de la planta del edificio en la parte superior de la evaluación.
A33: 4.5B Condiciones de uso (tarea) Este campo se puede rellenar manualmente o utilizar el menú desplegable para equipos más sencillos (personalizable en la pestaña Referencias del menú desplegable (vinculado)). Se recomienda incluir aquí suficiente información para que otras personas que no participen en la evaluación puedan seguirla con claridad. Ejemplo: Operaciones normales: Estación 01, carga de la carcasa, recogida y colocación. Utilice 4.3 como condiciones mínimas para evaluar, así como tener en cuenta todos los modos para los que está programado el equipo (automático, semiautomático, paso a paso, manual, jog). Pruebe físicamente el equipo, no se limite a comprobar que hay una cortina de luz y dar por sentado que los controles están en su sitio, sino que verifique que no se puede burlar ni dar acceso a peligros en la condición que se está evaluando.
... A38: 4.5G El nivel de riesgo y el índice de riesgo (HRN) se completarán automáticamente una vez que se hayan ponderado los cuatro elementos. El HRN inicial será alto, ya que se evalúa sin medidas de seguridad. El objetivo del cálculo del HRN es identificar los riesgos medios, altos e inaceptables que no son admisibles y determinar las medidas esenciales de reducción del riesgo para alcanzar un nivel de HRN aceptable. Esto se puede lograr reduciendo la probabilidad de sufrir daños o eliminando los peligros, la frecuencia o la exposición mediante un rediseño, ya sea reduciendo por separado o simultáneamente cada uno de los 4 elementos que determinan el riesgo asociado. Para obtener más información, consulte la pestaña de referencia del nivel de riesgo HRN (Ref.). A continuación se describen las expectativas mínimas de Jabil para un HRN aceptable y las acciones mínimas para un HRN medio/alto/inaceptable:
B39: 0 - 5 | C39: Riesgo insignificante | D39: Riesgo aceptable. No se requiere ninguna acción. Los usuarios finales deben seguir el manual del usuario, el procedimiento operativo estándar (SOP), las instrucciones de trabajo (WI), las ayudas visuales (VA), las señales de seguridad (pictogramas), la formación básica y el equipo de protección individual (EPI).
B40: >5 - 25 | C40: Riesgo bajo
B41: >25 - 50 | C41: Riesgo Medio | D41: Riesgo inaceptable. El centro deberá implementar medidas de control esenciales (evaluar soluciones de control de ingeniería sólidas, salvaguardias, etc., frente a medidas administrativas o EPI).
B42: >50 - 500 | C42: Riesgo Alto
B43: > 500 | C43: Riesgo inaceptable | D43: No es aceptable bajo ninguna circunstancia. La máquina no debe ponerse en funcionamiento. El sitio debe considerar un cambio en el diseño para que la máquina sea intrínsecamente segura y, a continuación, implementar las medidas de control esenciales.
A44: 4.5H IS0 13849-1 Clasificación del nivel de rendimiento (PLr). Esta sección puede dejarse en blanco para evaluaciones generales a nivel de sitio que NO construyan, integren, actualicen ni modifiquen equipos. Esta sección debe utilizarse con fabricantes de máquinas internos o externos, integradores (que conectan máquinas «listas para usar» y/o las unen entre sí como una línea o un sistema), actualizaciones o modificaciones. Se utiliza en la fase de diseño de la maquinaria, integridad máquina a máquina: el diseñador, integrador o ingeniero de procesos debe identificar el nivel de rendimiento requerido (PLr) de conformidad con la parte relacionada con la seguridad de los sistemas de control de la norma ISO 13849-1. Para ello, determine la probabilidad (P) según la sección de la norma ISO 13849 respondiendo a las 5 preguntas del menú desplegable. Debe completar el grado de daño posible (DPH) y la frecuencia de exposición a los peligros (FE) de la sección HRN de la evaluación inicial de riesgos para rellenar la gravedad (S) y la frecuencia (F). El nivel de rendimiento requerido (PLr) se rellenará automáticamente una vez que se hayan respondido las 5 preguntas. En función de los resultados, el PLr se rellenará automáticamente. Para obtener más información, consulte la pestaña de referencia del nivel de rendimiento PLr (Ref.).
A45: 4.5 Reevaluación con las salvaguardias existentes. Este es el estado actual de la máquina, que debe estar físicamente construida; de lo contrario, se trata de un control propuesto y no del estado actual. Si no hay salvaguardias adicionales, la evaluación sería la misma que la evaluación inicial y no se incluirían medidas de control adicionales. Enumere cada medida de control presente. Los controles se dividen en tres categorías: controles de ingeniería (los más altos), administrativos (WI, SOP, operaciones/sitio) y EPP. La madurez del sitio y del personal debe tenerse en cuenta cuando los controles administrativos son del más alto nivel. Este campo se puede rellenar manualmente o se puede utilizar el menú desplegable para equipos más sencillos (personalizable en la pestaña Referencias del menú desplegable (vinculado)). Ejemplo: puertas de protección con interlocks, controles que no permiten el movimiento con las puertas abiertas.
A46: 4.5J Reevaluar las 4 áreas con las medidas de control presentes. Por lo general, lo único que se puede influir/cambiar es la probabilidad. Un ejemplo de cómo influir en la frecuencia sería cambiar el material que modifica la esperanza de vida útil, lo que da como resultado una exposición menos frecuente al peligro. Para obtener más información, consulte la pestaña de referencia del nivel de riesgo HRN (Ref.).
A47: 4.5K El nivel de riesgo y el número de riesgo de peligro (HRN) se completarán automáticamente al introducir los datos de la evaluación.
A48: 4.5L Controles propuestos para reducir el riesgo a un nivel aceptable. ¿El nivel actual de HRN es medio o superior? ¿Existen medidas adicionales que, de implementarse, podrían reducir aún más el HRN? En caso afirmativo, enumere las medidas de control adicionales que podrían implementarse.
A49: 4.5M Reevaluar las 4 áreas con las medidas de control si se implementara la propuesta. Por lo general, lo único que se puede influir/cambiar es la probabilidad. Un ejemplo de cómo influir en la frecuencia sería cambiar el material que modifica la esperanza de vida útil, lo que da como resultado una exposición menos frecuente al peligro.
A50: 4.5N Los controles reales implementados para reducir a un nivel aceptable se utilizarán para la reevaluación después de que se hayan implementado medidas de control adicionales (no completadas durante la evaluación inicial). Enumere las medidas de control reales implementadas y reevalúe las cuatro áreas con las medidas de control si se implementara la propuesta. Por lo general, lo único que se puede influir o cambiar es la probabilidad. Un ejemplo de influencia en la frecuencia sería cambiar el material que modifica la esperanza de vida, lo que da como resultado una exposición menos frecuente al peligro.
A51: 4.5O Insertar imágenes. Incorpore imágenes en el archivo como referencia de lo que se está evaluando en el momento de la evaluación.
A52: 4.6 Si el resultado de la actividad de evaluación de riesgos de seguridad determina que la puntuación final real del HRN es media o superior, sin posibilidad de reducirla más, se deberá notificar al responsable de EHS del centro y al responsable funcional para que se puedan tomar medidas adicionales para evaluar el riesgo para las operaciones con una revisión regional/corporativa para determinar si el riesgo residual es aceptable.
A53: 4.7 Pestaña Resumen. Esta pestaña está vinculada a la pestaña Evaluación completa del MRA. Esto permite a los usuarios ordenar las columnas sin afectar a los datos brutos de la evaluación.
A54: 4.8 Pestaña Registro de acciones. Esta pestaña vincula la información sobre riesgos, la evaluación existente y las medidas de mitigación propuestas de la pestaña Evaluación completa de MRA. Las columnas con encabezado verde están destinadas a que el usuario las utilice, si lo desea, como un registro de acciones en el que se pueden introducir comentarios, propietarios, fechas y estado.
A55: 4.9 Pestaña «Gráfico resumen». Se trata de un gráfico de alto nivel que muestra los totales de peligros sin medidas de seguridad, las medidas correctivas actuales y las propuestas. La tabla y el gráfico se actualizarán automáticamente.
... A58: NOTA:
A59: 1 | B59: En caso de que el resultado de la actividad de evaluación de riesgos de seguridad determine que la puntuación HRN final real del peligro es media o superior, sin posibilidad de reducirla más, se deberá notificar al director de EHS del centro y al director funcional para que se puedan tomar medidas adicionales con el fin de evaluar el riesgo para las operaciones con una revisión regional/corporativa de EHS para determinar si se acepta el riesgo residual.

Sheet Empezar aquí_Portada_Revisión
B1: Cliente | C1: Dexcom | H1: Ubicación | I1: Cuarto limpio Dexcom | L1: Fecha | M1: 03/30/2026
B2: Celula/ Numero de maquina: | C2: Autoline 5 | L2: Responsable: | M2: Brayan Escamilla
B4: Evaluación de riesgos de máquinas mediante el sistema de clasificación de peligros por números
B6: Tabla de revisión
B7: Version | C7: Fecha | E7: Modificado por | I7: Descripción de los cambios

Sheet MRA Evaluacion completa
B2: Nombre de máquina /Número | D2: =IF(ISBLANK('Empezar aquí_Portada_Revisión'!C2),"",'Empezar aquí_Portada_Revisión'!C2) -> Autoline 5 | E2: Serial #: | F2: 2131 | G2: Fecha MFG: | I2: 46111 | K2: Ubicación: | L2: =IF(ISBLANK('Empezar aquí_Portada_Revisión'!I1),"",'Empezar aquí_Portada_Revisión'!I1) -> Cuarto limpio Dexcom | Y2: Fecha: | Z2: ='Empezar aquí_Portada_Revisión'!$M$1 -> 03/30/2026
B3: Descripción de la máquina: | D3: Celda automatizada | K3: Ubicación del edificio/planta: | L3: Jabil Chihuahua | Y3: Por: | Z3: ='Empezar aquí_Portada_Revisión'!$M$2 -> Brayan Escamilla
B5: PELIGRO # | C5: Condición de uso (Tarea) | D5: Peligro(s) / Modo de fallo | E5: Imágenes | G5: Personas en riesgo | K5: EVALUACIÓN INICIAL - SIN SALVAGUARDAS / SIN PROTECCIÓN | N5: ISO 13849-1:2023 Evaluación inicial de HRN: DPH y FE rellenan automáticamente S y F | U5: CONTROLES PROPUESTOS PARA REDUCIR EL RIESGO A UN NIVEL ACEPTABLE | Y5: CONTROLES REALES IMPLEMENTADOS PARA REDUCIR EL RIESGO A UN NIVEL ACEPTABLE | AC5: CONTROLES REALES IMPLEMENTADOS PARA REDUCIR EL RIESGO A UN NIVEL ACEPTABLE
G6: Operador | H6: Mantenimiento | I6: Contratistas | J6: Otros | K6: Gravedad Frecuencia Probabilidad de ocurrencia Número de personas | L6: DPH FE LO NP | M6: Nivel de riesgo HRN | U6: Medida(s) de control ¡No puedes usar la evaluación de riesgos para reducir el grado de protección que exigen los estándares! | V6: Gravedad Frecuencia Probabilidad de ocurrencia Número de personas | W6: DPH FE LO NP | X6: Nivel de riesgo (HRN) | Y6: Medida(s) de control ¡No puedes usar la evaluación de riesgos para reducir el grado de protección que exigen los estándares! | Z6: Gravedad Frecuencia Probabilidad de ocurrencia Número de personas | AA6: DPH FE LO NP | AB6: Nivel de riesgo (HRN) | AC6: Medida(s) de control ¡No puedes usar la evaluación de riesgos para reducir el grado de protección que exigen los estándares! | AD6: Imagen | AE6: Gravedad Frecuencia Probabilidad de ocurrencia Número de personas | AF6: DPH FE LO NP | AG6: Nivel de riesgo (HRN)
E7: Imagen 1 | F7: Imagen 2 | N7: Determine la probabilidad P 13849-1 Avoidance | O7: Factor según la Tabla A.1 ISO 13849 estándar | P7: Count A-C from Factor table HIDDEN CELLS | S7: S F P | T7: PLr
B8: 1 | C8: Operación normal | D8: Mecánica: transmisión; pinchazo/aplastamiento/enredamiento. | G8: X | H8: X | K8: Moderado: Atención médica significativa como laceración severa y fisioterapia. Labores restringidas por menos de 2 semanas. | L8: =IF(ISBLANK(K8),"",VLOOKUP(K8,'(Linked) Hazard Risk Number HRN'!$B$6:$C$13,2,FALSE)) -> 4 | M8: =IF(M10="","",IF(M10>500,'(Linked) Hazard Risk Number HRN'!$C$37,IF(M10>50,'(Linked) Hazard Risk Number HRN'!$C$36,IF(M10>25,'(Linked) Hazard Risk Number HRN'!$C$35,IF(M10>5,'(Linked) Hazard Risk Number HRN'!$C$34,IF(M10>0,'(Linked) Hazard Risk Number HRN'!$C$33,"")))))) -> Riesgo Alto | N8: Persona calificada | O8: =IF(ISBLANK(N8),"",VLOOKUP(N8,'(Linked) PLr Probability Factor'!$B$7:$C$8,2,FALSE)) -> A | P8: C | Q8: =COUNTIF((O8:O12), "C") -> 0 | R8: =Q8 -> 0 | S8: =IF(ISBLANK(K8),"",IF(L8<2,"S1","S2")) -> S2 | U8: Detección de presencia: Añadir cortina de luz | V8: Insignificante: Sin primeros auxilios; rasguño o moretón. | W8: =IF(ISBLANK(V8),"",VLOOKUP(V8,'(Linked) Hazard Risk Number HRN'!$B$6:$C$13,2,FALSE)) -> 0.1 | X8: =IF(X10="","",IF(X10>500,'(Linked) Hazard Risk Number HRN'!$C$37,IF(X10>50,'(Linked) Hazard Risk Number HRN'!$C$36,IF(X10>25,'(Linked) Hazard Risk Number HRN'!$C$35,IF(X10>5,'(Linked) Hazard Risk Number HRN'!$C$34,IF(X10>0,'(Linked) Hazard Risk Number HRN'!$C$33,"")))))) -> Insignificante | Y8: Mantenimiento: Procedimiento/SOP/LOTO | Z8: Insignificante: Sin primeros auxilios; rasguño o moretón. | AA8: =IF(ISBLANK(Z8),"",VLOOKUP(Z8,'(Linked) Hazard Risk Number HRN'!$B$6:$C$13,2,FALSE)) -> 0.1 | AB8: =IF(AB10="","",IF(AB10>500,'(Linked) Hazard Risk Number HRN'!$C$37,IF(AB10>50,'(Linked) Hazard Risk Number HRN'!$C$36,IF(AB10>25,'(Linked) Hazard Risk Number HRN'!$C$35,IF(AB10>5,'(Linked) Hazard Risk Number HRN'!$C$34,IF(AB10>0,'(Linked) Hazard Risk Number HRN'!$C$33,"")))))) -> Insignificante | AC8: Detección de presencia: Añadir cortina de luz | AE8: Insignificante: Sin primeros auxilios; rasguño o moretón. | AF8: =IF(ISBLANK(AE8),"",VLOOKUP(AE8,'(Linked) Hazard Risk Number HRN'!$B$6:$C$13,2,FALSE)) -> 0.1 | AG8: =IF(AG10="","",IF(AG10>500,'(Linked) Hazard Risk Number HRN'!$C$37,IF(AG10>50,'(Linked) Hazard Risk Number HRN'!$C$36,IF(AG10>25,'(Linked) Hazard Risk Number HRN'!$C$35,IF(AG10>5,'(Linked) Hazard Risk Number HRN'!$C$34,IF(AG10>0,'(Linked) Hazard Risk Number HRN'!$C$33,"")))))) -> Insignificante
K9: De manera constante o más de una vez cada 15 minutos. | L9: =IF(ISBLANK(K9),"",VLOOKUP(K9,'(Linked) Hazard Risk Number HRN'!$B$16:$C$26,2,FALSE)) -> 5 | N9: Evento de baja o muy baja velocidad ej. <250 mm/s, tiempo para el peligro ≥3s y/o tiempo suficiente para escapar | O9: =IF(ISBLANK(N9),"",VLOOKUP(N9,'(Linked) PLr Probability Factor'!$B$12:$C$14,2,FALSE)) -> A | P9: B | Q9: =COUNTIF((O8:O12), "B") -> 0 | R9: =Q9 -> 0 | S9: =IF(ISBLANK(K9),"",IF(L9<5,"F1","F2")) -> F2 | V9: De manera constante o más de una vez cada 15 minutos. | W9: =IF(ISBLANK(V9),"",VLOOKUP(V9,'(Linked) Hazard Risk Number HRN'!$B$16:$C$26,2,FALSE)) -> 5 | Z9: Semanal | AA9: =IF(ISBLANK(Z9),"",VLOOKUP(Z9,'(Linked) Hazard Risk Number HRN'!$B$16:$C$26,2,FALSE)) -> 1.5 | AE9: De manera constante o más de una vez cada 15 minutos. | AF9: =IF(ISBLANK(AE9),"",VLOOKUP(AE9,'(Linked) Hazard Risk Number HRN'!$B$16:$C$26,2,FALSE)) -> 5
K10: Muy probable, es de esperarse | L10: =IF(ISBLANK(K10),"",VLOOKUP(K10,'(Linked) Hazard Risk Number HRN'!$D$6:$E$14,2,FALSE)) -> 10 | M10: =IF(OR(ISBLANK(K8),ISBLANK(K9),ISBLANK(K10),ISBLANK(K11)),"",L8*L9*L10*L11) -> 200 | N10: Facilmente posible posible en el 50% o mas de los casos | O10: =IF(ISBLANK(N10),"",VLOOKUP(N10,'(Linked) PLr Probability Factor'!$B$17:$C$20,2,FALSE)) -> A | P10: A | Q10: =COUNTIF((O8:O12), "A") -> 5 | R10: =Q10 -> 5 | T10: {=IF(OR(ISBLANK(K8),ISBLANK(K9),ISBLANK(N9),ISBLANK(N10),ISBLANK(N11)),"",INDEX(INDEX('(Linked) PLr Probability Factor'!C$33:$F$44,0,4),MATCH(S8&S9&S12,INDEX('(Linked) PLr Probability Factor'!C$33:$F$44,0,1)&INDEX('(Linked) PLr Probability Factor'!C$33:$F$44,0,2)&INDEX('(Linked) PLr Probability Factor'!C$33:$F$44,0,3),0)))} -> PLd | V10: Casi imposible, posible solo bajo circunstancias extremas | W10: =IF(ISBLANK(V10),"",VLOOKUP(V10,'(Linked) Hazard Risk Number HRN'!$D$6:$E$14,2,FALSE)) -> 0.033 | X10: =IF(OR(ISBLANK(V8),ISBLANK(V9),ISBLANK(V10),ISBLANK(V11)),"",W8*W9*W10*W11) -> 0.0165 | Z10: Casi imposible, posible solo bajo circunstancias extremas | AA10: =IF(ISBLANK(Z10),"",VLOOKUP(Z10,'(Linked) Hazard Risk Number HRN'!$D$6:$E$14,2,FALSE)) -> 0.033 | AB10: =IF(OR(ISBLANK(Z8),ISBLANK(Z9),ISBLANK(Z10),ISBLANK(Z11)),"",AA8*AA9*AA10*AA11) -> 0.00495 | AE10: Casi imposible, posible solo bajo circunstancias extremas | AF10: =IF(ISBLANK(AE10),"",VLOOKUP(AE10,'(Linked) Hazard Risk Number HRN'!$D$6:$E$14,2,FALSE)) -> 0.033 | AG10: =IF(OR(ISBLANK(AE8),ISBLANK(AE9),ISBLANK(AE10),ISBLANK(AE11)),"",AF8*AF9*AF10*AF11) -> 0.0165
K11: 1 a 2 personas | L11: =IF(ISBLANK(K11),"",VLOOKUP(K11,'(Linked) Hazard Risk Number HRN'!$D$17:$E$22,2,FALSE)) -> 1 | N11: Facil reconocimiento del peligro posible en el 50% o mas de los casos | O11: =IF(ISBLANK(N11),"",VLOOKUP(N11,'(Linked) PLr Probability Factor'!$B$23:$C$26,2,FALSE)) -> A | P11: Total | Q11: =SUM(R8:R10) -> 5 | R11: =Q11 -> 5 | V11: 1 a 2 personas | W11: =IF(ISBLANK(V11),"",VLOOKUP(V11,'(Linked) Hazard Risk Number HRN'!$D$17:$E$22,2,FALSE)) -> 1 | Z11: 1 a 2 personas | AA11: =IF(ISBLANK(Z11),"",VLOOKUP(Z11,'(Linked) Hazard Risk Number HRN'!$D$17:$E$22,2,FALSE)) -> 1 | AE11: 1 a 2 personas | AF11: =IF(ISBLANK(AE11),"",VLOOKUP(AE11,'(Linked) Hazard Risk Number HRN'!$D$17:$E$22,2,FALSE)) -> 1
N12: Baja complejidad ej, ajustar las abrazaderas de sujeción de la pieza de trabajo, o Interacción de muy baja complejidad o sin interacción ej, colocar una pieza de trabajo dentro de la máquina | O12: =IF(ISBLANK(N12),"",VLOOKUP(N12,'(Linked) PLr Probability Factor'!$B$29:$C$32,2,FALSE)) -> A | S12: =IF(OR(ISBLANK(N9),ISBLANK(N10),ISBLANK(N11)),"",IF(R8>0,"P2",IF(AND(R8=0,R9>2),"P2",IF(AND(R8=0,R9=2),"P2",IF(AND(R8=0,AND(R9<2,R10>1)),"P1"," "))))) -> P1
B13: 2 | C13: Mantenimiento preventivo | D13: Mecánico: ciclo automático/arranque repentino | H13: X | K13: Moderado: Atención médica significativa como laceración severa y fisioterapia. Labores restringidas por menos de 2 semanas. | L13: =IF(ISBLANK(K13),"",VLOOKUP(K13,'(Linked) Hazard Risk Number HRN'!$B$6:$C$13,2,FALSE)) -> 4 | M13: =IF(M15="","",IF(M15>500,'(Linked) Hazard Risk Number HRN'!$C$37,IF(M15>50,'(Linked) Hazard Risk Number HRN'!$C$36,IF(M15>25,'(Linked) Hazard Risk Number HRN'!$C$35,IF(M15>5,'(Linked) Hazard Risk Number HRN'!$C$34,IF(M15>0,'(Linked) Hazard Risk Number HRN'!$C$33,"")))))) -> Riesgo Alto | N13: Persona calificada | O13: =IF(ISBLANK(N13),"",VLOOKUP(N13,'(Linked) PLr Probability Factor'!$B$7:$C$8,2,FALSE)) -> A | P13: C | Q13: =COUNTIF((O13:O17), "C") -> 0 | R13: =Q13 -> 0 | S13: =IF(ISBLANK(K13),"",IF(L13<2,"S1","S2")) -> S2 | U13: Detección de presencia: Añadir cortina de luz | V13: Insignificante: Sin primeros auxilios; rasguño o moretón. | W13: =IF(ISBLANK(V13),"",VLOOKUP(V13,'(Linked) Hazard Risk Number HRN'!$B$6:$C$13,2,FALSE)) -> 0.1 | X13: =IF(X15="","",IF(X15>500,'(Linked) Hazard Risk Number HRN'!$C$37,IF(X15>50,'(Linked) Hazard Risk Number HRN'!$C$36,IF(X15>25,'(Linked) Hazard Risk Number HRN'!$C$35,IF(X15>5,'(Linked) Hazard Risk Number HRN'!$C$34,IF(X15>0,'(Linked) Hazard Risk Number HRN'!$C$33,"")))))) -> Insignificante | Y13: Mantenimiento: Procedimiento/SOP/LOTO | Z13: Insignificante: Sin primeros auxilios; rasguño o moretón. | AA13: =IF(ISBLANK(Z13),"",VLOOKUP(Z13,'(Linked) Hazard Risk Number HRN'!$B$6:$C$13,2,FALSE)) -> 0.1 | AB13: =IF(AB15="","",IF(AB15>500,'(Linked) Hazard Risk Number HRN'!$C$37,IF(AB15>50,'(Linked) Hazard Risk Number HRN'!$C$36,IF(AB15>25,'(Linked) Hazard Risk Number HRN'!$C$35,IF(AB15>5,'(Linked) Hazard Risk Number HRN'!$C$34,IF(AB15>0,'(Linked) Hazard Risk Number HRN'!$C$33,"")))))) -> Insignificante | AC13: Detección de presencia: Añadir cortina de luz | AE13: Insignificante: Sin primeros auxilios; rasguño o moretón. | AF13: =IF(ISBLANK(AE13),"",VLOOKUP(AE13,'(Linked) Hazard Risk Number HRN'!$B$6:$C$13,2,FALSE)) -> 0.1 | AG13: =IF(AG15="","",IF(AG15>500,'(Linked) Hazard Risk Number HRN'!$C$37,IF(AG15>50,'(Linked) Hazard Risk Number HRN'!$C$36,IF(AG15>25,'(Linked) Hazard Risk Number HRN'!$C$35,IF(AG15>5,'(Linked) Hazard Risk Number HRN'!$C$34,IF(AG15>0,'(Linked) Hazard Risk Number HRN'!$C$33,"")))))) -> Insignificante
K14: Semanal | L14: =IF(ISBLANK(K14),"",VLOOKUP(K14,'(Linked) Hazard Risk Number HRN'!$B$16:$C$26,2,FALSE)) -> 1.5 | N14: Evento de baja o muy baja velocidad ej. <250 mm/s, tiempo para el peligro ≥3s y/o tiempo suficiente para escapar | O14: =IF(ISBLANK(N14),"",VLOOKUP(N14,'(Linked) PLr Probability Factor'!$B$12:$C$14,2,FALSE)) -> A | P14: B | Q14: =COUNTIF((O13:O17), "B") -> 0 | R14: =Q14 -> 0 | S14: =IF(ISBLANK(K14),"",IF(L14<5,"F1","F2")) -> F1 | V14: Semanal | W14: =IF(ISBLANK(V14),"",VLOOKUP(V14,'(Linked) Hazard Risk Number HRN'!$B$16:$C$26,2,FALSE)) -> 1.5 | Z14: Semanal | AA14: =IF(ISBLANK(Z14),"",VLOOKUP(Z14,'(Linked) Hazard Risk Number HRN'!$B$16:$C$26,2,FALSE)) -> 1.5 | AE14: Semanal | AF14: =IF(ISBLANK(AE14),"",VLOOKUP(AE14,'(Linked) Hazard Risk Number HRN'!$B$16:$C$26,2,FALSE)) -> 1.5
K15: Muy probable, es de esperarse | L15: =IF(ISBLANK(K15),"",VLOOKUP(K15,'(Linked) Hazard Risk Number HRN'!$D$6:$E$14,2,FALSE)) -> 10 | M15: =IF(OR(ISBLANK(K13),ISBLANK(K14),ISBLANK(K15),ISBLANK(K16)),"",L13*L14*L15*L16) -> 60 | N15: Facilmente posible posible en el 50% o mas de los casos | O15: =IF(ISBLANK(N15),"",VLOOKUP(N15,'(Linked) PLr Probability Factor'!$B$17:$C$20,2,FALSE)) -> A | P15: A | Q15: =COUNTIF((O13:O17), "A") -> 5 | R15: =Q15 -> 5 | T15: {=IF(OR(ISBLANK(K13),ISBLANK(K14),ISBLANK(N14),ISBLANK(N15),ISBLANK(N16)),"",INDEX(INDEX('(Linked) PLr Probability Factor'!C$33:$F$44,0,4),MATCH(S13&S14&S17,INDEX('(Linked) PLr Probability Factor'!C$33:$F$44,0,1)&INDEX('(Linked) PLr Probability Factor'!C$33:$F$44,0,2)&INDEX('(Linked) PLr Probability Factor'!C$33:$F$44,0,3),0)))} -> PLc | V15: Casi imposible, posible solo bajo circunstancias extremas | W15: =IF(ISBLANK(V15),"",VLOOKUP(V15,'(Linked) Hazard Risk Number HRN'!$D$6:$E$14,2,FALSE)) -> 0.033 | X15: =IF(OR(ISBLANK(V13),ISBLANK(V14),ISBLANK(V15),ISBLANK(V16)),"",W13*W14*W15*W16) -> 0.00495 | Z15: Casi imposible, posible solo bajo circunstancias extremas | AA15: =IF(ISBLANK(Z15),"",VLOOKUP(Z15,'(Linked) Hazard Risk Number HRN'!$D$6:$E$14,2,FALSE)) -> 0.033 | AB15: =IF(OR(ISBLANK(Z13),ISBLANK(Z14),ISBLANK(Z15),ISBLANK(Z16)),"",AA13*AA14*AA15*AA16) -> 0.00495 | AE15: Casi imposible, posible solo bajo circunstancias extremas | AF15: =IF(ISBLANK(AE15),"",VLOOKUP(AE15,'(Linked) Hazard Risk Number HRN'!$D$6:$E$14,2,FALSE)) -> 0.033 | AG15: =IF(OR(ISBLANK(AE13),ISBLANK(AE14),ISBLANK(AE15),ISBLANK(AE16)),"",AF13*AF14*AF15*AF16) -> 0.00495
K16: 1 a 2 personas | L16: =IF(ISBLANK(K16),"",VLOOKUP(K16,'(Linked) Hazard Risk Number HRN'!$D$17:$E$22,2,FALSE)) -> 1 | N16: Facil reconocimiento del peligro posible en el 50% o mas de los casos | O16: =IF(ISBLANK(N16),"",VLOOKUP(N16,'(Linked) PLr Probability Factor'!$B$23:$C$26,2,FALSE)) -> A | P16: Total | Q16: =SUM(R13:R15) -> 5 | R16: =Q16 -> 5 | V16: 1 a 2 personas | W16: =IF(ISBLANK(V16),"",VLOOKUP(V16,'(Linked) Hazard Risk Number HRN'!$D$17:$E$22,2,FALSE)) -> 1 | Z16: 1 a 2 personas | AA16: =IF(ISBLANK(Z16),"",VLOOKUP(Z16,'(Linked) Hazard Risk Number HRN'!$D$17:$E$22,2,FALSE)) -> 1 | AE16: 1 a 2 personas | AF16: =IF(ISBLANK(AE16),"",VLOOKUP(AE16,'(Linked) Hazard Risk Number HRN'!$D$17:$E$22,2,FALSE)) -> 1
N17: Baja complejidad ej, ajustar las abrazaderas de sujeción de la pieza de trabajo, o Interacción de muy baja complejidad o sin interacción ej, colocar una pieza de trabajo dentro de la máquina | O17: =IF(ISBLANK(N17),"",VLOOKUP(N17,'(Linked) PLr Probability Factor'!$B$29:$C$32,2,FALSE)) -> A | S17: =IF(OR(ISBLANK(N14),ISBLANK(N15),ISBLANK(N16)),"",IF(R13>0,"P2",IF(AND(R13=0,R14>2),"P2",IF(AND(R13=0,R14=2),"P2",IF(AND(R13=0,AND(R14<2,R15>1)),"P1"," "))))) -> P1
A18: | | B18: 3 | C18: Operación normal | D18: Mecánica: transmisión; pinchazo/aplastamiento/enredamiento. | G18: X | H18: X | K18: Moderado: Atención médica significativa como laceración severa y fisioterapia. Labores restringidas por menos de 2 semanas. | L18: =IF(ISBLANK(K18),"",VLOOKUP(K18,'(Linked) Hazard Risk Number HRN'!$B$6:$C$13,2,FALSE)) -> 4 | M18: =IF(M20="","",IF(M20>500,'(Linked) Hazard Risk Number HRN'!$C$37,IF(M20>50,'(Linked) Hazard Risk Number HRN'!$C$36,IF(M20>25,'(Linked) Hazard Risk Number HRN'!$C$35,IF(M20>5,'(Linked) Hazard Risk Number HRN'!$C$34,IF(M20>0,'(Linked) Hazard Risk Number HRN'!$C$33,"")))))) -> Riesgo Alto | N18: Persona calificada | O18: =IF(ISBLANK(N18),"",VLOOKUP(N18,'(Linked) PLr Probability Factor'!$B$7:$C$8,2,FALSE)) -> A | P18: C | Q18: =COUNTIF((O18:O22), "C") -> 0 | R18: =Q18 -> 0 | S18: =IF(ISBLANK(K18),"",IF(L18<2,"S1","S2")) -> S2 | U18: Detección de presencia: Añadir cortina de luz | V18: Insignificante: Sin primeros auxilios; rasguño o moretón. | W18: =IF(ISBLANK(V18),"",VLOOKUP(V18,'(Linked) Hazard Risk Number HRN'!$B$6:$C$13,2,FALSE)) -> 0.1 | X18: =IF(X20="","",IF(X20>500,'(Linked) Hazard Risk Number HRN'!$C$37,IF(X20>50,'(Linked) Hazard Risk Number HRN'!$C$36,IF(X20>25,'(Linked) Hazard Risk Number HRN'!$C$35,IF(X20>5,'(Linked) Hazard Risk Number HRN'!$C$34,IF(X20>0,'(Linked) Hazard Risk Number HRN'!$C$33,"")))))) -> Insignificante | Y18: Mantenimiento: Procedimiento/SOP/LOTO | Z18: Insignificante: Sin primeros auxilios; rasguño o moretón. | AA18: =IF(ISBLANK(Z18),"",VLOOKUP(Z18,'(Linked) Hazard Risk Number HRN'!$B$6:$C$13,2,FALSE)) -> 0.1 | AB18: =IF(AB20="","",IF(AB20>500,'(Linked) Hazard Risk Number HRN'!$C$37,IF(AB20>50,'(Linked) Hazard Risk Number HRN'!$C$36,IF(AB20>25,'(Linked) Hazard Risk Number HRN'!$C$35,IF(AB20>5,'(Linked) Hazard Risk Number HRN'!$C$34,IF(AB20>0,'(Linked) Hazard Risk Number HRN'!$C$33,"")))))) -> Insignificante | AC18: Detección de presencia: Añadir cortina de luz | AE18: Insignificante: Sin primeros auxilios; rasguño o moretón. | AF18: =IF(ISBLANK(AE18),"",VLOOKUP(AE18,'(Linked) Hazard Risk Number HRN'!$B$6:$C$13,2,FALSE)) -> 0.1 | AG18: =IF(AG20="","",IF(AG20>500,'(Linked) Hazard Risk Number HRN'!$C$37,IF(AG20>50,'(Linked) Hazard Risk Number HRN'!$C$36,IF(AG20>25,'(Linked) Hazard Risk Number HRN'!$C$35,IF(AG20>5,'(Linked) Hazard Risk Number HRN'!$C$34,IF(AG20>0,'(Linked) Hazard Risk Number HRN'!$C$33,"")))))) -> Insignificante
K19: De manera constante o más de una vez cada 15 minutos. | L19: =IF(ISBLANK(K19),"",VLOOKUP(K19,'(Linked) Hazard Risk Number HRN'!$B$16:$C$26,2,FALSE)) -> 5 | N19: Evento de baja o muy baja velocidad ej. <250 mm/s, tiempo para el peligro ≥3s y/o tiempo suficiente para escapar | O19: =IF(ISBLANK(N19),"",VLOOKUP(N19,'(Linked) PLr Probability Factor'!$B$12:$C$14,2,FALSE)) -> A | P19: B | Q19: =COUNTIF((O18:O22), "B") -> 0 | R19: =Q19 -> 0 | S19: =IF(ISBLANK(K19),"",IF(L19<5,"F1","F2")) -> F2 | V19: De manera constante o más de una vez cada 15 minutos. | W19: =IF(ISBLANK(V19),"",VLOOKUP(V19,'(Linked) Hazard Risk Number HRN'!$B$16:$C$26,2,FALSE)) -> 5 | Z19: De manera constante o más de una vez cada 15 minutos. | AA19: =IF(ISBLANK(Z19),"",VLOOKUP(Z19,'(Linked) Hazard Risk Number HRN'!$B$16:$C$26,2,FALSE)) -> 5 | AE19: De manera constante o más de una vez cada 15 minutos. | AF19: =IF(ISBLANK(AE19),"",VLOOKUP(AE19,'(Linked) Hazard Risk Number HRN'!$B$16:$C$26,2,FALSE)) -> 5
K20: Muy probable, es de esperarse | L20: =IF(ISBLANK(K20),"",VLOOKUP(K20,'(Linked) Hazard Risk Number HRN'!$D$6:$E$14,2,FALSE)) -> 10 | M20: =IF(OR(ISBLANK(K18),ISBLANK(K19),ISBLANK(K20),ISBLANK(K21)),"",L18*L19*L20*L21) -> 200 | N20: Facilmente posible posible en el 50% o mas de los casos | O20: =IF(ISBLANK(N20),"",VLOOKUP(N20,'(Linked) PLr Probability Factor'!$B$17:$C$20,2,FALSE)) -> A | P20: A | Q20: =COUNTIF((O18:O22), "A") -> 5 | R20: =Q20 -> 5 | T20: {=IF(OR(ISBLANK(K18),ISBLANK(K19),ISBLANK(N19),ISBLANK(N20),ISBLANK(N21)),"",INDEX(INDEX('(Linked) PLr Probability Factor'!C$33:$F$44,0,4),MATCH(S18&S19&S22,INDEX('(Linked) PLr Probability Factor'!C$33:$F$44,0,1)&INDEX('(Linked) PLr Probability Factor'!C$33:$F$44,0,2)&INDEX('(Linked) PLr Probability Factor'!C$33:$F$44,0,3),0)))} -> PLd | V20: Casi imposible, posible solo bajo circunstancias extremas | W20: =IF(ISBLANK(V20),"",VLOOKUP(V20,'(Linked) Hazard Risk Number HRN'!$D$6:$E$14,2,FALSE)) -> 0.033 | X20: =IF(OR(ISBLANK(V18),ISBLANK(V19),ISBLANK(V20),ISBLANK(V21)),"",W18*W19*W20*W21) -> 0.0165 | Z20: Casi imposible, posible solo bajo circunstancias extremas | AA20: =IF(ISBLANK(Z20),"",VLOOKUP(Z20,'(Linked) Hazard Risk Number HRN'!$D$6:$E$14,2,FALSE)) -> 0.033 | AB20: =IF(OR(ISBLANK(Z18),ISBLANK(Z19),ISBLANK(Z20),ISBLANK(Z21)),"",AA18*AA19*AA20*AA21) -> 0.0165 | AE20: Casi imposible, posible solo bajo circunstancias extremas | AF20: =IF(ISBLANK(AE20),"",VLOOKUP(AE20,'(Linked) Hazard Risk Number HRN'!$D$6:$E$14,2,FALSE)) -> 0.033 | AG20: =IF(OR(ISBLANK(AE18),ISBLANK(AE19),ISBLANK(AE20),ISBLANK(AE21)),"",AF18*AF19*AF20*AF21) -> 0.0165
K21: 1 a 2 personas | L21: =IF(ISBLANK(K21),"",VLOOKUP(K21,'(Linked) Hazard Risk Number HRN'!$D$17:$E$22,2,FALSE)) -> 1 | N21: Facil reconocimiento del peligro posible en el 50% o mas de los casos | O21: =IF(ISBLANK(N21),"",VLOOKUP(N21,'(Linked) PLr Probability Factor'!$B$23:$C$26,2,FALSE)) -> A | P21: Total | Q21: =SUM(R18:R20) -> 5 | R21: =Q21 -> 5 | V21: 1 a 2 personas | W21: =IF(ISBLANK(V21),"",VLOOKUP(V21,'(Linked) Hazard Risk Number HRN'!$D$17:$E$22,2,FALSE)) -> 1 | Z21: 1 a 2 personas | AA21: =IF(ISBLANK(Z21),"",VLOOKUP(Z21,'(Linked) Hazard Risk Number HRN'!$D$17:$E$22,2,FALSE)) -> 1 | AE21: 1 a 2 personas | AF21: =IF(ISBLANK(AE21),"",VLOOKUP(AE21,'(Linked) Hazard Risk Number HRN'!$D$17:$E$22,2,FALSE)) -> 1
N22: Baja complejidad ej, ajustar las abrazaderas de sujeción de la pieza de trabajo, o Interacción de muy baja complejidad o sin interacción ej, colocar una pieza de trabajo dentro de la máquina | O22: =IF(ISBLANK(N22),"",VLOOKUP(N22,'(Linked) PLr Probability Factor'!$B$29:$C$32,2,FALSE)) -> A | S22: =IF(OR(ISBLANK(N19),ISBLANK(N20),ISBLANK(N21)),"",IF(R18>0,"P2",IF(AND(R18=0,R19>2),"P2",IF(AND(R18=0,R19=2),"P2",IF(AND(R18=0,AND(R19<2,R20>1)),"P1"," "))))) -> P1
B23: 4 | C23: Mantenimiento preventivo | D23: Sistema de control: ciclo automático/arranque inesperado | H23: X | K23: Moderado: Atención médica significativa como laceración severa y fisioterapia. Labores restringidas por menos de 2 semanas. | L23: =IF(ISBLANK(K23),"",VLOOKUP(K23,'(Linked) Hazard Risk Number HRN'!$B$6:$C$13,2,FALSE)) -> 4 | M23: =IF(M25="","",IF(M25>500,'(Linked) Hazard Risk Number HRN'!$C$37,IF(M25>50,'(Linked) Hazard Risk Number HRN'!$C$36,IF(M25>25,'(Linked) Hazard Risk Number HRN'!$C$35,IF(M25>5,'(Linked) Hazard Risk Number HRN'!$C$34,IF(M25>0,'(Linked) Hazard Risk Number HRN'!$C$33,"")))))) -> Riesgo Alto | N23: Persona calificada | O23: =IF(ISBLANK(N23),"",VLOOKUP(N23,'(Linked) PLr Probability Factor'!$B$7:$C$8,2,FALSE)) -> A | P23: C | Q23: =COUNTIF((O23:O27), "C") -> 0 | R23: =Q23 -> 0 | S23: =IF(ISBLANK(K23),"",IF(L23<2,"S1","S2")) -> S2 | U23: Detección de presencia: Añadir cortina de luz | V23: Insignificante: Sin primeros auxilios; rasguño o moretón. | W23: =IF(ISBLANK(V23),"",VLOOKUP(V23,'(Linked) Hazard Risk Number HRN'!$B$6:$C$13,2,FALSE)) -> 0.1 | X23: =IF(X25="","",IF(X25>500,'(Linked) Hazard Risk Number HRN'!$C$37,IF(X25>50,'(Linked) Hazard Risk Number HRN'!$C$36,IF(X25>25,'(Linked) Hazard Risk Number HRN'!$C$35,IF(X25>5,'(Linked) Hazard Risk Number HRN'!$C$34,IF(X25>0,'(Linked) Hazard Risk Number HRN'!$C$33,"")))))) -> Insignificante | Y23: Mantenimiento: Procedimiento/SOP/LOTO | Z23: Insignificante: Sin primeros auxilios; rasguño o moretón. | AA23: =IF(ISBLANK(Z23),"",VLOOKUP(Z23,'(Linked) Hazard Risk Number HRN'!$B$6:$C$13,2,FALSE)) -> 0.1 | AB23: =IF(AB25="","",IF(AB25>500,'(Linked) Hazard Risk Number HRN'!$C$37,IF(AB25>50,'(Linked) Hazard Risk Number HRN'!$C$36,IF(AB25>25,'(Linked) Hazard Risk Number HRN'!$C$35,IF(AB25>5,'(Linked) Hazard Risk Number HRN'!$C$34,IF(AB25>0,'(Linked) Hazard Risk Number HRN'!$C$33,"")))))) -> Insignificante | AC23: Detección de presencia: Añadir cortina de luz | AE23: Insignificante: Sin primeros auxilios; rasguño o moretón. | AF23: =IF(ISBLANK(AE23),"",VLOOKUP(AE23,'(Linked) Hazard Risk Number HRN'!$B$6:$C$13,2,FALSE)) -> 0.1 | AG23: =IF(AG25="","",IF(AG25>500,'(Linked) Hazard Risk Number HRN'!$C$37,IF(AG25>50,'(Linked) Hazard Risk Number HRN'!$C$36,IF(AG25>25,'(Linked) Hazard Risk Number HRN'!$C$35,IF(AG25>5,'(Linked) Hazard Risk Number HRN'!$C$34,IF(AG25>0,'(Linked) Hazard Risk Number HRN'!$C$33,"")))))) -> Insignificante
K24: Semanal | L24: =IF(ISBLANK(K24),"",VLOOKUP(K24,'(Linked) Hazard Risk Number HRN'!$B$16:$C$26,2,FALSE)) -> 1.5 | N24: Evento de baja o muy baja velocidad ej. <250 mm/s, tiempo para el peligro ≥3s y/o tiempo suficiente para escapar | O24: =IF(ISBLANK(N24),"",VLOOKUP(N24,'(Linked) PLr Probability Factor'!$B$12:$C$14,2,FALSE)) -> A | P24: B | Q24: =COUNTIF((O23:O27), "B") -> 0 | R24: =Q24 -> 0 | S24: =IF(ISBLANK(K24),"",IF(L24<5,"F1","F2")) -> F1 | V24: Semanal | W24: =IF(ISBLANK(V24),"",VLOOKUP(V24,'(Linked) Hazard Risk Number HRN'!$B$16:$C$26,2,FALSE)) -> 1.5 | Z24: Semanal | AA24: =IF(ISBLANK(Z24),"",VLOOKUP(Z24,'(Linked) Hazard Risk Number HRN'!$B$16:$C$26,2,FALSE)) -> 1.5 | AE24: Semanal | AF24: =IF(ISBLANK(AE24),"",VLOOKUP(AE24,'(Linked) Hazard Risk Number HRN'!$B$16:$C$26,2,FALSE)) -> 1.5
K25: Muy probable, es de esperarse | L25: =IF(ISBLANK(K25),"",VLOOKUP(K25,'(Linked) Hazard Risk Number HRN'!$D$6:$E$14,2,FALSE)) -> 10 | M25: =IF(OR(ISBLANK(K23),ISBLANK(K24),ISBLANK(K25),ISBLANK(K26)),"",L23*L24*L25*L26) -> 60 | N25: Facilmente posible posible en el 50% o mas de los casos | O25: =IF(ISBLANK(N25),"",VLOOKUP(N25,'(Linked) PLr Probability Factor'!$B$17:$C$20,2,FALSE)) -> A | P25: A | Q25: =COUNTIF((O23:O27), "A") -> 5 | R25: =Q25 -> 5 | T25: {=IF(OR(ISBLANK(K23),ISBLANK(K24),ISBLANK(N24),ISBLANK(N25),ISBLANK(N26)),"",INDEX(INDEX('(Linked) PLr Probability Factor'!C$33:$F$44,0,4),MATCH(S23&S24&S27,INDEX('(Linked) PLr Probability Factor'!C$33:$F$44,0,1)&INDEX('(Linked) PLr Probability Factor'!C$33:$F$44,0,2)&INDEX('(Linked) PLr Probability Factor'!C$33:$F$44,0,3),0)))} -> PLc | V25: Casi imposible, posible solo bajo circunstancias extremas | W25: =IF(ISBLANK(V25),"",VLOOKUP(V25,'(Linked) Hazard Risk Number HRN'!$D$6:$E$14,2,FALSE)) -> 0.033 | X25: =IF(OR(ISBLANK(V23),ISBLANK(V24),ISBLANK(V25),ISBLANK(V26)),"",W23*W24*W25*W26) -> 0.00495 | Z25: Casi imposible, posible solo bajo circunstancias extremas | AA25: =IF(ISBLANK(Z25),"",VLOOKUP(Z25,'(Linked) Hazard Risk Number HRN'!$D$6:$E$14,2,FALSE)) -> 0.033 | AB25: =IF(OR(ISBLANK(Z23),ISBLANK(Z24),ISBLANK(Z25),ISBLANK(Z26)),"",AA23*AA24*AA25*AA26) -> 0.00495 | AE25: Casi imposible, posible solo bajo circunstancias extremas | AF25: =IF(ISBLANK(AE25),"",VLOOKUP(AE25,'(Linked) Hazard Risk Number HRN'!$D$6:$E$14,2,FALSE)) -> 0.033 | AG25: =IF(OR(ISBLANK(AE23),ISBLANK(AE24),ISBLANK(AE25),ISBLANK(AE26)),"",AF23*AF24*AF25*AF26) -> 0.00495
K26: 1 a 2 personas | L26: =IF(ISBLANK(K26),"",VLOOKUP(K26,'(Linked) Hazard Risk Number HRN'!$D$17:$E$22,2,FALSE)) -> 1 | N26: Facil reconocimiento del peligro posible en el 50% o mas de los casos | O26: =IF(ISBLANK(N26),"",VLOOKUP(N26,'(Linked) PLr Probability Factor'!$B$23:$C$26,2,FALSE)) -> A | P26: Total | Q26: =SUM(R23:R25) -> 5 | R26: =Q26 -> 5 | V26: 1 a 2 personas | W26: =IF(ISBLANK(V26),"",VLOOKUP(V26,'(Linked) Hazard Risk Number HRN'!$D$17:$E$22,2,FALSE)) -> 1 | Z26: 1 a 2 personas | AA26: =IF(ISBLANK(Z26),"",VLOOKUP(Z26,'(Linked) Hazard Risk Number HRN'!$D$17:$E$22,2,FALSE)) -> 1 | AE26: 1 a 2 personas | AF26: =IF(ISBLANK(AE26),"",VLOOKUP(AE26,'(Linked) Hazard Risk Number HRN'!$D$17:$E$22,2,FALSE)) -> 1
N27: Baja complejidad ej, ajustar las abrazaderas de sujeción de la pieza de trabajo, o Interacción de muy baja complejidad o sin interacción ej, colocar una pieza de trabajo dentro de la máquina | O27: =IF(ISBLANK(N27),"",VLOOKUP(N27,'(Linked) PLr Probability Factor'!$B$29:$C$32,2,FALSE)) -> A | S27: =IF(OR(ISBLANK(N24),ISBLANK(N25),ISBLANK(N26)),"",IF(R23>0,"P2",IF(AND(R23=0,R24>2),"P2",IF(AND(R23=0,R24=2),"P2",IF(AND(R23=0,AND(R24<2,R25>1)),"P1"," "))))) -> P1
B28: 5 | C28: Operación normal | D28: Sistema de control: ciclo automático/arranque inesperado | H28: X | K28: Mayor: Lesión grave, fractura ósea o cirugía general; incapacidad laboral documentada. Labores restringidas por más de 2 semanas y menos de 6 meses. | L28: =IF(ISBLANK(K28),"",VLOOKUP(K28,'(Linked) Hazard Risk Number HRN'!$B$6:$C$13,2,FALSE)) -> 6 | M28: =IF(M30="","",IF(M30>500,'(Linked) Hazard Risk Number HRN'!$C$37,IF(M30>50,'(Linked) Hazard Risk Number HRN'!$C$36,IF(M30>25,'(Linked) Hazard Risk Number HRN'!$C$35,IF(M30>5,'(Linked) Hazard Risk Number HRN'!$C$34,IF(M30>0,'(Linked) Hazard Risk Number HRN'!$C$33,"")))))) -> Riesgo Alto | N28: Persona calificada | O28: =IF(ISBLANK(N28),"",VLOOKUP(N28,'(Linked) PLr Probability Factor'!$B$7:$C$8,2,FALSE)) -> A | P28: C | Q28: =COUNTIF((O28:O32), "C") -> 1 | R28: =Q28 -> 1 | S28: =IF(ISBLANK(K28),"",IF(L28<2,"S1","S2")) -> S2 | U28: Protección/puerta móvil: Añadir nueva, con Interlocked | V28: Insignificante: Sin primeros auxilios; rasguño o moretón. | W28: =IF(ISBLANK(V28),"",VLOOKUP(V28,'(Linked) Hazard Risk Number HRN'!$B$6:$C$13,2,FALSE)) -> 0.1 | X28: =IF(X30="","",IF(X30>500,'(Linked) Hazard Risk Number HRN'!$C$37,IF(X30>50,'(Linked) Hazard Risk Number HRN'!$C$36,IF(X30>25,'(Linked) Hazard Risk Number HRN'!$C$35,IF(X30>5,'(Linked) Hazard Risk Number HRN'!$C$34,IF(X30>0,'(Linked) Hazard Risk Number HRN'!$C$33,"")))))) -> Insignificante | Y28: Mantenimiento: Procedimiento/SOP/LOTO | Z28: Insignificante: Sin primeros auxilios; rasguño o moretón. | AA28: =IF(ISBLANK(Z28),"",VLOOKUP(Z28,'(Linked) Hazard Risk Number HRN'!$B$6:$C$13,2,FALSE)) -> 0.1 | AB28: =IF(AB30="","",IF(AB30>500,'(Linked) Hazard Risk Number HRN'!$C$37,IF(AB30>50,'(Linked) Hazard Risk Number HRN'!$C$36,IF(AB30>25,'(Linked) Hazard Risk Number HRN'!$C$35,IF(AB30>5,'(Linked) Hazard Risk Number HRN'!$C$34,IF(AB30>0,'(Linked) Hazard Risk Number HRN'!$C$33,"")))))) -> Insignificante | AC28: Detección de presencia: Añadir cortina de luz | AE28: Insignificante: Sin primeros auxilios; rasguño o moretón. | AF28: =IF(ISBLANK(AE28),"",VLOOKUP(AE28,'(Linked) Hazard Risk Number HRN'!$B$6:$C$13,2,FALSE)) -> 0.1 | AG28: =IF(AG30="","",IF(AG30>500,'(Linked) Hazard Risk Number HRN'!$C$37,IF(AG30>50,'(Linked) Hazard Risk Number HRN'!$C$36,IF(AG30>25,'(Linked) Hazard Risk Number HRN'!$C$35,IF(AG30>5,'(Linked) Hazard Risk Number HRN'!$C$34,IF(AG30>0,'(Linked) Hazard Risk Number HRN'!$C$33,"")))))) -> Insignificante
K29: De manera constante o más de una vez cada 15 minutos. | L29: =IF(ISBLANK(K29),"",VLOOKUP(K29,'(Linked) Hazard Risk Number HRN'!$B$16:$C$26,2,FALSE)) -> 5 | N29: Evento de baja o muy baja velocidad ej. <250 mm/s, tiempo para el peligro ≥3s y/o tiempo suficiente para escapar | O29: =IF(ISBLANK(N29),"",VLOOKUP(N29,'(Linked) PLr Probability Factor'!$B$12:$C$14,2,FALSE)) -> A | P29: B | Q29: =COUNTIF((O28:O32), "B") -> 1 | R29: =Q29 -> 1 | S29: =IF(ISBLANK(K29),"",IF(L29<5,"F1","F2")) -> F2 | V29: De manera constante o más de una vez cada 15 minutos. | W29: =IF(ISBLANK(V29),"",VLOOKUP(V29,'(Linked) Hazard Risk Number HRN'!$B$16:$C$26,2,FALSE)) -> 5 | Z29: De manera constante o más de una vez cada 15 minutos. | AA29: =IF(ISBLANK(Z29),"",VLOOKUP(Z29,'(Linked) Hazard Risk Number HRN'!$B$16:$C$26,2,FALSE)) -> 5 | AE29: De manera constante o más de una vez cada 15 minutos. | AF29: =IF(ISBLANK(AE29),"",VLOOKUP(AE29,'(Linked) Hazard Risk Number HRN'!$B$16:$C$26,2,FALSE)) -> 5
K30: Muy probable, es de esperarse | L30: =IF(ISBLANK(K30),"",VLOOKUP(K30,'(Linked) Hazard Risk Number HRN'!$D$6:$E$14,2,FALSE)) -> 10 | M30: =IF(OR(ISBLANK(K28),ISBLANK(K29),ISBLANK(K30),ISBLANK(K31)),"",L28*L29*L30*L31) -> 300 | N30: Imposible | O30: =IF(ISBLANK(N30),"",VLOOKUP(N30,'(Linked) PLr Probability Factor'!$B$17:$C$20,2,FALSE)) -> C | P30: A | Q30: =COUNTIF((O28:O32), "A") -> 3 | R30: =Q30 -> 3 | T30: {=IF(OR(ISBLANK(K28),ISBLANK(K29),ISBLANK(N29),ISBLANK(N30),ISBLANK(N31)),"",INDEX(INDEX('(Linked) PLr Probability Factor'!C$33:$F$44,0,4),MATCH(S28&S29&S32,INDEX('(Linked) PLr Probability Factor'!C$33:$F$44,0,1)&INDEX('(Linked) PLr Probability Factor'!C$33:$F$44,0,2)&INDEX('(Linked) PLr Probability Factor'!C$33:$F$44,0,3),0)))} -> PLe | V30: Casi imposible, posible solo bajo circunstancias extremas | W30: =IF(ISBLANK(V30),"",VLOOKUP(V30,'(Linked) Hazard Risk Number HRN'!$D$6:$E$14,2,FALSE)) -> 0.033 | X30: =IF(OR(ISBLANK(V28),ISBLANK(V29),ISBLANK(V30),ISBLANK(V31)),"",W28*W29*W30*W31) -> 0.0165 | Z30: Casi imposible, posible solo bajo circunstancias extremas | AA30: =IF(ISBLANK(Z30),"",VLOOKUP(Z30,'(Linked) Hazard Risk Number HRN'!$D$6:$E$14,2,FALSE)) -> 0.033 | AB30: =IF(OR(ISBLANK(Z28),ISBLANK(Z29),ISBLANK(Z30),ISBLANK(Z31)),"",AA28*AA29*AA30*AA31) -> 0.0165 | AE30: Casi imposible, posible solo bajo circunstancias extremas | AF30: =IF(ISBLANK(AE30),"",VLOOKUP(AE30,'(Linked) Hazard Risk Number HRN'!$D$6:$E$14,2,FALSE)) -> 0.033 | AG30: =IF(OR(ISBLANK(AE28),ISBLANK(AE29),ISBLANK(AE30),ISBLANK(AE31)),"",AF28*AF29*AF30*AF31) -> 0.0165
K31: 1 a 2 personas | L31: =IF(ISBLANK(K31),"",VLOOKUP(K31,'(Linked) Hazard Risk Number HRN'!$D$17:$E$22,2,FALSE)) -> 1 | N31: Facil reconocimiento del peligro posible en el 50% o mas de los casos | O31: =IF(ISBLANK(N31),"",VLOOKUP(N31,'(Linked) PLr Probability Factor'!$B$23:$C$26,2,FALSE)) -> A | P31: Total | Q31: =SUM(R28:R30) -> 5 | R31: =Q31 -> 5 | V31: 1 a 2 personas | W31: =IF(ISBLANK(V31),"",VLOOKUP(V31,'(Linked) Hazard Risk Number HRN'!$D$17:$E$22,2,FALSE)) -> 1 | Z31: 1 a 2 personas | AA31: =IF(ISBLANK(Z31),"",VLOOKUP(Z31,'(Linked) Hazard Risk Number HRN'!$D$17:$E$22,2,FALSE)) -> 1 | AE31: 1 a 2 personas | AF31: =IF(ISBLANK(AE31),"",VLOOKUP(AE31,'(Linked) Hazard Risk Number HRN'!$D$17:$E$22,2,FALSE)) -> 1
N32: Media a alta complejidad ej. (hold‑to‑run) para el ajuste o configuración de una parte de la máquina. | O32: =IF(ISBLANK(N32),"",VLOOKUP(N32,'(Linked) PLr Probability Factor'!$B$29:$C$32,2,FALSE)) -> B | S32: =IF(OR(ISBLANK(N29),ISBLANK(N30),ISBLANK(N31)),"",IF(R28>0,"P2",IF(AND(R28=0,R29>2),"P2",IF(AND(R28=0,R29=2),"P2",IF(AND(R28=0,AND(R29<2,R30>1)),"P1"," "))))) -> P2
B33: 6 | C33: Mantenimiento preventivo | D33: Sistema de control: ciclo automático/arranque inesperado | H33: X | K33: Mayor: Lesión grave, fractura ósea o cirugía general; incapacidad laboral documentada. Labores restringidas por más de 2 semanas y menos de 6 meses. | L33: =IF(ISBLANK(K33),"",VLOOKUP(K33,'(Linked) Hazard Risk Number HRN'!$B$6:$C$13,2,FALSE)) -> 6 | M33: =IF(M35="","",IF(M35>500,'(Linked) Hazard Risk Number HRN'!$C$37,IF(M35>50,'(Linked) Hazard Risk Number HRN'!$C$36,IF(M35>25,'(Linked) Hazard Risk Number HRN'!$C$35,IF(M35>5,'(Linked) Hazard Risk Number HRN'!$C$34,IF(M35>0,'(Linked) Hazard Risk Number HRN'!$C$33,"")))))) -> Riesgo Alto | N33: Persona calificada | O33: =IF(ISBLANK(N33),"",VLOOKUP(N33,'(Linked) PLr Probability Factor'!$B$7:$C$8,2,FALSE)) -> A | P33: C | Q33: =COUNTIF((O33:O37), "C") -> 1 | R33: =Q33 -> 1 | S33: =IF(ISBLANK(K33),"",IF(L33<2,"S1","S2")) -> S2 | U33: Protección/puerta móvil: Añadir nueva, con Interlocked | V33: Insignificante: Sin primeros auxilios; rasguño o moretón. | W33: =IF(ISBLANK(V33),"",VLOOKUP(V33,'(Linked) Hazard Risk Number HRN'!$B$6:$C$13,2,FALSE)) -> 0.1 | X33: =IF(X35="","",IF(X35>500,'(Linked) Hazard Risk Number HRN'!$C$37,IF(X35>50,'(Linked) Hazard Risk Number HRN'!$C$36,IF(X35>25,'(Linked) Hazard Risk Number HRN'!$C$35,IF(X35>5,'(Linked) Hazard Risk Number HRN'!$C$34,IF(X35>0,'(Linked) Hazard Risk Number HRN'!$C$33,"")))))) -> Insignificante | Y33: Mantenimiento: Procedimiento/SOP/LOTO | Z33: Insignificante: Sin primeros auxilios; rasguño o moretón. | AA33: =IF(ISBLANK(Z33),"",VLOOKUP(Z33,'(Linked) Hazard Risk Number HRN'!$B$6:$C$13,2,FALSE)) -> 0.1 | AB33: =IF(AB35="","",IF(AB35>500,'(Linked) Hazard Risk Number HRN'!$C$37,IF(AB35>50,'(Linked) Hazard Risk Number HRN'!$C$36,IF(AB35>25,'(Linked) Hazard Risk Number HRN'!$C$35,IF(AB35>5,'(Linked) Hazard Risk Number HRN'!$C$34,IF(AB35>0,'(Linked) Hazard Risk Number HRN'!$C$33,"")))))) -> Insignificante | AC33: Detección de presencia: Añadir cortina de luz | AE33: Insignificante: Sin primeros auxilios; rasguño o moretón. | AF33: =IF(ISBLANK(AE33),"",VLOOKUP(AE33,'(Linked) Hazard Risk Number HRN'!$B$6:$C$13,2,FALSE)) -> 0.1 | AG33: =IF(AG35="","",IF(AG35>500,'(Linked) Hazard Risk Number HRN'!$C$37,IF(AG35>50,'(Linked) Hazard Risk Number HRN'!$C$36,IF(AG35>25,'(Linked) Hazard Risk Number HRN'!$C$35,IF(AG35>5,'(Linked) Hazard Risk Number HRN'!$C$34,IF(AG35>0,'(Linked) Hazard Risk Number HRN'!$C$33,"")))))) -> Insignificante
K34: Semanal | L34: =IF(ISBLANK(K34),"",VLOOKUP(K34,'(Linked) Hazard Risk Number HRN'!$B$16:$C$26,2,FALSE)) -> 1.5 | N34: Evento de baja o muy baja velocidad ej. <250 mm/s, tiempo para el peligro ≥3s y/o tiempo suficiente para escapar | O34: =IF(ISBLANK(N34),"",VLOOKUP(N34,'(Linked) PLr Probability Factor'!$B$12:$C$14,2,FALSE)) -> A | P34: B | Q34: =COUNTIF((O33:O37), "B") -> 1 | R34: =Q34 -> 1 | S34: =IF(ISBLANK(K34),"",IF(L34<5,"F1","F2")) -> F1 | V34: Semanal | W34: =IF(ISBLANK(V34),"",VLOOKUP(V34,'(Linked) Hazard Risk Number HRN'!$B$16:$C$26,2,FALSE)) -> 1.5 | Z34: Semanal | AA34: =IF(ISBLANK(Z34),"",VLOOKUP(Z34,'(Linked) Hazard Risk Number HRN'!$B$16:$C$26,2,FALSE)) -> 1.5 | AE34: Semanal | AF34: =IF(ISBLANK(AE34),"",VLOOKUP(AE34,'(Linked) Hazard Risk Number HRN'!$B$16:$C$26,2,FALSE)) -> 1.5
K35: Muy probable, es de esperarse | L35: =IF(ISBLANK(K35),"",VLOOKUP(K35,'(Linked) Hazard Risk Number HRN'!$D$6:$E$14,2,FALSE)) -> 10 | M35: =IF(OR(ISBLANK(K33),ISBLANK(K34),ISBLANK(K35),ISBLANK(K36)),"",L33*L34*L35*L36) -> 90 | N35: Imposible | O35: =IF(ISBLANK(N35),"",VLOOKUP(N35,'(Linked) PLr Probability Factor'!$B$17:$C$20,2,FALSE)) -> C | P35: A | Q35: =COUNTIF((O33:O37), "A") -> 3 | R35: =Q35 -> 3 | T35: {=IF(OR(ISBLANK(K33),ISBLANK(K34),ISBLANK(N34),ISBLANK(N35),ISBLANK(N36)),"",INDEX(INDEX('(Linked) PLr Probability Factor'!C$33:$F$44,0,4),MATCH(S33&S34&S37,INDEX('(Linked) PLr Probability Factor'!C$33:$F$44,0,1)&INDEX('(Linked) PLr Probability Factor'!C$33:$F$44,0,2)&INDEX('(Linked) PLr Probability Factor'!C$33:$F$44,0,3),0)))} -> PLd | V35: Casi imposible, posible solo bajo circunstancias extremas | W35: =IF(ISBLANK(V35),"",VLOOKUP(V35,'(Linked) Hazard Risk Number HRN'!$D$6:$E$14,2,FALSE)) -> 0.033 | X35: =IF(OR(ISBLANK(V33),ISBLANK(V34),ISBLANK(V35),ISBLANK(V36)),"",W33*W34*W35*W36) -> 0.00495 | Z35: Casi imposible, posible solo bajo circunstancias extremas | AA35: =IF(ISBLANK(Z35),"",VLOOKUP(Z35,'(Linked) Hazard Risk Number HRN'!$D$6:$E$14,2,FALSE)) -> 0.033 | AB35: =IF(OR(ISBLANK(Z33),ISBLANK(Z34),ISBLANK(Z35),ISBLANK(Z36)),"",AA33*AA34*AA35*AA36) -> 0.00495 | AE35: Casi imposible, posible solo bajo circunstancias extremas | AF35: =IF(ISBLANK(AE35),"",VLOOKUP(AE35,'(Linked) Hazard Risk Number HRN'!$D$6:$E$14,2,FALSE)) -> 0.033 | AG35: =IF(OR(ISBLANK(AE33),ISBLANK(AE34),ISBLANK(AE35),ISBLANK(AE36)),"",AF33*AF34*AF35*AF36) -> 0.00495
K36: 1 a 2 personas | L36: =IF(ISBLANK(K36),"",VLOOKUP(K36,'(Linked) Hazard Risk Number HRN'!$D$17:$E$22,2,FALSE)) -> 1 | N36: Facil reconocimiento del peligro posible en el 50% o mas de los casos | O36: =IF(ISBLANK(N36),"",VLOOKUP(N36,'(Linked) PLr Probability Factor'!$B$23:$C$26,2,FALSE)) -> A | P36: Total | Q36: =SUM(R33:R35) -> 5 | R36: =Q36 -> 5 | V36: 1 a 2 personas | W36: =IF(ISBLANK(V36),"",VLOOKUP(V36,'(Linked) Hazard Risk Number HRN'!$D$17:$E$22,2,FALSE)) -> 1 | Z36: 1 a 2 personas | AA36: =IF(ISBLANK(Z36),"",VLOOKUP(Z36,'(Linked) Hazard Risk Number HRN'!$D$17:$E$22,2,FALSE)) -> 1 | AE36: 1 a 2 personas | AF36: =IF(ISBLANK(AE36),"",VLOOKUP(AE36,'(Linked) Hazard Risk Number HRN'!$D$17:$E$22,2,FALSE)) -> 1
N37: Media a alta complejidad ej. (hold‑to‑run) para el ajuste o configuración de una parte de la máquina. | O37: =IF(ISBLANK(N37),"",VLOOKUP(N37,'(Linked) PLr Probability Factor'!$B$29:$C$32,2,FALSE)) -> B | S37: =IF(OR(ISBLANK(N34),ISBLANK(N35),ISBLANK(N36)),"",IF(R33>0,"P2",IF(AND(R33=0,R34>2),"P2",IF(AND(R33=0,R34=2),"P2",IF(AND(R33=0,AND(R34<2,R35>1)),"P1"," "))))) -> P2
B38: 7 | C38: Mantenimiento correctivo/Solución de problemas | D38: Sistema de control: ciclo automático/arranque inesperado | H38: X | K38: Mayor: Lesión grave, fractura ósea o cirugía general; incapacidad laboral documentada. Labores restringidas por más de 2 semanas y menos de 6 meses. | L38: =IF(ISBLANK(K38),"",VLOOKUP(K38,'(Linked) Hazard Risk Number HRN'!$B$6:$C$13,2,FALSE)) -> 6 | M38: =IF(M40="","",IF(M40>500,'(Linked) Hazard Risk Number HRN'!$C$37,IF(M40>50,'(Linked) Hazard Risk Number HRN'!$C$36,IF(M40>25,'(Linked) Hazard Risk Number HRN'!$C$35,IF(M40>5,'(Linked) Hazard Risk Number HRN'!$C$34,IF(M40>0,'(Linked) Hazard Risk Number HRN'!$C$33,"")))))) -> Riesgo Alto | N38: Persona calificada | O38: =IF(ISBLANK(N38),"",VLOOKUP(N38,'(Linked) PLr Probability Factor'!$B$7:$C$8,2,FALSE)) -> A | P38: C | Q38: =COUNTIF((O38:O42), "C") -> 2 | R38: =Q38 -> 2 | S38: =IF(ISBLANK(K38),"",IF(L38<2,"S1","S2")) -> S2 | U38: Protección/puerta móvil: Añadir nueva, con Interlocked | V38: Insignificante: Sin primeros auxilios; rasguño o moretón. | W38: =IF(ISBLANK(V38),"",VLOOKUP(V38,'(Linked) Hazard Risk Number HRN'!$B$6:$C$13,2,FALSE)) -> 0.1 | X38: =IF(X40="","",IF(X40>500,'(Linked) Hazard Risk Number HRN'!$C$37,IF(X40>50,'(Linked) Hazard Risk Number HRN'!$C$36,IF(X40>25,'(Linked) Hazard Risk Number HRN'!$C$35,IF(X40>5,'(Linked) Hazard Risk Number HRN'!$C$34,IF(X40>0,'(Linked) Hazard Risk Number HRN'!$C$33,"")))))) -> Insignificante | Y38: Mantenimiento: Procedimiento/SOP/LOTO | Z38: Insignificante: Sin primeros auxilios; rasguño o moretón. | AA38: =IF(ISBLANK(Z38),"",VLOOKUP(Z38,'(Linked) Hazard Risk Number HRN'!$B$6:$C$13,2,FALSE)) -> 0.1 | AB38: =IF(AB40="","",IF(AB40>500,'(Linked) Hazard Risk Number HRN'!$C$37,IF(AB40>50,'(Linked) Hazard Risk Number HRN'!$C$36,IF(AB40>25,'(Linked) Hazard Risk Number HRN'!$C$35,IF(AB40>5,'(Linked) Hazard Risk Number HRN'!$C$34,IF(AB40>0,'(Linked) Hazard Risk Number HRN'!$C$33,"")))))) -> Insignificante | AC38: Protección/puerta móvil: Añadir nueva, con Interlocked | AE38: Insignificante: Sin primeros auxilios; rasguño o moretón. | AF38: =IF(ISBLANK(AE38),"",VLOOKUP(AE38,'(Linked) Hazard Risk Number HRN'!$B$6:$C$13,2,FALSE)) -> 0.1 | AG38: =IF(AG40="","",IF(AG40>500,'(Linked) Hazard Risk Number HRN'!$C$37,IF(AG40>50,'(Linked) Hazard Risk Number HRN'!$C$36,IF(AG40>25,'(Linked) Hazard Risk Number HRN'!$C$35,IF(AG40>5,'(Linked) Hazard Risk Number HRN'!$C$34,IF(AG40>0,'(Linked) Hazard Risk Number HRN'!$C$33,"")))))) -> Insignificante
K39: Una a varias veces cada 12 horas — Duración total de las tareas ≤ 36 minutos. | L39: =IF(ISBLANK(K39),"",VLOOKUP(K39,'(Linked) Hazard Risk Number HRN'!$B$16:$C$26,2,FALSE)) -> 2.5 | N39: Evento de alta velocidad ej. > 1000 mm/s, tiempo para el peligro <1s y/o Tiempo limitado para escapar | O39: =IF(ISBLANK(N39),"",VLOOKUP(N39,'(Linked) PLr Probability Factor'!$B$12:$C$14,2,FALSE)) -> C | P39: B | Q39: =COUNTIF((O38:O42), "B") -> 1 | R39: =Q39 -> 1 | S39: =IF(ISBLANK(K39),"",IF(L39<5,"F1","F2")) -> F1 | V39: Una a varias veces cada 12 horas — Duración total de las tareas ≤ 36 minutos. | W39: =IF(ISBLANK(V39),"",VLOOKUP(V39,'(Linked) Hazard Risk Number HRN'!$B$16:$C$26,2,FALSE)) -> 2.5 | Z39: Una a varias veces cada 12 horas — Duración total de las tareas ≤ 36 minutos. | AA39: =IF(ISBLANK(Z39),"",VLOOKUP(Z39,'(Linked) Hazard Risk Number HRN'!$B$16:$C$26,2,FALSE)) -> 2.5 | AE39: Una a varias veces cada 12 horas — Duración total de las tareas ≤ 36 minutos. | AF39: =IF(ISBLANK(AE39),"",VLOOKUP(AE39,'(Linked) Hazard Risk Number HRN'!$B$16:$C$26,2,FALSE)) -> 2.5
K40: Muy probable, es de esperarse | L40: =IF(ISBLANK(K40),"",VLOOKUP(K40,'(Linked) Hazard Risk Number HRN'!$D$6:$E$14,2,FALSE)) -> 10 | M40: =IF(OR(ISBLANK(K38),ISBLANK(K39),ISBLANK(K40),ISBLANK(K41)),"",L38*L39*L40*L41) -> 150 | N40: Imposible | O40: =IF(ISBLANK(N40),"",VLOOKUP(N40,'(Linked) PLr Probability Factor'!$B$17:$C$20,2,FALSE)) -> C | P40: A | Q40: =COUNTIF((O38:O42), "A") -> 2 | R40: =Q40 -> 2 | T40: {=IF(OR(ISBLANK(K38),ISBLANK(K39),ISBLANK(N39),ISBLANK(N40),ISBLANK(N41)),"",INDEX(INDEX('(Linked) PLr Probability Factor'!C$33:$F$44,0,4),MATCH(S38&S39&S42,INDEX('(Linked) PLr Probability Factor'!C$33:$F$44,0,1)&INDEX('(Linked) PLr Probability Factor'!C$33:$F$44,0,2)&INDEX('(Linked) PLr Probability Factor'!C$33:$F$44,0,3),0)))} -> PLd | V40: Casi imposible, posible solo bajo circunstancias extremas | W40: =IF(ISBLANK(V40),"",VLOOKUP(V40,'(Linked) Hazard Risk Number HRN'!$D$6:$E$14,2,FALSE)) -> 0.033 | X40: =IF(OR(ISBLANK(V38),ISBLANK(V39),ISBLANK(V40),ISBLANK(V41)),"",W38*W39*W40*W41) -> 0.00825 | Z40: Casi imposible, posible solo bajo circunstancias extremas | AA40: =IF(ISBLANK(Z40),"",VLOOKUP(Z40,'(Linked) Hazard Risk Number HRN'!$D$6:$E$14,2,FALSE)) -> 0.033 | AB40: =IF(OR(ISBLANK(Z38),ISBLANK(Z39),ISBLANK(Z40),ISBLANK(Z41)),"",AA38*AA39*AA40*AA41) -> 0.00825 | AE40: Casi imposible, posible solo bajo circunstancias extremas | AF40: =IF(ISBLANK(AE40),"",VLOOKUP(AE40,'(Linked) Hazard Risk Number HRN'!$D$6:$E$14,2,FALSE)) -> 0.033 | AG40: =IF(OR(ISBLANK(AE38),ISBLANK(AE39),ISBLANK(AE40),ISBLANK(AE41)),"",AF38*AF39*AF40*AF41) -> 0.00825
K41: 1 a 2 personas | L41: =IF(ISBLANK(K41),"",VLOOKUP(K41,'(Linked) Hazard Risk Number HRN'!$D$17:$E$22,2,FALSE)) -> 1 | N41: Facil reconocimiento del peligro posible en el 50% o mas de los casos | O41: =IF(ISBLANK(N41),"",VLOOKUP(N41,'(Linked) PLr Probability Factor'!$B$23:$C$26,2,FALSE)) -> A | P41: Total | Q41: =SUM(R38:R40) -> 5 | R41: =Q41 -> 5 | V41: 1 a 2 personas | W41: =IF(ISBLANK(V41),"",VLOOKUP(V41,'(Linked) Hazard Risk Number HRN'!$D$17:$E$22,2,FALSE)) -> 1 | Z41: 1 a 2 personas | AA41: =IF(ISBLANK(Z41),"",VLOOKUP(Z41,'(Linked) Hazard Risk Number HRN'!$D$17:$E$22,2,FALSE)) -> 1 | AE41: 1 a 2 personas | AF41: =IF(ISBLANK(AE41),"",VLOOKUP(AE41,'(Linked) Hazard Risk Number HRN'!$D$17:$E$22,2,FALSE)) -> 1
N42: Media a alta complejidad ej. (hold‑to‑run) para el ajuste o configuración de una parte de la máquina. | O42: =IF(ISBLANK(N42),"",VLOOKUP(N42,'(Linked) PLr Probability Factor'!$B$29:$C$32,2,FALSE)) -> B | S42: =IF(OR(ISBLANK(N39),ISBLANK(N40),ISBLANK(N41)),"",IF(R38>0,"P2",IF(AND(R38=0,R39>2),"P2",IF(AND(R38=0,R39=2),"P2",IF(AND(R38=0,AND(R39<2,R40>1)),"P1"," "))))) -> P2
B43: 8 | C43: Mantenimiento correctivo/Solución de problemas | D43: Sistema de control: ciclo automático/arranque inesperado | H43: X | K43: Extremo: Hospitalización inmediata, cirugía de emergencia, pérdida permanente de una extremidad, la vista o alguna función; discapacidad a largo plazo. | L43: =IF(ISBLANK(K43),"",VLOOKUP(K43,'(Linked) Hazard Risk Number HRN'!$B$6:$C$13,2,FALSE)) -> 10 | M43: =IF(M45="","",IF(M45>500,'(Linked) Hazard Risk Number HRN'!$C$37,IF(M45>50,'(Linked) Hazard Risk Number HRN'!$C$36,IF(M45>25,'(Linked) Hazard Risk Number HRN'!$C$35,IF(M45>5,'(Linked) Hazard Risk Number HRN'!$C$34,IF(M45>0,'(Linked) Hazard Risk Number HRN'!$C$33,"")))))) -> Riesgo Alto | N43: Persona calificada | O43: =IF(ISBLANK(N43),"",VLOOKUP(N43,'(Linked) PLr Probability Factor'!$B$7:$C$8,2,FALSE)) -> A | P43: C | Q43: =COUNTIF((O43:O47), "C") -> 2 | R43: =Q43 -> 2 | S43: =IF(ISBLANK(K43),"",IF(L43<2,"S1","S2")) -> S2 | U43: Protección/puerta móvil: Añadir nueva, con Interlocked | V43: Insignificante: Sin primeros auxilios; rasguño o moretón. | W43: =IF(ISBLANK(V43),"",VLOOKUP(V43,'(Linked) Hazard Risk Number HRN'!$B$6:$C$13,2,FALSE)) -> 0.1 | X43: =IF(X45="","",IF(X45>500,'(Linked) Hazard Risk Number HRN'!$C$37,IF(X45>50,'(Linked) Hazard Risk Number HRN'!$C$36,IF(X45>25,'(Linked) Hazard Risk Number HRN'!$C$35,IF(X45>5,'(Linked) Hazard Risk Number HRN'!$C$34,IF(X45>0,'(Linked) Hazard Risk Number HRN'!$C$33,"")))))) -> Insignificante | Y43: Mantenimiento: Procedimiento/SOP/LOTO | Z43: Insignificante: Sin primeros auxilios; rasguño o moretón. | AA43: =IF(ISBLANK(Z43),"",VLOOKUP(Z43,'(Linked) Hazard Risk Number HRN'!$B$6:$C$13,2,FALSE)) -> 0.1 | AB43: =IF(AB45="","",IF(AB45>500,'(Linked) Hazard Risk Number HRN'!$C$37,IF(AB45>50,'(Linked) Hazard Risk Number HRN'!$C$36,IF(AB45>25,'(Linked) Hazard Risk Number HRN'!$C$35,IF(AB45>5,'(Linked) Hazard Risk Number HRN'!$C$34,IF(AB45>0,'(Linked) Hazard Risk Number HRN'!$C$33,"")))))) -> Insignificante | AC43: Protección/puerta móvil: Añadir nueva, con Interlocked | AE43: Insignificante: Sin primeros auxilios; rasguño o moretón. | AF43: =IF(ISBLANK(AE43),"",VLOOKUP(AE43,'(Linked) Hazard Risk Number HRN'!$B$6:$C$13,2,FALSE)) -> 0.1 | AG43: =IF(AG45="","",IF(AG45>500,'(Linked) Hazard Risk Number HRN'!$C$37,IF(AG45>50,'(Linked) Hazard Risk Number HRN'!$C$36,IF(AG45>25,'(Linked) Hazard Risk Number HRN'!$C$35,IF(AG45>5,'(Linked) Hazard Risk Number HRN'!$C$34,IF(AG45>0,'(Linked) Hazard Risk Number HRN'!$C$33,"")))))) -> Insignificante
K44: Una a varias veces cada 12 horas — Duración total de las tareas ≤ 36 minutos. | L44: =IF(ISBLANK(K44),"",VLOOKUP(K44,'(Linked) Hazard Risk Number HRN'!$B$16:$C$26,2,FALSE)) -> 2.5 | N44: Evento de alta velocidad ej. > 1000 mm/s, tiempo para el peligro <1s y/o Tiempo limitado para escapar | O44: =IF(ISBLANK(N44),"",VLOOKUP(N44,'(Linked) PLr Probability Factor'!$B$12:$C$14,2,FALSE)) -> C | P44: B | Q44: =COUNTIF((O43:O47), "B") -> 1 | R44: =Q44 -> 1 | S44: =IF(ISBLANK(K44),"",IF(L44<5,"F1","F2")) -> F1 | V44: Una a varias veces cada 12 horas — Duración total de las tareas ≤ 36 minutos. | W44: =IF(ISBLANK(V44),"",VLOOKUP(V44,'(Linked) Hazard Risk Number HRN'!$B$16:$C$26,2,FALSE)) -> 2.5 | Z44: Una a varias veces cada 12 horas — Duración total de las tareas ≤ 36 minutos. | AA44: =IF(ISBLANK(Z44),"",VLOOKUP(Z44,'(Linked) Hazard Risk Number HRN'!$B$16:$C$26,2,FALSE)) -> 2.5 | AE44: Una a varias veces cada 12 horas — Duración total de las tareas ≤ 36 minutos. | AF44: =IF(ISBLANK(AE44),"",VLOOKUP(AE44,'(Linked) Hazard Risk Number HRN'!$B$16:$C$26,2,FALSE)) -> 2.5
K45: Muy probable, es de esperarse | L45: =IF(ISBLANK(K45),"",VLOOKUP(K45,'(Linked) Hazard Risk Number HRN'!$D$6:$E$14,2,FALSE)) -> 10 | M45: =IF(OR(ISBLANK(K43),ISBLANK(K44),ISBLANK(K45),ISBLANK(K46)),"",L43*L44*L45*L46) -> 250 | N45: Imposible | O45: =IF(ISBLANK(N45),"",VLOOKUP(N45,'(Linked) PLr Probability Factor'!$B$17:$C$20,2,FALSE)) -> C | P45: A | Q45: =COUNTIF((O43:O47), "A") -> 2 | R45: =Q45 -> 2 | T45: {=IF(OR(ISBLANK(K43),ISBLANK(K44),ISBLANK(N44),ISBLANK(N45),ISBLANK(N46)),"",INDEX(INDEX('(Linked) PLr Probability Factor'!C$33:$F$44,0,4),MATCH(S43&S44&S47,INDEX('(Linked) PLr Probability Factor'!C$33:$F$44,0,1)&INDEX('(Linked) PLr Probability Factor'!C$33:$F$44,0,2)&INDEX('(Linked) PLr Probability Factor'!C$33:$F$44,0,3),0)))} -> PLd | V45: Casi imposible, posible solo bajo circunstancias extremas | W45: =IF(ISBLANK(V45),"",VLOOKUP(V45,'(Linked) Hazard Risk Number HRN'!$D$6:$E$14,2,FALSE)) -> 0.033 | X45: =IF(OR(ISBLANK(V43),ISBLANK(V44),ISBLANK(V45),ISBLANK(V46)),"",W43*W44*W45*W46) -> 0.00825 | Z45: Casi imposible, posible solo bajo circunstancias extremas | AA45: =IF(ISBLANK(Z45),"",VLOOKUP(Z45,'(Linked) Hazard Risk Number HRN'!$D$6:$E$14,2,FALSE)) -> 0.033 | AB45: =IF(OR(ISBLANK(Z43),ISBLANK(Z44),ISBLANK(Z45),ISBLANK(Z46)),"",AA43*AA44*AA45*AA46) -> 0.00825 | AE45: Casi imposible, posible solo bajo circunstancias extremas | AF45: =IF(ISBLANK(AE45),"",VLOOKUP(AE45,'(Linked) Hazard Risk Number HRN'!$D$6:$E$14,2,FALSE)) -> 0.033 | AG45: =IF(OR(ISBLANK(AE43),ISBLANK(AE44),ISBLANK(AE45),ISBLANK(AE46)),"",AF43*AF44*AF45*AF46) -> 0.00825
K46: 1 a 2 personas | L46: =IF(ISBLANK(K46),"",VLOOKUP(K46,'(Linked) Hazard Risk Number HRN'!$D$17:$E$22,2,FALSE)) -> 1 | N46: Facil reconocimiento del peligro posible en el 50% o mas de los casos | O46: =IF(ISBLANK(N46),"",VLOOKUP(N46,'(Linked) PLr Probability Factor'!$B$23:$C$26,2,FALSE)) -> A | P46: Total | Q46: =SUM(R43:R45) -> 5 | R46: =Q46 -> 5 | V46: 1 a 2 personas | W46: =IF(ISBLANK(V46),"",VLOOKUP(V46,'(Linked) Hazard Risk Number HRN'!$D$17:$E$22,2,FALSE)) -> 1 | Z46: 1 a 2 personas | AA46: =IF(ISBLANK(Z46),"",VLOOKUP(Z46,'(Linked) Hazard Risk Number HRN'!$D$17:$E$22,2,FALSE)) -> 1 | AE46: 1 a 2 personas | AF46: =IF(ISBLANK(AE46),"",VLOOKUP(AE46,'(Linked) Hazard Risk Number HRN'!$D$17:$E$22,2,FALSE)) -> 1
N47: Media a alta complejidad ej. (hold‑to‑run) para el ajuste o configuración de una parte de la máquina. | O47: =IF(ISBLANK(N47),"",VLOOKUP(N47,'(Linked) PLr Probability Factor'!$B$29:$C$32,2,FALSE)) -> B | S47: =IF(OR(ISBLANK(N44),ISBLANK(N45),ISBLANK(N46)),"",IF(R43>0,"P2",IF(AND(R43=0,R44>2),"P2",IF(AND(R43=0,R44=2),"P2",IF(AND(R43=0,AND(R44<2,R45>1)),"P1"," "))))) -> P2
B48: 9 | C48: Mantenimiento correctivo/Solución de problemas | D48: Sistema de control: ciclo automático/arranque inesperado | H48: X | K48: Catastrófico: Muerte o falla grave del sistema. | L48: =IF(ISBLANK(K48),"",VLOOKUP(K48,'(Linked) Hazard Risk Number HRN'!$B$6:$C$13,2,FALSE)) -> 15 | M48: =IF(M50="","",IF(M50>500,'(Linked) Hazard Risk Number HRN'!$C$37,IF(M50>50,'(Linked) Hazard Risk Number HRN'!$C$36,IF(M50>25,'(Linked) Hazard Risk Number HRN'!$C$35,IF(M50>5,'(Linked) Hazard Risk Number HRN'!$C$34,IF(M50>0,'(Linked) Hazard Risk Number HRN'!$C$33,"")))))) -> Riesgo Alto | N48: Persona calificada | O48: =IF(ISBLANK(N48),"",VLOOKUP(N48,'(Linked) PLr Probability Factor'!$B$7:$C$8,2,FALSE)) -> A | P48: C | Q48: =COUNTIF((O48:O52), "C") -> 2 | R48: =Q48 -> 2 | S48: =IF(ISBLANK(K48),"",IF(L48<2,"S1","S2")) -> S2 | U48: Protección/puerta móvil: Añadir nueva, con Interlocked | V48: Insignificante: Sin primeros auxilios; rasguño o moretón. | W48: =IF(ISBLANK(V48),"",VLOOKUP(V48,'(Linked) Hazard Risk Number HRN'!$B$6:$C$13,2,FALSE)) -> 0.1 | X48: =IF(X50="","",IF(X50>500,'(Linked) Hazard Risk Number HRN'!$C$37,IF(X50>50,'(Linked) Hazard Risk Number HRN'!$C$36,IF(X50>25,'(Linked) Hazard Risk Number HRN'!$C$35,IF(X50>5,'(Linked) Hazard Risk Number HRN'!$C$34,IF(X50>0,'(Linked) Hazard Risk Number HRN'!$C$33,"")))))) -> Insignificante | Y48: Mantenimiento: Procedimiento/SOP/LOTO | Z48: Insignificante: Sin primeros auxilios; rasguño o moretón. | AA48: =IF(ISBLANK(Z48),"",VLOOKUP(Z48,'(Linked) Hazard Risk Number HRN'!$B$6:$C$13,2,FALSE)) -> 0.1 | AB48: =IF(AB50="","",IF(AB50>500,'(Linked) Hazard Risk Number HRN'!$C$37,IF(AB50>50,'(Linked) Hazard Risk Number HRN'!$C$36,IF(AB50>25,'(Linked) Hazard Risk Number HRN'!$C$35,IF(AB50>5,'(Linked) Hazard Risk Number HRN'!$C$34,IF(AB50>0,'(Linked) Hazard Risk Number HRN'!$C$33,"")))))) -> Insignificante | AC48: Protección/puerta móvil: Añadir nueva, con Interlocked | AE48: Insignificante: Sin primeros auxilios; rasguño o moretón. | AF48: =IF(ISBLANK(AE48),"",VLOOKUP(AE48,'(Linked) Hazard Risk Number HRN'!$B$6:$C$13,2,FALSE)) -> 0.1 | AG48: =IF(AG50="","",IF(AG50>500,'(Linked) Hazard Risk Number HRN'!$C$37,IF(AG50>50,'(Linked) Hazard Risk Number HRN'!$C$36,IF(AG50>25,'(Linked) Hazard Risk Number HRN'!$C$35,IF(AG50>5,'(Linked) Hazard Risk Number HRN'!$C$34,IF(AG50>0,'(Linked) Hazard Risk Number HRN'!$C$33,"")))))) -> Insignificante
K49: Una a varias veces cada 12 horas — Duración total de las tareas ≤ 36 minutos. | L49: =IF(ISBLANK(K49),"",VLOOKUP(K49,'(Linked) Hazard Risk Number HRN'!$B$16:$C$26,2,FALSE)) -> 2.5 | N49: Evento de alta velocidad ej. > 1000 mm/s, tiempo para el peligro <1s y/o Tiempo limitado para escapar | O49: =IF(ISBLANK(N49),"",VLOOKUP(N49,'(Linked) PLr Probability Factor'!$B$12:$C$14,2,FALSE)) -> C | P49: B | Q49: =COUNTIF((O48:O52), "B") -> 1 | R49: =Q49 -> 1 | S49: =IF(ISBLANK(K49),"",IF(L49<5,"F1","F2")) -> F1 | V49: Una a varias veces cada 12 horas — Duración total de las tareas ≤ 36 minutos. | W49: =IF(ISBLANK(V49),"",VLOOKUP(V49,'(Linked) Hazard Risk Number HRN'!$B$16:$C$26,2,FALSE)) -> 2.5 | Z49: Una a varias veces cada 12 horas — Duración total de las tareas ≤ 36 minutos. | AA49: =IF(ISBLANK(Z49),"",VLOOKUP(Z49,'(Linked) Hazard Risk Number HRN'!$B$16:$C$26,2,FALSE)) -> 2.5 | AE49: Una a varias veces cada 12 horas — Duración total de las tareas ≤ 36 minutos. | AF49: =IF(ISBLANK(AE49),"",VLOOKUP(AE49,'(Linked) Hazard Risk Number HRN'!$B$16:$C$26,2,FALSE)) -> 2.5
K50: Muy probable, es de esperarse | L50: =IF(ISBLANK(K50),"",VLOOKUP(K50,'(Linked) Hazard Risk Number HRN'!$D$6:$E$14,2,FALSE)) -> 10 | M50: =IF(OR(ISBLANK(K48),ISBLANK(K49),ISBLANK(K50),ISBLANK(K51)),"",L48*L49*L50*L51) -> 375 | N50: Imposible | O50: =IF(ISBLANK(N50),"",VLOOKUP(N50,'(Linked) PLr Probability Factor'!$B$17:$C$20,2,FALSE)) -> C | P50: A | Q50: =COUNTIF((O48:O52), "A") -> 2 | R50: =Q50 -> 2 | T50: {=IF(OR(ISBLANK(K48),ISBLANK(K49),ISBLANK(N49),ISBLANK(N50),ISBLANK(N51)),"",INDEX(INDEX('(Linked) PLr Probability Factor'!C$33:$F$44,0,4),MATCH(S48&S49&S52,INDEX('(Linked) PLr Probability Factor'!C$33:$F$44,0,1)&INDEX('(Linked) PLr Probability Factor'!C$33:$F$44,0,2)&INDEX('(Linked) PLr Probability Factor'!C$33:$F$44,0,3),0)))} -> PLd | V50: Casi imposible, posible solo bajo circunstancias extremas | W50: =IF(ISBLANK(V50),"",VLOOKUP(V50,'(Linked) Hazard Risk Number HRN'!$D$6:$E$14,2,FALSE)) -> 0.033 | X50: =IF(OR(ISBLANK(V48),ISBLANK(V49),ISBLANK(V50),ISBLANK(V51)),"",W48*W49*W50*W51) -> 0.00825 | Z50: Casi imposible, posible solo bajo circunstancias extremas | AA50: =IF(ISBLANK(Z50),"",VLOOKUP(Z50,'(Linked) Hazard Risk Number HRN'!$D$6:$E$14,2,FALSE)) -> 0.033 | AB50: =IF(OR(ISBLANK(Z48),ISBLANK(Z49),ISBLANK(Z50),ISBLANK(Z51)),"",AA48*AA49*AA50*AA51) -> 0.00825 | AE50: Casi imposible, posible solo bajo circunstancias extremas | AF50: =IF(ISBLANK(AE50),"",VLOOKUP(AE50,'(Linked) Hazard Risk Number HRN'!$D$6:$E$14,2,FALSE)) -> 0.033 | AG50: =IF(OR(ISBLANK(AE48),ISBLANK(AE49),ISBLANK(AE50),ISBLANK(AE51)),"",AF48*AF49*AF50*AF51) -> 0.00825
K51: 1 a 2 personas | L51: =IF(ISBLANK(K51),"",VLOOKUP(K51,'(Linked) Hazard Risk Number HRN'!$D$17:$E$22,2,FALSE)) -> 1 | N51: Facil reconocimiento del peligro posible en el 50% o mas de los casos | O51: =IF(ISBLANK(N51),"",VLOOKUP(N51,'(Linked) PLr Probability Factor'!$B$23:$C$26,2,FALSE)) -> A | P51: Total | Q51: =SUM(R48:R50) -> 5 | R51: =Q51 -> 5 | V51: 1 a 2 personas | W51: =IF(ISBLANK(V51),"",VLOOKUP(V51,'(Linked) Hazard Risk Number HRN'!$D$17:$E$22,2,FALSE)) -> 1 | Z51: 1 a 2 personas | AA51: =IF(ISBLANK(Z51),"",VLOOKUP(Z51,'(Linked) Hazard Risk Number HRN'!$D$17:$E$22,2,FALSE)) -> 1 | AE51: 1 a 2 personas | AF51: =IF(ISBLANK(AE51),"",VLOOKUP(AE51,'(Linked) Hazard Risk Number HRN'!$D$17:$E$22,2,FALSE)) -> 1
N52: Media a alta complejidad ej. (hold‑to‑run) para el ajuste o configuración de una parte de la máquina. | O52: =IF(ISBLANK(N52),"",VLOOKUP(N52,'(Linked) PLr Probability Factor'!$B$29:$C$32,2,FALSE)) -> B | S52: =IF(OR(ISBLANK(N49),ISBLANK(N50),ISBLANK(N51)),"",IF(R48>0,"P2",IF(AND(R48=0,R49>2),"P2",IF(AND(R48=0,R49=2),"P2",IF(AND(R48=0,AND(R49<2,R50>1)),"P1"," "))))) -> P2
B53: 10 | C53: Mantenimiento correctivo/Solución de problemas | D53: Sistema de control: ciclo automático/arranque inesperado | H53: X | K53: Extremo: Hospitalización inmediata, cirugía de emergencia, pérdida permanente de una extremidad, la vista o alguna función; discapacidad a largo plazo. | L53: =IF(ISBLANK(K53),"",VLOOKUP(K53,'(Linked) Hazard Risk Number HRN'!$B$6:$C$13,2,FALSE)) -> 10 | M53: =IF(M55="","",IF(M55>500,'(Linked) Hazard Risk Number HRN'!$C$37,IF(M55>50,'(Linked) Hazard Risk Number HRN'!$C$36,IF(M55>25,'(Linked) Hazard Risk Number HRN'!$C$35,IF(M55>5,'(Linked) Hazard Risk Number HRN'!$C$34,IF(M55>0,'(Linked) Hazard Risk Number HRN'!$C$33,"")))))) -> Riesgo Alto | N53: Persona calificada | O53: =IF(ISBLANK(N53),"",VLOOKUP(N53,'(Linked) PLr Probability Factor'!$B$7:$C$8,2,FALSE)) -> A | P53: C | Q53: =COUNTIF((O53:O57), "C") -> 2 | R53: =Q53 -> 2 | S53: =IF(ISBLANK(K53),"",IF(L53<2,"S1","S2")) -> S2 | U53: Protección/puerta móvil: Añadir nueva, con Interlocked | V53: Insignificante: Sin primeros auxilios; rasguño o moretón. | W53: =IF(ISBLANK(V53),"",VLOOKUP(V53,'(Linked) Hazard Risk Number HRN'!$B$6:$C$13,2,FALSE)) -> 0.1 | X53: =IF(X55="","",IF(X55>500,'(Linked) Hazard Risk Number HRN'!$C$37,IF(X55>50,'(Linked) Hazard Risk Number HRN'!$C$36,IF(X55>25,'(Linked) Hazard Risk Number HRN'!$C$35,IF(X55>5,'(Linked) Hazard Risk Number HRN'!$C$34,IF(X55>0,'(Linked) Hazard Risk Number HRN'!$C$33,"")))))) -> Insignificante | Y53: Mantenimiento: Procedimiento/SOP/LOTO | Z53: Insignificante: Sin primeros auxilios; rasguño o moretón. | AA53: =IF(ISBLANK(Z53),"",VLOOKUP(Z53,'(Linked) Hazard Risk Number HRN'!$B$6:$C$13,2,FALSE)) -> 0.1 | AB53: =IF(AB55="","",IF(AB55>500,'(Linked) Hazard Risk Number HRN'!$C$37,IF(AB55>50,'(Linked) Hazard Risk Number HRN'!$C$36,IF(AB55>25,'(Linked) Hazard Risk Number HRN'!$C$35,IF(AB55>5,'(Linked) Hazard Risk Number HRN'!$C$34,IF(AB55>0,'(Linked) Hazard Risk Number HRN'!$C$33,"")))))) -> Insignificante | AC53: Protección/puerta móvil: Añadir nueva, con Interlocked | AE53: Insignificante: Sin primeros auxilios; rasguño o moretón. | AF53: =IF(ISBLANK(AE53),"",VLOOKUP(AE53,'(Linked) Hazard Risk Number HRN'!$B$6:$C$13,2,FALSE)) -> 0.1 | AG53: =IF(AG55="","",IF(AG55>500,'(Linked) Hazard Risk Number HRN'!$C$37,IF(AG55>50,'(Linked) Hazard Risk Number HRN'!$C$36,IF(AG55>25,'(Linked) Hazard Risk Number HRN'!$C$35,IF(AG55>5,'(Linked) Hazard Risk Number HRN'!$C$34,IF(AG55>0,'(Linked) Hazard Risk Number HRN'!$C$33,"")))))) -> Insignificante
K54: Una a varias veces cada 12 horas — Duración total de las tareas ≤ 36 minutos. | L54: =IF(ISBLANK(K54),"",VLOOKUP(K54,'(Linked) Hazard Risk Number HRN'!$B$16:$C$26,2,FALSE)) -> 2.5 | N54: Evento de alta velocidad ej. > 1000 mm/s, tiempo para el peligro <1s y/o Tiempo limitado para escapar | O54: =IF(ISBLANK(N54),"",VLOOKUP(N54,'(Linked) PLr Probability Factor'!$B$12:$C$14,2,FALSE)) -> C | P54: B | Q54: =COUNTIF((O53:O57), "B") -> 1 | R54: =Q54 -> 1 | S54: =IF(ISBLANK(K54),"",IF(L54<5,"F1","F2")) -> F1 | V54: Una a varias veces cada 12 horas — Duración total de las tareas ≤ 36 minutos. | W54: =IF(ISBLANK(V54),"",VLOOKUP(V54,'(Linked) Hazard Risk Number HRN'!$B$16:$C$26,2,FALSE)) -> 2.5 | Z54: Una a varias veces cada 12 horas — Duración total de las tareas ≤ 36 minutos. | AA54: =IF(ISBLANK(Z54),"",VLOOKUP(Z54,'(Linked) Hazard Risk Number HRN'!$B$16:$C$26,2,FALSE)) -> 2.5 | AE54: Una a varias veces cada 12 horas — Duración total de las tareas ≤ 36 minutos. | AF54: =IF(ISBLANK(AE54),"",VLOOKUP(AE54,'(Linked) Hazard Risk Number HRN'!$B$16:$C$26,2,FALSE)) -> 2.5
K55: Muy probable, es de esperarse | L55: =IF(ISBLANK(K55),"",VLOOKUP(K55,'(Linked) Hazard Risk Number HRN'!$D$6:$E$14,2,FALSE)) -> 10 | M55: =IF(OR(ISBLANK(K53),ISBLANK(K54),ISBLANK(K55),ISBLANK(K56)),"",L53*L54*L55*L56) -> 250 | N55: Imposible | O55: =IF(ISBLANK(N55),"",VLOOKUP(N55,'(Linked) PLr Probability Factor'!$B$17:$C$20,2,FALSE)) -> C | P55: A | Q55: =COUNTIF((O53:O57), "A") -> 2 | R55: =Q55 -> 2 | T55: {=IF(OR(ISBLANK(K53),ISBLANK(K54),ISBLANK(N54),ISBLANK(N55),ISBLANK(N56)),"",INDEX(INDEX('(Linked) PLr Probability Factor'!C$33:$F$44,0,4),MATCH(S53&S54&S57,INDEX('(Linked) PLr Probability Factor'!C$33:$F$44,0,1)&INDEX('(Linked) PLr Probability Factor'!C$33:$F$44,0,2)&INDEX('(Linked) PLr Probability Factor'!C$33:$F$44,0,3),0)))} -> PLd | V55: Casi imposible, posible solo bajo circunstancias extremas | W55: =IF(ISBLANK(V55),"",VLOOKUP(V55,'(Linked) Hazard Risk Number HRN'!$D$6:$E$14,2,FALSE)) -> 0.033 | X55: =IF(OR(ISBLANK(V53),ISBLANK(V54),ISBLANK(V55),ISBLANK(V56)),"",W53*W54*W55*W56) -> 0.00825 | Z55: Casi imposible, posible solo bajo circunstancias extremas | AA55: =IF(ISBLANK(Z55),"",VLOOKUP(Z55,'(Linked) Hazard Risk Number HRN'!$D$6:$E$14,2,FALSE)) -> 0.033 | AB55: =IF(OR(ISBLANK(Z53),ISBLANK(Z54),ISBLANK(Z55),ISBLANK(Z56)),"",AA53*AA54*AA55*AA56) -> 0.00825 | AE55: Casi imposible, posible solo bajo circunstancias extremas | AF55: =IF(ISBLANK(AE55),"",VLOOKUP(AE55,'(Linked) Hazard Risk Number HRN'!$D$6:$E$14,2,FALSE)) -> 0.033 | AG55: =IF(OR(ISBLANK(AE53),ISBLANK(AE54),ISBLANK(AE55),ISBLANK(AE56)),"",AF53*AF54*AF55*AF56) -> 0.00825
K56: 1 a 2 personas | L56: =IF(ISBLANK(K56),"",VLOOKUP(K56,'(Linked) Hazard Risk Number HRN'!$D$17:$E$22,2,FALSE)) -> 1 | N56: Facil reconocimiento del peligro posible en el 50% o mas de los casos | O56: =IF(ISBLANK(N56),"",VLOOKUP(N56,'(Linked) PLr Probability Factor'!$B$23:$C$26,2,FALSE)) -> A | P56: Total | Q56: =SUM(R53:R55) -> 5 | R56: =Q56 -> 5 | V56: 1 a 2 personas | W56: =IF(ISBLANK(V56),"",VLOOKUP(V56,'(Linked) Hazard Risk Number HRN'!$D$17:$E$22,2,FALSE)) -> 1 | Z56: 1 a 2 personas | AA56: =IF(ISBLANK(Z56),"",VLOOKUP(Z56,'(Linked) Hazard Risk Number HRN'!$D$17:$E$22,2,FALSE)) -> 1 | AE56: 1 a 2 personas | AF56: =IF(ISBLANK(AE56),"",VLOOKUP(AE56,'(Linked) Hazard Risk Number HRN'!$D$17:$E$22,2,FALSE)) -> 1
N57: Media a alta complejidad ej. (hold‑to‑run) para el ajuste o configuración de una parte de la máquina. | O57: =IF(ISBLANK(N57),"",VLOOKUP(N57,'(Linked) PLr Probability Factor'!$B$29:$C$32,2,FALSE)) -> B | S57: =IF(OR(ISBLANK(N54),ISBLANK(N55),ISBLANK(N56)),"",IF(R53>0,"P2",IF(AND(R53=0,R54>2),"P2",IF(AND(R53=0,R54=2),"P2",IF(AND(R53=0,AND(R54<2,R55>1)),"P1"," "))))) -> P2
B58: 11 | C58: Mantenimiento preventivo | D58: Mecánica: transmisión; pinchazo/aplastamiento/enredamiento. | H58: X | K58: Mayor: Lesión grave, fractura ósea o cirugía general; incapacidad laboral documentada. Labores restringidas por más de 2 semanas y menos de 6 meses. | L58: =IF(ISBLANK(K58),"",VLOOKUP(K58,'(Linked) Hazard Risk Number HRN'!$B$6:$C$13,2,FALSE)) -> 6 | M58: =IF(M60="","",IF(M60>500,'(Linked) Hazard Risk Number HRN'!$C$37,IF(M60>50,'(Linked) Hazard Risk Number HRN'!$C$36,IF(M60>25,'(Linked) Hazard Risk Number HRN'!$C$35,IF(M60>5,'(Linked) Hazard Risk Number HRN'!$C$34,IF(M60>0,'(Linked) Hazard Risk Number HRN'!$C$33,"")))))) -> Riesgo Alto | N58: Persona calificada | O58: =IF(ISBLANK(N58),"",VLOOKUP(N58,'(Linked) PLr Probability Factor'!$B$7:$C$8,2,FALSE)) -> A | P58: C | Q58: =COUNTIF((O58:O62), "C") -> 1 | R58: =Q58 -> 1 | S58: =IF(ISBLANK(K58),"",IF(L58<2,"S1","S2")) -> S2 | U58: Protección/puerta móvil: Añadir nueva, con Interlocked | V58: Insignificante: Sin primeros auxilios; rasguño o moretón. | W58: =IF(ISBLANK(V58),"",VLOOKUP(V58,'(Linked) Hazard Risk Number HRN'!$B$6:$C$13,2,FALSE)) -> 0.1 | X58: =IF(X60="","",IF(X60>500,'(Linked) Hazard Risk Number HRN'!$C$37,IF(X60>50,'(Linked) Hazard Risk Number HRN'!$C$36,IF(X60>25,'(Linked) Hazard Risk Number HRN'!$C$35,IF(X60>5,'(Linked) Hazard Risk Number HRN'!$C$34,IF(X60>0,'(Linked) Hazard Risk Number HRN'!$C$33,"")))))) -> Insignificante | Y58: Mantenimiento: Procedimiento/SOP/LOTO | Z58: Insignificante: Sin primeros auxilios; rasguño o moretón. | AA58: =IF(ISBLANK(Z58),"",VLOOKUP(Z58,'(Linked) Hazard Risk Number HRN'!$B$6:$C$13,2,FALSE)) -> 0.1 | AB58: =IF(AB60="","",IF(AB60>500,'(Linked) Hazard Risk Number HRN'!$C$37,IF(AB60>50,'(Linked) Hazard Risk Number HRN'!$C$36,IF(AB60>25,'(Linked) Hazard Risk Number HRN'!$C$35,IF(AB60>5,'(Linked) Hazard Risk Number HRN'!$C$34,IF(AB60>0,'(Linked) Hazard Risk Number HRN'!$C$33,"")))))) -> Insignificante | AC58: Protección/puerta móvil: Añadir nueva, con Interlocked | AE58: Insignificante: Sin primeros auxilios; rasguño o moretón. | AF58: =IF(ISBLANK(AE58),"",VLOOKUP(AE58,'(Linked) Hazard Risk Number HRN'!$B$6:$C$13,2,FALSE)) -> 0.1 | AG58: =IF(AG60="","",IF(AG60>500,'(Linked) Hazard Risk Number HRN'!$C$37,IF(AG60>50,'(Linked) Hazard Risk Number HRN'!$C$36,IF(AG60>25,'(Linked) Hazard Risk Number HRN'!$C$35,IF(AG60>5,'(Linked) Hazard Risk Number HRN'!$C$34,IF(AG60>0,'(Linked) Hazard Risk Number HRN'!$C$33,"")))))) -> Insignificante
K59: Semanal | L59: =IF(ISBLANK(K59),"",VLOOKUP(K59,'(Linked) Hazard Risk Number HRN'!$B$16:$C$26,2,FALSE)) -> 1.5 | N59: Evento de baja o muy baja velocidad ej. <250 mm/s, tiempo para el peligro ≥3s y/o tiempo suficiente para escapar | O59: =IF(ISBLANK(N59),"",VLOOKUP(N59,'(Linked) PLr Probability Factor'!$B$12:$C$14,2,FALSE)) -> A | P59: B | Q59: =COUNTIF((O58:O62), "B") -> 1 | R59: =Q59 -> 1 | S59: =IF(ISBLANK(K59),"",IF(L59<5,"F1","F2")) -> F1 | V59: Semanal | W59: =IF(ISBLANK(V59),"",VLOOKUP(V59,'(Linked) Hazard Risk Number HRN'!$B$16:$C$26,2,FALSE)) -> 1.5 | Z59: Semanal | AA59: =IF(ISBLANK(Z59),"",VLOOKUP(Z59,'(Linked) Hazard Risk Number HRN'!$B$16:$C$26,2,FALSE)) -> 1.5 | AE59: Semanal | AF59: =IF(ISBLANK(AE59),"",VLOOKUP(AE59,'(Linked) Hazard Risk Number HRN'!$B$16:$C$26,2,FALSE)) -> 1.5
K60: Muy probable, es de esperarse | L60: =IF(ISBLANK(K60),"",VLOOKUP(K60,'(Linked) Hazard Risk Number HRN'!$D$6:$E$14,2,FALSE)) -> 10 | M60: =IF(OR(ISBLANK(K58),ISBLANK(K59),ISBLANK(K60),ISBLANK(K61)),"",L58*L59*L60*L61) -> 90 | N60: Imposible | O60: =IF(ISBLANK(N60),"",VLOOKUP(N60,'(Linked) PLr Probability Factor'!$B$17:$C$20,2,FALSE)) -> C | P60: A | Q60: =COUNTIF((O58:O62), "A") -> 3 | R60: =Q60 -> 3 | T60: {=IF(OR(ISBLANK(K58),ISBLANK(K59),ISBLANK(N59),ISBLANK(N60),ISBLANK(N61)),"",INDEX(INDEX('(Linked) PLr Probability Factor'!C$33:$F$44,0,4),MATCH(S58&S59&S62,INDEX('(Linked) PLr Probability Factor'!C$33:$F$44,0,1)&INDEX('(Linked) PLr Probability Factor'!C$33:$F$44,0,2)&INDEX('(Linked) PLr Probability Factor'!C$33:$F$44,0,3),0)))} -> PLd | V60: Casi imposible, posible solo bajo circunstancias extremas | W60: =IF(ISBLANK(V60),"",VLOOKUP(V60,'(Linked) Hazard Risk Number HRN'!$D$6:$E$14,2,FALSE)) -> 0.033 | X60: =IF(OR(ISBLANK(V58),ISBLANK(V59),ISBLANK(V60),ISBLANK(V61)),"",W58*W59*W60*W61) -> 0.00495 | Z60: Casi imposible, posible solo bajo circunstancias extremas | AA60: =IF(ISBLANK(Z60),"",VLOOKUP(Z60,'(Linked) Hazard Risk Number HRN'!$D$6:$E$14,2,FALSE)) -> 0.033 | AB60: =IF(OR(ISBLANK(Z58),ISBLANK(Z59),ISBLANK(Z60),ISBLANK(Z61)),"",AA58*AA59*AA60*AA61) -> 0.00495 | AE60: Casi imposible, posible solo bajo circunstancias extremas | AF60: =IF(ISBLANK(AE60),"",VLOOKUP(AE60,'(Linked) Hazard Risk Number HRN'!$D$6:$E$14,2,FALSE)) -> 0.033 | AG60: =IF(OR(ISBLANK(AE58),ISBLANK(AE59),ISBLANK(AE60),ISBLANK(AE61)),"",AF58*AF59*AF60*AF61) -> 0.00495
K61: 1 a 2 personas | L61: =IF(ISBLANK(K61),"",VLOOKUP(K61,'(Linked) Hazard Risk Number HRN'!$D$17:$E$22,2,FALSE)) -> 1 | N61: Facil reconocimiento del peligro posible en el 50% o mas de los casos | O61: =IF(ISBLANK(N61),"",VLOOKUP(N61,'(Linked) PLr Probability Factor'!$B$23:$C$26,2,FALSE)) -> A | P61: Total | Q61: =SUM(R58:R60) -> 5 | R61: =Q61 -> 5 | V61: 1 a 2 personas | W61: =IF(ISBLANK(V61),"",VLOOKUP(V61,'(Linked) Hazard Risk Number HRN'!$D$17:$E$22,2,FALSE)) -> 1 | Z61: 1 a 2 personas | AA61: =IF(ISBLANK(Z61),"",VLOOKUP(Z61,'(Linked) Hazard Risk Number HRN'!$D$17:$E$22,2,FALSE)) -> 1 | AE61: 1 a 2 personas | AF61: =IF(ISBLANK(AE61),"",VLOOKUP(AE61,'(Linked) Hazard Risk Number HRN'!$D$17:$E$22,2,FALSE)) -> 1
N62: Media a alta complejidad ej. (hold‑to‑run) para el ajuste o configuración de una parte de la máquina. | O62: =IF(ISBLANK(N62),"",VLOOKUP(N62,'(Linked) PLr Probability Factor'!$B$29:$C$32,2,FALSE)) -> B | S62: =IF(OR(ISBLANK(N59),ISBLANK(N60),ISBLANK(N61)),"",IF(R58>0,"P2",IF(AND(R58=0,R59>2),"P2",IF(AND(R58=0,R59=2),"P2",IF(AND(R58=0,AND(R59<2,R60>1)),"P1"," "))))) -> P2
B63: 12 | C63: Mantenimiento preventivo | D63: Sistema de control: fallo al detenerse. | H63: X | K63: Mayor: Lesión grave, fractura ósea o cirugía general; incapacidad laboral documentada. Labores restringidas por más de 2 semanas y menos de 6 meses. | L63: =IF(ISBLANK(K63),"",VLOOKUP(K63,'(Linked) Hazard Risk Number HRN'!$B$6:$C$13,2,FALSE)) -> 6 | M63: =IF(M65="","",IF(M65>500,'(Linked) Hazard Risk Number HRN'!$C$37,IF(M65>50,'(Linked) Hazard Risk Number HRN'!$C$36,IF(M65>25,'(Linked) Hazard Risk Number HRN'!$C$35,IF(M65>5,'(Linked) Hazard Risk Number HRN'!$C$34,IF(M65>0,'(Linked) Hazard Risk Number HRN'!$C$33,"")))))) -> Riesgo Alto | N63: Persona calificada | O63: =IF(ISBLANK(N63),"",VLOOKUP(N63,'(Linked) PLr Probability Factor'!$B$7:$C$8,2,FALSE)) -> A | P63: C | Q63: =COUNTIF((O63:O67), "C") -> 2 | R63: =Q63 -> 2 | S63: =IF(ISBLANK(K63),"",IF(L63<2,"S1","S2")) -> S2 | U63: Protección/puerta móvil: Añadir nueva, con Interlocked | V63: Insignificante: Sin primeros auxilios; rasguño o moretón. | W63: =IF(ISBLANK(V63),"",VLOOKUP(V63,'(Linked) Hazard Risk Number HRN'!$B$6:$C$13,2,FALSE)) -> 0.1 | X63: =IF(X65="","",IF(X65>500,'(Linked) Hazard Risk Number HRN'!$C$37,IF(X65>50,'(Linked) Hazard Risk Number HRN'!$C$36,IF(X65>25,'(Linked) Hazard Risk Number HRN'!$C$35,IF(X65>5,'(Linked) Hazard Risk Number HRN'!$C$34,IF(X65>0,'(Linked) Hazard Risk Number HRN'!$C$33,"")))))) -> Insignificante | Y63: Mantenimiento: Procedimiento/SOP/LOTO | Z63: Insignificante: Sin primeros auxilios; rasguño o moretón. | AA63: =IF(ISBLANK(Z63),"",VLOOKUP(Z63,'(Linked) Hazard Risk Number HRN'!$B$6:$C$13,2,FALSE)) -> 0.1 | AB63: =IF(AB65="","",IF(AB65>500,'(Linked) Hazard Risk Number HRN'!$C$37,IF(AB65>50,'(Linked) Hazard Risk Number HRN'!$C$36,IF(AB65>25,'(Linked) Hazard Risk Number HRN'!$C$35,IF(AB65>5,'(Linked) Hazard Risk Number HRN'!$C$34,IF(AB65>0,'(Linked) Hazard Risk Number HRN'!$C$33,"")))))) -> Insignificante | AC63: Protección/puerta móvil: Añadir nueva, con Interlocked | AE63: Insignificante: Sin primeros auxilios; rasguño o moretón. | AF63: =IF(ISBLANK(AE63),"",VLOOKUP(AE63,'(Linked) Hazard Risk Number HRN'!$B$6:$C$13,2,FALSE)) -> 0.1 | AG63: =IF(AG65="","",IF(AG65>500,'(Linked) Hazard Risk Number HRN'!$C$37,IF(AG65>50,'(Linked) Hazard Risk Number HRN'!$C$36,IF(AG65>25,'(Linked) Hazard Risk Number HRN'!$C$35,IF(AG65>5,'(Linked) Hazard Risk Number HRN'!$C$34,IF(AG65>0,'(Linked) Hazard Risk Number HRN'!$C$33,"")))))) -> Insignificante
K64: Semanal | L64: =IF(ISBLANK(K64),"",VLOOKUP(K64,'(Linked) Hazard Risk Number HRN'!$B$16:$C$26,2,FALSE)) -> 1.5 | N64: Evento de alta velocidad ej. > 1000 mm/s, tiempo para el peligro <1s y/o Tiempo limitado para escapar | O64: =IF(ISBLANK(N64),"",VLOOKUP(N64,'(Linked) PLr Probability Factor'!$B$12:$C$14,2,FALSE)) -> C | P64: B | Q64: =COUNTIF((O63:O67), "B") -> 1 | R64: =Q64 -> 1 | S64: =IF(ISBLANK(K64),"",IF(L64<5,"F1","F2")) -> F1 | V64: Semanal | W64: =IF(ISBLANK(V64),"",VLOOKUP(V64,'(Linked) Hazard Risk Number HRN'!$B$16:$C$26,2,FALSE)) -> 1.5 | Z64: Semanal | AA64: =IF(ISBLANK(Z64),"",VLOOKUP(Z64,'(Linked) Hazard Risk Number HRN'!$B$16:$C$26,2,FALSE)) -> 1.5 | AE64: Semanal | AF64: =IF(ISBLANK(AE64),"",VLOOKUP(AE64,'(Linked) Hazard Risk Number HRN'!$B$16:$C$26,2,FALSE)) -> 1.5
K65: Muy probable, es de esperarse | L65: =IF(ISBLANK(K65),"",VLOOKUP(K65,'(Linked) Hazard Risk Number HRN'!$D$6:$E$14,2,FALSE)) -> 10 | M65: =IF(OR(ISBLANK(K63),ISBLANK(K64),ISBLANK(K65),ISBLANK(K66)),"",L63*L64*L65*L66) -> 90 | N65: Imposible | O65: =IF(ISBLANK(N65),"",VLOOKUP(N65,'(Linked) PLr Probability Factor'!$B$17:$C$20,2,FALSE)) -> C | P65: A | Q65: =COUNTIF((O63:O67), "A") -> 2 | R65: =Q65 -> 2 | T65: {=IF(OR(ISBLANK(K63),ISBLANK(K64),ISBLANK(N64),ISBLANK(N65),ISBLANK(N66)),"",INDEX(INDEX('(Linked) PLr Probability Factor'!C$33:$F$44,0,4),MATCH(S63&S64&S67,INDEX('(Linked) PLr Probability Factor'!C$33:$F$44,0,1)&INDEX('(Linked) PLr Probability Factor'!C$33:$F$44,0,2)&INDEX('(Linked) PLr Probability Factor'!C$33:$F$44,0,3),0)))} -> PLd | V65: Casi imposible, posible solo bajo circunstancias extremas | W65: =IF(ISBLANK(V65),"",VLOOKUP(V65,'(Linked) Hazard Risk Number HRN'!$D$6:$E$14,2,FALSE)) -> 0.033 | X65: =IF(OR(ISBLANK(V63),ISBLANK(V64),ISBLANK(V65),ISBLANK(V66)),"",W63*W64*W65*W66) -> 0.00495 | Z65: Casi imposible, posible solo bajo circunstancias extremas | AA65: =IF(ISBLANK(Z65),"",VLOOKUP(Z65,'(Linked) Hazard Risk Number HRN'!$D$6:$E$14,2,FALSE)) -> 0.033 | AB65: =IF(OR(ISBLANK(Z63),ISBLANK(Z64),ISBLANK(Z65),ISBLANK(Z66)),"",AA63*AA64*AA65*AA66) -> 0.00495 | AE65: Casi imposible, posible solo bajo circunstancias extremas | AF65: =IF(ISBLANK(AE65),"",VLOOKUP(AE65,'(Linked) Hazard Risk Number HRN'!$D$6:$E$14,2,FALSE)) -> 0.033 | AG65: =IF(OR(ISBLANK(AE63),ISBLANK(AE64),ISBLANK(AE65),ISBLANK(AE66)),"",AF63*AF64*AF65*AF66) -> 0.00495
K66: 1 a 2 personas | L66: =IF(ISBLANK(K66),"",VLOOKUP(K66,'(Linked) Hazard Risk Number HRN'!$D$17:$E$22,2,FALSE)) -> 1 | N66: Facil reconocimiento del peligro posible en el 50% o mas de los casos | O66: =IF(ISBLANK(N66),"",VLOOKUP(N66,'(Linked) PLr Probability Factor'!$B$23:$C$26,2,FALSE)) -> A | P66: Total | Q66: =SUM(R63:R65) -> 5 | R66: =Q66 -> 5 | V66: 1 a 2 personas | W66: =IF(ISBLANK(V66),"",VLOOKUP(V66,'(Linked) Hazard Risk Number HRN'!$D$17:$E$22,2,FALSE)) -> 1 | Z66: 1 a 2 personas | AA66: =IF(ISBLANK(Z66),"",VLOOKUP(Z66,'(Linked) Hazard Risk Number HRN'!$D$17:$E$22,2,FALSE)) -> 1 | AE66: 1 a 2 personas | AF66: =IF(ISBLANK(AE66),"",VLOOKUP(AE66,'(Linked) Hazard Risk Number HRN'!$D$17:$E$22,2,FALSE)) -> 1
N67: Media a alta complejidad ej. (hold‑to‑run) para el ajuste o configuración de una parte de la máquina. | O67: =IF(ISBLANK(N67),"",VLOOKUP(N67,'(Linked) PLr Probability Factor'!$B$29:$C$32,2,FALSE)) -> B | S67: =IF(OR(ISBLANK(N64),ISBLANK(N65),ISBLANK(N66)),"",IF(R63>0,"P2",IF(AND(R63=0,R64>2),"P2",IF(AND(R63=0,R64=2),"P2",IF(AND(R63=0,AND(R64<2,R65>1)),"P1"," "))))) -> P2
B68: 13 | C68: Mantenimiento preventivo | D68: Mecánica: transmisión; pinchazo/aplastamiento/enredamiento. | H68: X | K68: Mayor: Lesión grave, fractura ósea o cirugía general; incapacidad laboral documentada. Labores restringidas por más de 2 semanas y menos de 6 meses. | L68: =IF(ISBLANK(K68),"",VLOOKUP(K68,'(Linked) Hazard Risk Number HRN'!$B$6:$C$13,2,FALSE)) -> 6 | M68: =IF(M70="","",IF(M70>500,'(Linked) Hazard Risk Number HRN'!$C$37,IF(M70>50,'(Linked) Hazard Risk Number HRN'!$C$36,IF(M70>25,'(Linked) Hazard Risk Number HRN'!$C$35,IF(M70>5,'(Linked) Hazard Risk Number HRN'!$C$34,IF(M70>0,'(Linked) Hazard Risk Number HRN'!$C$33,"")))))) -> Riesgo Alto | N68: Persona calificada | O68: =IF(ISBLANK(N68),"",VLOOKUP(N68,'(Linked) PLr Probability Factor'!$B$7:$C$8,2,FALSE)) -> A | P68: C | Q68: =COUNTIF((O68:O72), "C") -> 1 | R68: =Q68 -> 1 | S68: =IF(ISBLANK(K68),"",IF(L68<2,"S1","S2")) -> S2 | U68: Protección/puerta móvil: Añadir nueva, con Interlocked | V68: Insignificante: Sin primeros auxilios; rasguño o moretón. | W68: =IF(ISBLANK(V68),"",VLOOKUP(V68,'(Linked) Hazard Risk Number HRN'!$B$6:$C$13,2,FALSE)) -> 0.1 | X68: =IF(X70="","",IF(X70>500,'(Linked) Hazard Risk Number HRN'!$C$37,IF(X70>50,'(Linked) Hazard Risk Number HRN'!$C$36,IF(X70>25,'(Linked) Hazard Risk Number HRN'!$C$35,IF(X70>5,'(Linked) Hazard Risk Number HRN'!$C$34,IF(X70>0,'(Linked) Hazard Risk Number HRN'!$C$33,"")))))) -> Insignificante | Y68: Mantenimiento: Procedimiento/SOP/LOTO | Z68: Insignificante: Sin primeros auxilios; rasguño o moretón. | AA68: =IF(ISBLANK(Z68),"",VLOOKUP(Z68,'(Linked) Hazard Risk Number HRN'!$B$6:$C$13,2,FALSE)) -> 0.1 | AB68: =IF(AB70="","",IF(AB70>500,'(Linked) Hazard Risk Number HRN'!$C$37,IF(AB70>50,'(Linked) Hazard Risk Number HRN'!$C$36,IF(AB70>25,'(Linked) Hazard Risk Number HRN'!$C$35,IF(AB70>5,'(Linked) Hazard Risk Number HRN'!$C$34,IF(AB70>0,'(Linked) Hazard Risk Number HRN'!$C$33,"")))))) -> Insignificante | AC68: Protección/puerta móvil: Añadir nueva, con Interlocked | AE68: Insignificante: Sin primeros auxilios; rasguño o moretón. | AF68: =IF(ISBLANK(AE68),"",VLOOKUP(AE68,'(Linked) Hazard Risk Number HRN'!$B$6:$C$13,2,FALSE)) -> 0.1 | AG68: =IF(AG70="","",IF(AG70>500,'(Linked) Hazard Risk Number HRN'!$C$37,IF(AG70>50,'(Linked) Hazard Risk Number HRN'!$C$36,IF(AG70>25,'(Linked) Hazard Risk Number HRN'!$C$35,IF(AG70>5,'(Linked) Hazard Risk Number HRN'!$C$34,IF(AG70>0,'(Linked) Hazard Risk Number HRN'!$C$33,"")))))) -> Insignificante
K69: Semanal | L69: =IF(ISBLANK(K69),"",VLOOKUP(K69,'(Linked) Hazard Risk Number HRN'!$B$16:$C$26,2,FALSE)) -> 1.5 | N69: Evento de baja o muy baja velocidad ej. <250 mm/s, tiempo para el peligro ≥3s y/o tiempo suficiente para escapar | O69: =IF(ISBLANK(N69),"",VLOOKUP(N69,'(Linked) PLr Probability Factor'!$B$12:$C$14,2,FALSE)) -> A | P69: B | Q69: =COUNTIF((O68:O72), "B") -> 1 | R69: =Q69 -> 1 | S69: =IF(ISBLANK(K69),"",IF(L69<5,"F1","F2")) -> F1 | V69: Semanal | W69: =IF(ISBLANK(V69),"",VLOOKUP(V69,'(Linked) Hazard Risk Number HRN'!$B$16:$C$26,2,FALSE)) -> 1.5 | Z69: Semanal | AA69: =IF(ISBLANK(Z69),"",VLOOKUP(Z69,'(Linked) Hazard Risk Number HRN'!$B$16:$C$26,2,FALSE)) -> 1.5 | AE69: Semanal | AF69: =IF(ISBLANK(AE69),"",VLOOKUP(AE69,'(Linked) Hazard Risk Number HRN'!$B$16:$C$26,2,FALSE)) -> 1.5
K70: Muy probable, es de esperarse | L70: =IF(ISBLANK(K70),"",VLOOKUP(K70,'(Linked) Hazard Risk Number HRN'!$D$6:$E$14,2,FALSE)) -> 10 | M70: =IF(OR(ISBLANK(K68),ISBLANK(K69),ISBLANK(K70),ISBLANK(K71)),"",L68*L69*L70*L71) -> 90 | N70: Imposible | O70: =IF(ISBLANK(N70),"",VLOOKUP(N70,'(Linked) PLr Probability Factor'!$B$17:$C$20,2,FALSE)) -> C | P70: A | Q70: =COUNTIF((O68:O72), "A") -> 3 | R70: =Q70 -> 3 | T70: {=IF(OR(ISBLANK(K68),ISBLANK(K69),ISBLANK(N69),ISBLANK(N70),ISBLANK(N71)),"",INDEX(INDEX('(Linked) PLr Probability Factor'!C$33:$F$44,0,4),MATCH(S68&S69&S72,INDEX('(Linked) PLr Probability Factor'!C$33:$F$44,0,1)&INDEX('(Linked) PLr Probability Factor'!C$33:$F$44,0,2)&INDEX('(Linked) PLr Probability Factor'!C$33:$F$44,0,3),0)))} -> PLd | V70: Casi imposible, posible solo bajo circunstancias extremas | W70: =IF(ISBLANK(V70),"",VLOOKUP(V70,'(Linked) Hazard Risk Number HRN'!$D$6:$E$14,2,FALSE)) -> 0.033 | X70: =IF(OR(ISBLANK(V68),ISBLANK(V69),ISBLANK(V70),ISBLANK(V71)),"",W68*W69*W70*W71) -> 0.00495 | Z70: Casi imposible, posible solo bajo circunstancias extremas | AA70: =IF(ISBLANK(Z70),"",VLOOKUP(Z70,'(Linked) Hazard Risk Number HRN'!$D$6:$E$14,2,FALSE)) -> 0.033 | AB70: =IF(OR(ISBLANK(Z68),ISBLANK(Z69),ISBLANK(Z70),ISBLANK(Z71)),"",AA68*AA69*AA70*AA71) -> 0.00495 | AE70: Casi imposible, posible solo bajo circunstancias extremas | AF70: =IF(ISBLANK(AE70),"",VLOOKUP(AE70,'(Linked) Hazard Risk Number HRN'!$D$6:$E$14,2,FALSE)) -> 0.033 | AG70: =IF(OR(ISBLANK(AE68),ISBLANK(AE69),ISBLANK(AE70),ISBLANK(AE71)),"",AF68*AF69*AF70*AF71) -> 0.00495
K71: 1 a 2 personas | L71: =IF(ISBLANK(K71),"",VLOOKUP(K71,'(Linked) Hazard Risk Number HRN'!$D$17:$E$22,2,FALSE)) -> 1 | N71: Facil reconocimiento del peligro posible en el 50% o mas de los casos | O71: =IF(ISBLANK(N71),"",VLOOKUP(N71,'(Linked) PLr Probability Factor'!$B$23:$C$26,2,FALSE)) -> A | P71: Total | Q71: =SUM(R68:R70) -> 5 | R71: =Q71 -> 5 | V71: 1 a 2 personas | W71: =IF(ISBLANK(V71),"",VLOOKUP(V71,'(Linked) Hazard Risk Number HRN'!$D$17:$E$22,2,FALSE)) -> 1 | Z71: 1 a 2 personas | AA71: =IF(ISBLANK(Z71),"",VLOOKUP(Z71,'(Linked) Hazard Risk Number HRN'!$D$17:$E$22,2,FALSE)) -> 1 | AE71: 1 a 2 personas | AF71: =IF(ISBLANK(AE71),"",VLOOKUP(AE71,'(Linked) Hazard Risk Number HRN'!$D$17:$E$22,2,FALSE)) -> 1
N72: Media a alta complejidad ej. (hold‑to‑run) para el ajuste o configuración de una parte de la máquina. | O72: =IF(ISBLANK(N72),"",VLOOKUP(N72,'(Linked) PLr Probability Factor'!$B$29:$C$32,2,FALSE)) -> B | S72: =IF(OR(ISBLANK(N69),ISBLANK(N70),ISBLANK(N71)),"",IF(R68>0,"P2",IF(AND(R68=0,R69>2),"P2",IF(AND(R68=0,R69=2),"P2",IF(AND(R68=0,AND(R69<2,R70>1)),"P1"," "))))) -> P2
B73: 14 | L73: =IF(ISBLANK(K73),"",VLOOKUP(K73,'(Linked) Hazard Risk Number HRN'!$B$6:$C$13,2,FALSE)) | M73: =IF(M75="","",IF(M75>500,'(Linked) Hazard Risk Number HRN'!$C$37,IF(M75>50,'(Linked) Hazard Risk Number HRN'!$C$36,IF(M75>25,'(Linked) Hazard Risk Number HRN'!$C$35,IF(M75>5,'(Linked) Hazard Risk Number HRN'!$C$34,IF(M75>0,'(Linked) Hazard Risk Number HRN'!$C$33,"")))))) | O73: =IF(ISBLANK(N73),"",VLOOKUP(N73,'(Linked) PLr Probability Factor'!$B$7:$C$8,2,FALSE)) | P73: C | Q73: =COUNTIF((O73:O77), "C") -> 0 | R73: =Q73 -> 0 | S73: =IF(ISBLANK(K73),"",IF(L73<2,"S1","S2")) | W73: =IF(ISBLANK(V73),"",VLOOKUP(V73,'(Linked) Hazard Risk Number HRN'!$B$6:$C$13,2,FALSE)) | X73: =IF(X75="","",IF(X75>500,'(Linked) Hazard Risk Number HRN'!$C$37,IF(X75>50,'(Linked) Hazard Risk Number HRN'!$C$36,IF(X75>25,'(Linked) Hazard Risk Number HRN'!$C$35,IF(X75>5,'(Linked) Hazard Risk Number HRN'!$C$34,IF(X75>0,'(Linked) Hazard Risk Number HRN'!$C$33,"")))))) | AA73: =IF(ISBLANK(Z73),"",VLOOKUP(Z73,'(Linked) Hazard Risk Number HRN'!$B$6:$C$13,2,FALSE)) | AB73: =IF(AB75="","",IF(AB75>500,'(Linked) Hazard Risk Number HRN'!$C$37,IF(AB75>50,'(Linked) Hazard Risk Number HRN'!$C$36,IF(AB75>25,'(Linked) Hazard Risk Number HRN'!$C$35,IF(AB75>5,'(Linked) Hazard Risk Number HRN'!$C$34,IF(AB75>0,'(Linked) Hazard Risk Number HRN'!$C$33,"")))))) | AF73: =IF(ISBLANK(AE73),"",VLOOKUP(AE73,'(Linked) Hazard Risk Number HRN'!$B$6:$C$13,2,FALSE)) | AG73: =IF(AG75="","",IF(AG75>500,'(Linked) Hazard Risk Number HRN'!$C$37,IF(AG75>50,'(Linked) Hazard Risk Number HRN'!$C$36,IF(AG75>25,'(Linked) Hazard Risk Number HRN'!$C$35,IF(AG75>5,'(Linked) Hazard Risk Number HRN'!$C$34,IF(AG75>0,'(Linked) Hazard Risk Number HRN'!$C$33,""))))))
L74: =IF(ISBLANK(K74),"",VLOOKUP(K74,'(Linked) Hazard Risk Number HRN'!$B$16:$C$26,2,FALSE)) | O74: =IF(ISBLANK(N74),"",VLOOKUP(N74,'(Linked) PLr Probability Factor'!$B$12:$C$14,2,FALSE)) | P74: B | Q74: =COUNTIF((O73:O77), "B") -> 0 | R74: =Q74 -> 0 | S74: =IF(ISBLANK(K74),"",IF(L74<5,"F1","F2")) | W74: =IF(ISBLANK(V74),"",VLOOKUP(V74,'(Linked) Hazard Risk Number HRN'!$B$16:$C$26,2,FALSE)) | AA74: =IF(ISBLANK(Z74),"",VLOOKUP(Z74,'(Linked) Hazard Risk Number HRN'!$B$16:$C$26,2,FALSE)) | AF74: =IF(ISBLANK(AE74),"",VLOOKUP(AE74,'(Linked) Hazard Risk Number HRN'!$B$16:$C$26,2,FALSE))
L75: =IF(ISBLANK(K75),"",VLOOKUP(K75,'(Linked) Hazard Risk Number HRN'!$D$6:$E$14,2,FALSE)) | M75: =IF(OR(ISBLANK(K73),ISBLANK(K74),ISBLANK(K75),ISBLANK(K76)),"",L73*L74*L75*L76) | O75: =IF(ISBLANK(N75),"",VLOOKUP(N75,'(Linked) PLr Probability Factor'!$B$17:$C$20,2,FALSE)) | P75: A | Q75: =COUNTIF((O73:O77), "A") -> 0 | R75: =Q75 -> 0 | T75: {=IF(OR(ISBLANK(K73),ISBLANK(K74),ISBLANK(N74),ISBLANK(N75),ISBLANK(N76)),"",INDEX(INDEX('(Linked) PLr Probability Factor'!C$33:$F$44,0,4),MATCH(S73&S74&S77,INDEX('(Linked) PLr Probability Factor'!C$33:$F$44,0,1)&INDEX('(Linked) PLr Probability Factor'!C$33:$F$44,0,2)&INDEX('(Linked) PLr Probability Factor'!C$33:$F$44,0,3),0)))} | W75: =IF(ISBLANK(V75),"",VLOOKUP(V75,'(Linked) Hazard Risk Number HRN'!$D$6:$E$14,2,FALSE)) | X75: =IF(OR(ISBLANK(V73),ISBLANK(V74),ISBLANK(V75),ISBLANK(V76)),"",W73*W74*W75*W76) | AA75: =IF(ISBLANK(Z75),"",VLOOKUP(Z75,'(Linked) Hazard Risk Number HRN'!$D$6:$E$14,2,FALSE)) | AB75: =IF(OR(ISBLANK(Z73),ISBLANK(Z74),ISBLANK(Z75),ISBLANK(Z76)),"",AA73*AA74*AA75*AA76) | AF75: =IF(ISBLANK(AE75),"",VLOOKUP(AE75,'(Linked) Hazard Risk Number HRN'!$D$6:$E$14,2,FALSE)) | AG75: =IF(OR(ISBLANK(AE73),ISBLANK(AE74),ISBLANK(AE75),ISBLANK(AE76)),"",AF73*AF74*AF75*AF76)
L76: =IF(ISBLANK(K76),"",VLOOKUP(K76,'(Linked) Hazard Risk Number HRN'!$D$17:$E$22,2,FALSE)) | O76: =IF(ISBLANK(N76),"",VLOOKUP(N76,'(Linked) PLr Probability Factor'!$B$23:$C$26,2,FALSE)) | P76: Total | Q76: =SUM(R73:R75) -> 0 | R76: =Q76 -> 0 | W76: =IF(ISBLANK(V76),"",VLOOKUP(V76,'(Linked) Hazard Risk Number HRN'!$D$17:$E$22,2,FALSE)) | AA76: =IF(ISBLANK(Z76),"",VLOOKUP(Z76,'(Linked) Hazard Risk Number HRN'!$D$17:$E$22,2,FALSE)) | AF76: =IF(ISBLANK(AE76),"",VLOOKUP(AE76,'(Linked) Hazard Risk Number HRN'!$D$17:$E$22,2,FALSE))
O77: =IF(ISBLANK(N77),"",VLOOKUP(N77,'(Linked) PLr Probability Factor'!$B$29:$C$32,2,FALSE)) | S77: =IF(OR(ISBLANK(N74),ISBLANK(N75),ISBLANK(N76)),"",IF(R73>0,"P2",IF(AND(R73=0,R74>2),"P2",IF(AND(R73=0,R74=2),"P2",IF(AND(R73=0,AND(R74<2,R75>1)),"P1"," ")))))
B78: 15 | L78: =IF(ISBLANK(K78),"",VLOOKUP(K78,'(Linked) Hazard Risk Number HRN'!$B$6:$C$13,2,FALSE)) | M78: =IF(M80="","",IF(M80>500,'(Linked) Hazard Risk Number HRN'!$C$37,IF(M80>50,'(Linked) Hazard Risk Number HRN'!$C$36,IF(M80>25,'(Linked) Hazard Risk Number HRN'!$C$35,IF(M80>5,'(Linked) Hazard Risk Number HRN'!$C$34,IF(M80>0,'(Linked) Hazard Risk Number HRN'!$C$33,"")))))) | O78: =IF(ISBLANK(N78),"",VLOOKUP(N78,'(Linked) PLr Probability Factor'!$B$7:$C$8,2,FALSE)) | P78: C | Q78: =COUNTIF((O78:O82), "C") -> 0 | R78: =Q78 -> 0 | S78: =IF(ISBLANK(K78),"",IF(L78<2,"S1","S2")) | W78: =IF(ISBLANK(V78),"",VLOOKUP(V78,'(Linked) Hazard Risk Number HRN'!$B$6:$C$13,2,FALSE)) | X78: =IF(X80="","",IF(X80>500,'(Linked) Hazard Risk Number HRN'!$C$37,IF(X80>50,'(Linked) Hazard Risk Number HRN'!$C$36,IF(X80>25,'(Linked) Hazard Risk Number HRN'!$C$35,IF(X80>5,'(Linked) Hazard Risk Number HRN'!$C$34,IF(X80>0,'(Linked) Hazard Risk Number HRN'!$C$33,"")))))) | AA78: =IF(ISBLANK(Z78),"",VLOOKUP(Z78,'(Linked) Hazard Risk Number HRN'!$B$6:$C$13,2,FALSE)) | AB78: =IF(AB80="","",IF(AB80>500,'(Linked) Hazard Risk Number HRN'!$C$37,IF(AB80>50,'(Linked) Hazard Risk Number HRN'!$C$36,IF(AB80>25,'(Linked) Hazard Risk Number HRN'!$C$35,IF(AB80>5,'(Linked) Hazard Risk Number HRN'!$C$34,IF(AB80>0,'(Linked) Hazard Risk Number HRN'!$C$33,"")))))) | AF78: =IF(ISBLANK(AE78),"",VLOOKUP(AE78,'(Linked) Hazard Risk Number HRN'!$B$6:$C$13,2,FALSE)) | AG78: =IF(AG80="","",IF(AG80>500,'(Linked) Hazard Risk Number HRN'!$C$37,IF(AG80>50,'(Linked) Hazard Risk Number HRN'!$C$36,IF(AG80>25,'(Linked) Hazard Risk Number HRN'!$C$35,IF(AG80>5,'(Linked) Hazard Risk Number HRN'!$C$34,IF(AG80>0,'(Linked) Hazard Risk Number HRN'!$C$33,""))))))
L79: =IF(ISBLANK(K79),"",VLOOKUP(K79,'(Linked) Hazard Risk Number HRN'!$B$16:$C$26,2,FALSE)) | O79: =IF(ISBLANK(N79),"",VLOOKUP(N79,'(Linked) PLr Probability Factor'!$B$12:$C$14,2,FALSE)) | P79: B | Q79: =COUNTIF((O78:O82), "B") -> 0 | R79: =Q79 -> 0 | S79: =IF(ISBLANK(K79),"",IF(L79<5,"F1","F2")) | W79: =IF(ISBLANK(V79),"",VLOOKUP(V79,'(Linked) Hazard Risk Number HRN'!$B$16:$C$26,2,FALSE)) | AA79: =IF(ISBLANK(Z79),"",VLOOKUP(Z79,'(Linked) Hazard Risk Number HRN'!$B$16:$C$26,2,FALSE)) | AF79: =IF(ISBLANK(AE79),"",VLOOKUP(AE79,'(Linked) Hazard Risk Number HRN'!$B$16:$C$26,2,FALSE))
L80: =IF(ISBLANK(K80),"",VLOOKUP(K80,'(Linked) Hazard Risk Number HRN'!$D$6:$E$14,2,FALSE)) | M80: =IF(OR(ISBLANK(K78),ISBLANK(K79),ISBLANK(K80),ISBLANK(K81)),"",L78*L79*L80*L81) | O80: =IF(ISBLANK(N80),"",VLOOKUP(N80,'(Linked) PLr Probability Factor'!$B$17:$C$20,2,FALSE)) | P80: A | Q80: =COUNTIF((O78:O82), "A") -> 0 | R80: =Q80 -> 0 | T80: {=IF(OR(ISBLANK(K78),ISBLANK(K79),ISBLANK(N79),ISBLANK(N80),ISBLANK(N81)),"",INDEX(INDEX('(Linked) PLr Probability Factor'!C$33:$F$44,0,4),MATCH(S78&S79&S82,INDEX('(Linked) PLr Probability Factor'!C$33:$F$44,0,1)&INDEX('(Linked) PLr Probability Factor'!C$33:$F$44,0,2)&INDEX('(Linked) PLr Probability Factor'!C$33:$F$44,0,3),0)))} | W80: =IF(ISBLANK(V80),"",VLOOKUP(V80,'(Linked) Hazard Risk Number HRN'!$D$6:$E$14,2,FALSE)) | X80: =IF(OR(ISBLANK(V78),ISBLANK(V79),ISBLANK(V80),ISBLANK(V81)),"",W78*W79*W80*W81) | AA80: =IF(ISBLANK(Z80),"",VLOOKUP(Z80,'(Linked) Hazard Risk Number HRN'!$D$6:$E$14,2,FALSE)) | AB80: =IF(OR(ISBLANK(Z78),ISBLANK(Z79),ISBLANK(Z80),ISBLANK(Z81)),"",AA78*AA79*AA80*AA81) | AF80: =IF(ISBLANK(AE80),"",VLOOKUP(AE80,'(Linked) Hazard Risk Number HRN'!$D$6:$E$14,2,FALSE)) | AG80: =IF(OR(ISBLANK(AE78),ISBLANK(AE79),ISBLANK(AE80),ISBLANK(AE81)),"",AF78*AF79*AF80*AF81)
L81: =IF(ISBLANK(K81),"",VLOOKUP(K81,'(Linked) Hazard Risk Number HRN'!$D$17:$E$22,2,FALSE)) | O81: =IF(ISBLANK(N81),"",VLOOKUP(N81,'(Linked) PLr Probability Factor'!$B$23:$C$26,2,FALSE)) | P81: Total | Q81: =SUM(R78:R80) -> 0 | R81: =Q81 -> 0 | W81: =IF(ISBLANK(V81),"",VLOOKUP(V81,'(Linked) Hazard Risk Number HRN'!$D$17:$E$22,2,FALSE)) | AA81: =IF(ISBLANK(Z81),"",VLOOKUP(Z81,'(Linked) Hazard Risk Number HRN'!$D$17:$E$22,2,FALSE)) | AF81: =IF(ISBLANK(AE81),"",VLOOKUP(AE81,'(Linked) Hazard Risk Number HRN'!$D$17:$E$22,2,FALSE))
O82: =IF(ISBLANK(N82),"",VLOOKUP(N82,'(Linked) PLr Probability Factor'!$B$29:$C$32,2,FALSE)) | S82: =IF(OR(ISBLANK(N79),ISBLANK(N80),ISBLANK(N81)),"",IF(R78>0,"P2",IF(AND(R78=0,R79>2),"P2",IF(AND(R78=0,R79=2),"P2",IF(AND(R78=0,AND(R79<2,R80>1)),"P1"," ")))))
B83: 16 | L83: =IF(ISBLANK(K83),"",VLOOKUP(K83,'(Linked) Hazard Risk Number HRN'!$B$6:$C$13,2,FALSE)) | M83: =IF(M85="","",IF(M85>500,'(Linked) Hazard Risk Number HRN'!$C$37,IF(M85>50,'(Linked) Hazard Risk Number HRN'!$C$36,IF(M85>25,'(Linked) Hazard Risk Number HRN'!$C$35,IF(M85>5,'(Linked) Hazard Risk Number HRN'!$C$34,IF(M85>0,'(Linked) Hazard Risk Number HRN'!$C$33,"")))))) | O83: =IF(ISBLANK(N83),"",VLOOKUP(N83,'(Linked) PLr Probability Factor'!$B$7:$C$8,2,FALSE)) | P83: C | Q83: =COUNTIF((O83:O87), "C") -> 0 | R83: =Q83 -> 0 | S83: =IF(ISBLANK(K83),"",IF(L83<2,"S1","S2")) | W83: =IF(ISBLANK(V83),"",VLOOKUP(V83,'(Linked) Hazard Risk Number HRN'!$B$6:$C$13,2,FALSE)) | X83: =IF(X85="","",IF(X85>500,'(Linked) Hazard Risk Number HRN'!$C$37,IF(X85>50,'(Linked) Hazard Risk Number HRN'!$C$36,IF(X85>25,'(Linked) Hazard Risk Number HRN'!$C$35,IF(X85>5,'(Linked) Hazard Risk Number HRN'!$C$34,IF(X85>0,'(Linked) Hazard Risk Number HRN'!$C$33,"")))))) | AA83: =IF(ISBLANK(Z83),"",VLOOKUP(Z83,'(Linked) Hazard Risk Number HRN'!$B$6:$C$13,2,FALSE)) | AB83: =IF(AB85="","",IF(AB85>500,'(Linked) Hazard Risk Number HRN'!$C$37,IF(AB85>50,'(Linked) Hazard Risk Number HRN'!$C$36,IF(AB85>25,'(Linked) Hazard Risk Number HRN'!$C$35,IF(AB85>5,'(Linked) Hazard Risk Number HRN'!$C$34,IF(AB85>0,'(Linked) Hazard Risk Number HRN'!$C$33,"")))))) | AF83: =IF(ISBLANK(AE83),"",VLOOKUP(AE83,'(Linked) Hazard Risk Number HRN'!$B$6:$C$13,2,FALSE)) | AG83: =IF(AG85="","",IF(AG85>500,'(Linked) Hazard Risk Number HRN'!$C$37,IF(AG85>50,'(Linked) Hazard Risk Number HRN'!$C$36,IF(AG85>25,'(Linked) Hazard Risk Number HRN'!$C$35,IF(AG85>5,'(Linked) Hazard Risk Number HRN'!$C$34,IF(AG85>0,'(Linked) Hazard Risk Number HRN'!$C$33,""))))))
L84: =IF(ISBLANK(K84),"",VLOOKUP(K84,'(Linked) Hazard Risk Number HRN'!$B$16:$C$26,2,FALSE)) | O84: =IF(ISBLANK(N84),"",VLOOKUP(N84,'(Linked) PLr Probability Factor'!$B$12:$C$14,2,FALSE)) | P84: B | Q84: =COUNTIF((O83:O87), "B") -> 0 | R84: =Q84 -> 0 | S84: =IF(ISBLANK(K84),"",IF(L84<5,"F1","F2")) | W84: =IF(ISBLANK(V84),"",VLOOKUP(V84,'(Linked) Hazard Risk Number HRN'!$B$16:$C$26,2,FALSE)) | AA84: =IF(ISBLANK(Z84),"",VLOOKUP(Z84,'(Linked) Hazard Risk Number HRN'!$B$16:$C$26,2,FALSE)) | AF84: =IF(ISBLANK(AE84),"",VLOOKUP(AE84,'(Linked) Hazard Risk Number HRN'!$B$16:$C$26,2,FALSE))
L85: =IF(ISBLANK(K85),"",VLOOKUP(K85,'(Linked) Hazard Risk Number HRN'!$D$6:$E$14,2,FALSE)) | M85: =IF(OR(ISBLANK(K83),ISBLANK(K84),ISBLANK(K85),ISBLANK(K86)),"",L83*L84*L85*L86) | O85: =IF(ISBLANK(N85),"",VLOOKUP(N85,'(Linked) PLr Probability Factor'!$B$17:$C$20,2,FALSE)) | P85: A | Q85: =COUNTIF((O83:O87), "A") -> 0 | R85: =Q85 -> 0 | T85: {=IF(OR(ISBLANK(K83),ISBLANK(K84),ISBLANK(N84),ISBLANK(N85),ISBLANK(N86)),"",INDEX(INDEX('(Linked) PLr Probability Factor'!C$33:$F$44,0,4),MATCH(S83&S84&S87,INDEX('(Linked) PLr Probability Factor'!C$33:$F$44,0,1)&INDEX('(Linked) PLr Probability Factor'!C$33:$F$44,0,2)&INDEX('(Linked) PLr Probability Factor'!C$33:$F$44,0,3),0)))} | W85: =IF(ISBLANK(V85),"",VLOOKUP(V85,'(Linked) Hazard Risk Number HRN'!$D$6:$E$14,2,FALSE)) | X85: =IF(OR(ISBLANK(V83),ISBLANK(V84),ISBLANK(V85),ISBLANK(V86)),"",W83*W84*W85*W86) | AA85: =IF(ISBLANK(Z85),"",VLOOKUP(Z85,'(Linked) Hazard Risk Number HRN'!$D$6:$E$14,2,FALSE)) | AB85: =IF(OR(ISBLANK(Z83),ISBLANK(Z84),ISBLANK(Z85),ISBLANK(Z86)),"",AA83*AA84*AA85*AA86) | AF85: =IF(ISBLANK(AE85),"",VLOOKUP(AE85,'(Linked) Hazard Risk Number HRN'!$D$6:$E$14,2,FALSE)) | AG85: =IF(OR(ISBLANK(AE83),ISBLANK(AE84),ISBLANK(AE85),ISBLANK(AE86)),"",AF83*AF84*AF85*AF86)
L86: =IF(ISBLANK(K86),"",VLOOKUP(K86,'(Linked) Hazard Risk Number HRN'!$D$17:$E$22,2,FALSE)) | O86: =IF(ISBLANK(N86),"",VLOOKUP(N86,'(Linked) PLr Probability Factor'!$B$23:$C$26,2,FALSE)) | P86: Total | Q86: =SUM(R83:R85) -> 0 | R86: =Q86 -> 0 | W86: =IF(ISBLANK(V86),"",VLOOKUP(V86,'(Linked) Hazard Risk Number HRN'!$D$17:$E$22,2,FALSE)) | AA86: =IF(ISBLANK(Z86),"",VLOOKUP(Z86,'(Linked) Hazard Risk Number HRN'!$D$17:$E$22,2,FALSE)) | AF86: =IF(ISBLANK(AE86),"",VLOOKUP(AE86,'(Linked) Hazard Risk Number HRN'!$D$17:$E$22,2,FALSE))
O87: =IF(ISBLANK(N87),"",VLOOKUP(N87,'(Linked) PLr Probability Factor'!$B$29:$C$32,2,FALSE)) | S87: =IF(OR(ISBLANK(N84),ISBLANK(N85),ISBLANK(N86)),"",IF(R83>0,"P2",IF(AND(R83=0,R84>2),"P2",IF(AND(R83=0,R84=2),"P2",IF(AND(R83=0,AND(R84<2,R85>1)),"P1"," ")))))
B88: 17 | L88: =IF(ISBLANK(K88),"",VLOOKUP(K88,'(Linked) Hazard Risk Number HRN'!$B$6:$C$13,2,FALSE)) | M88: =IF(M90="","",IF(M90>500,'(Linked) Hazard Risk Number HRN'!$C$37,IF(M90>50,'(Linked) Hazard Risk Number HRN'!$C$36,IF(M90>25,'(Linked) Hazard Risk Number HRN'!$C$35,IF(M90>5,'(Linked) Hazard Risk Number HRN'!$C$34,IF(M90>0,'(Linked) Hazard Risk Number HRN'!$C$33,"")))))) | O88: =IF(ISBLANK(N88),"",VLOOKUP(N88,'(Linked) PLr Probability Factor'!$B$7:$C$8,2,FALSE)) | P88: C | Q88: =COUNTIF((O88:O92), "C") -> 0 | R88: =Q88 -> 0 | S88: =IF(ISBLANK(K88),"",IF(L88<2,"S1","S2")) | W88: =IF(ISBLANK(V88),"",VLOOKUP(V88,'(Linked) Hazard Risk Number HRN'!$B$6:$C$13,2,FALSE)) | X88: =IF(X90="","",IF(X90>500,'(Linked) Hazard Risk Number HRN'!$C$37,IF(X90>50,'(Linked) Hazard Risk Number HRN'!$C$36,IF(X90>25,'(Linked) Hazard Risk Number HRN'!$C$35,IF(X90>5,'(Linked) Hazard Risk Number HRN'!$C$34,IF(X90>0,'(Linked) Hazard Risk Number HRN'!$C$33,"")))))) | AA88: =IF(ISBLANK(Z88),"",VLOOKUP(Z88,'(Linked) Hazard Risk Number HRN'!$B$6:$C$13,2,FALSE)) | AB88: =IF(AB90="","",IF(AB90>500,'(Linked) Hazard Risk Number HRN'!$C$37,IF(AB90>50,'(Linked) Hazard Risk Number HRN'!$C$36,IF(AB90>25,'(Linked) Hazard Risk Number HRN'!$C$35,IF(AB90>5,'(Linked) Hazard Risk Number HRN'!$C$34,IF(AB90>0,'(Linked) Hazard Risk Number HRN'!$C$33,"")))))) | AF88: =IF(ISBLANK(AE88),"",VLOOKUP(AE88,'(Linked) Hazard Risk Number HRN'!$B$6:$C$13,2,FALSE)) | AG88: =IF(AG90="","",IF(AG90>500,'(Linked) Hazard Risk Number HRN'!$C$37,IF(AG90>50,'(Linked) Hazard Risk Number HRN'!$C$36,IF(AG90>25,'(Linked) Hazard Risk Number HRN'!$C$35,IF(AG90>5,'(Linked) Hazard Risk Number HRN'!$C$34,IF(AG90>0,'(Linked) Hazard Risk Number HRN'!$C$33,""))))))
L89: =IF(ISBLANK(K89),"",VLOOKUP(K89,'(Linked) Hazard Risk Number HRN'!$B$16:$C$26,2,FALSE)) | O89: =IF(ISBLANK(N89),"",VLOOKUP(N89,'(Linked) PLr Probability Factor'!$B$12:$C$14,2,FALSE)) | P89: B | Q89: =COUNTIF((O88:O92), "B") -> 0 | R89: =Q89 -> 0 | S89: =IF(ISBLANK(K89),"",IF(L89<5,"F1","F2")) | W89: =IF(ISBLANK(V89),"",VLOOKUP(V89,'(Linked) Hazard Risk Number HRN'!$B$16:$C$26,2,FALSE)) | AA89: =IF(ISBLANK(Z89),"",VLOOKUP(Z89,'(Linked) Hazard Risk Number HRN'!$B$16:$C$26,2,FALSE)) | AF89: =IF(ISBLANK(AE89),"",VLOOKUP(AE89,'(Linked) Hazard Risk Number HRN'!$B$16:$C$26,2,FALSE))
L90: =IF(ISBLANK(K90),"",VLOOKUP(K90,'(Linked) Hazard Risk Number HRN'!$D$6:$E$14,2,FALSE)) | M90: =IF(OR(ISBLANK(K88),ISBLANK(K89),ISBLANK(K90),ISBLANK(K91)),"",L88*L89*L90*L91) | O90: =IF(ISBLANK(N90),"",VLOOKUP(N90,'(Linked) PLr Probability Factor'!$B$17:$C$20,2,FALSE)) | P90: A | Q90: =COUNTIF((O88:O92), "A") -> 0 | R90: =Q90 -> 0 | T90: {=IF(OR(ISBLANK(K88),ISBLANK(K89),ISBLANK(N89),ISBLANK(N90),ISBLANK(N91)),"",INDEX(INDEX('(Linked) PLr Probability Factor'!C$33:$F$44,0,4),MATCH(S88&S89&S92,INDEX('(Linked) PLr Probability Factor'!C$33:$F$44,0,1)&INDEX('(Linked) PLr Probability Factor'!C$33:$F$44,0,2)&INDEX('(Linked) PLr Probability Factor'!C$33:$F$44,0,3),0)))} | W90: =IF(ISBLANK(V90),"",VLOOKUP(V90,'(Linked) Hazard Risk Number HRN'!$D$6:$E$14,2,FALSE)) | X90: =IF(OR(ISBLANK(V88),ISBLANK(V89),ISBLANK(V90),ISBLANK(V91)),"",W88*W89*W90*W91) | AA90: =IF(ISBLANK(Z90),"",VLOOKUP(Z90,'(Linked) Hazard Risk Number HRN'!$D$6:$E$14,2,FALSE)) | AB90: =IF(OR(ISBLANK(Z88),ISBLANK(Z89),ISBLANK(Z90),ISBLANK(Z91)),"",AA88*AA89*AA90*AA91) | AF90: =IF(ISBLANK(AE90),"",VLOOKUP(AE90,'(Linked) Hazard Risk Number HRN'!$D$6:$E$14,2,FALSE)) | AG90: =IF(OR(ISBLANK(AE88),ISBLANK(AE89),ISBLANK(AE90),ISBLANK(AE91)),"",AF88*AF89*AF90*AF91)
L91: =IF(ISBLANK(K91),"",VLOOKUP(K91,'(Linked) Hazard Risk Number HRN'!$D$17:$E$22,2,FALSE)) | O91: =IF(ISBLANK(N91),"",VLOOKUP(N91,'(Linked) PLr Probability Factor'!$B$23:$C$26,2,FALSE)) | P91: Total | Q91: =SUM(R88:R90) -> 0 | R91: =Q91 -> 0 | W91: =IF(ISBLANK(V91),"",VLOOKUP(V91,'(Linked) Hazard Risk Number HRN'!$D$17:$E$22,2,FALSE)) | AA91: =IF(ISBLANK(Z91),"",VLOOKUP(Z91,'(Linked) Hazard Risk Number HRN'!$D$17:$E$22,2,FALSE)) | AF91: =IF(ISBLANK(AE91),"",VLOOKUP(AE91,'(Linked) Hazard Risk Number HRN'!$D$17:$E$22,2,FALSE))
O92: =IF(ISBLANK(N92),"",VLOOKUP(N92,'(Linked) PLr Probability Factor'!$B$29:$C$32,2,FALSE)) | S92: =IF(OR(ISBLANK(N89),ISBLANK(N90),ISBLANK(N91)),"",IF(R88>0,"P2",IF(AND(R88=0,R89>2),"P2",IF(AND(R88=0,R89=2),"P2",IF(AND(R88=0,AND(R89<2,R90>1)),"P1"," ")))))
B93: 18 | L93: =IF(ISBLANK(K93),"",VLOOKUP(K93,'(Linked) Hazard Risk Number HRN'!$B$6:$C$13,2,FALSE)) | M93: =IF(M95="","",IF(M95>500,'(Linked) Hazard Risk Number HRN'!$C$37,IF(M95>50,'(Linked) Hazard Risk Number HRN'!$C$36,IF(M95>25,'(Linked) Hazard Risk Number HRN'!$C$35,IF(M95>5,'(Linked) Hazard Risk Number HRN'!$C$34,IF(M95>0,'(Linked) Hazard Risk Number HRN'!$C$33,"")))))) | O93: =IF(ISBLANK(N93),"",VLOOKUP(N93,'(Linked) PLr Probability Factor'!$B$7:$C$8,2,FALSE)) | P93: C | Q93: =COUNTIF((O93:O97), "C") -> 0 | R93: =Q93 -> 0 | S93: =IF(ISBLANK(K93),"",IF(L93<2,"S1","S2")) | W93: =IF(ISBLANK(V93),"",VLOOKUP(V93,'(Linked) Hazard Risk Number HRN'!$B$6:$C$13,2,FALSE)) | X93: =IF(X95="","",IF(X95>500,'(Linked) Hazard Risk Number HRN'!$C$37,IF(X95>50,'(Linked) Hazard Risk Number HRN'!$C$36,IF(X95>25,'(Linked) Hazard Risk Number HRN'!$C$35,IF(X95>5,'(Linked) Hazard Risk Number HRN'!$C$34,IF(X95>0,'(Linked) Hazard Risk Number HRN'!$C$33,"")))))) | AA93: =IF(ISBLANK(Z93),"",VLOOKUP(Z93,'(Linked) Hazard Risk Number HRN'!$B$6:$C$13,2,FALSE)) | AB93: =IF(AB95="","",IF(AB95>500,'(Linked) Hazard Risk Number HRN'!$C$37,IF(AB95>50,'(Linked) Hazard Risk Number HRN'!$C$36,IF(AB95>25,'(Linked) Hazard Risk Number HRN'!$C$35,IF(AB95>5,'(Linked) Hazard Risk Number HRN'!$C$34,IF(AB95>0,'(Linked) Hazard Risk Number HRN'!$C$33,"")))))) | AF93: =IF(ISBLANK(AE93),"",VLOOKUP(AE93,'(Linked) Hazard Risk Number HRN'!$B$6:$C$13,2,FALSE)) | AG93: =IF(AG95="","",IF(AG95>500,'(Linked) Hazard Risk Number HRN'!$C$37,IF(AG95>50,'(Linked) Hazard Risk Number HRN'!$C$36,IF(AG95>25,'(Linked) Hazard Risk Number HRN'!$C$35,IF(AG95>5,'(Linked) Hazard Risk Number HRN'!$C$34,IF(AG95>0,'(Linked) Hazard Risk Number HRN'!$C$33,""))))))
L94: =IF(ISBLANK(K94),"",VLOOKUP(K94,'(Linked) Hazard Risk Number HRN'!$B$16:$C$26,2,FALSE)) | O94: =IF(ISBLANK(N94),"",VLOOKUP(N94,'(Linked) PLr Probability Factor'!$B$12:$C$14,2,FALSE)) | P94: B | Q94: =COUNTIF((O93:O97), "B") -> 0 | R94: =Q94 -> 0 | S94: =IF(ISBLANK(K94),"",IF(L94<5,"F1","F2")) | W94: =IF(ISBLANK(V94),"",VLOOKUP(V94,'(Linked) Hazard Risk Number HRN'!$B$16:$C$26,2,FALSE)) | AA94: =IF(ISBLANK(Z94),"",VLOOKUP(Z94,'(Linked) Hazard Risk Number HRN'!$B$16:$C$26,2,FALSE)) | AF94: =IF(ISBLANK(AE94),"",VLOOKUP(AE94,'(Linked) Hazard Risk Number HRN'!$B$16:$C$26,2,FALSE))
L95: =IF(ISBLANK(K95),"",VLOOKUP(K95,'(Linked) Hazard Risk Number HRN'!$D$6:$E$14,2,FALSE)) | M95: =IF(OR(ISBLANK(K93),ISBLANK(K94),ISBLANK(K95),ISBLANK(K96)),"",L93*L94*L95*L96) | O95: =IF(ISBLANK(N95),"",VLOOKUP(N95,'(Linked) PLr Probability Factor'!$B$17:$C$20,2,FALSE)) | P95: A | Q95: =COUNTIF((O93:O97), "A") -> 0 | R95: =Q95 -> 0 | T95: {=IF(OR(ISBLANK(K93),ISBLANK(K94),ISBLANK(N94),ISBLANK(N95),ISBLANK(N96)),"",INDEX(INDEX('(Linked) PLr Probability Factor'!C$33:$F$44,0,4),MATCH(S93&S94&S97,INDEX('(Linked) PLr Probability Factor'!C$33:$F$44,0,1)&INDEX('(Linked) PLr Probability Factor'!C$33:$F$44,0,2)&INDEX('(Linked) PLr Probability Factor'!C$33:$F$44,0,3),0)))} | W95: =IF(ISBLANK(V95),"",VLOOKUP(V95,'(Linked) Hazard Risk Number HRN'!$D$6:$E$14,2,FALSE)) | X95: =IF(OR(ISBLANK(V93),ISBLANK(V94),ISBLANK(V95),ISBLANK(V96)),"",W93*W94*W95*W96) | AA95: =IF(ISBLANK(Z95),"",VLOOKUP(Z95,'(Linked) Hazard Risk Number HRN'!$D$6:$E$14,2,FALSE)) | AB95: =IF(OR(ISBLANK(Z93),ISBLANK(Z94),ISBLANK(Z95),ISBLANK(Z96)),"",AA93*AA94*AA95*AA96) | AF95: =IF(ISBLANK(AE95),"",VLOOKUP(AE95,'(Linked) Hazard Risk Number HRN'!$D$6:$E$14,2,FALSE)) | AG95: =IF(OR(ISBLANK(AE93),ISBLANK(AE94),ISBLANK(AE95),ISBLANK(AE96)),"",AF93*AF94*AF95*AF96)
L96: =IF(ISBLANK(K96),"",VLOOKUP(K96,'(Linked) Hazard Risk Number HRN'!$D$17:$E$22,2,FALSE)) | O96: =IF(ISBLANK(N96),"",VLOOKUP(N96,'(Linked) PLr Probability Factor'!$B$23:$C$26,2,FALSE)) | P96: Total | Q96: =SUM(R93:R95) -> 0 | R96: =Q96 -> 0 | W96: =IF(ISBLANK(V96),"",VLOOKUP(V96,'(Linked) Hazard Risk Number HRN'!$D$17:$E$22,2,FALSE)) | AA96: =IF(ISBLANK(Z96),"",VLOOKUP(Z96,'(Linked) Hazard Risk Number HRN'!$D$17:$E$22,2,FALSE)) | AF96: =IF(ISBLANK(AE96),"",VLOOKUP(AE96,'(Linked) Hazard Risk Number HRN'!$D$17:$E$22,2,FALSE))
O97: =IF(ISBLANK(N97),"",VLOOKUP(N97,'(Linked) PLr Probability Factor'!$B$29:$C$32,2,FALSE)) | S97: =IF(OR(ISBLANK(N94),ISBLANK(N95),ISBLANK(N96)),"",IF(R93>0,"P2",IF(AND(R93=0,R94>2),"P2",IF(AND(R93=0,R94=2),"P2",IF(AND(R93=0,AND(R94<2,R95>1)),"P1"," ")))))
B98: 19 | L98: =IF(ISBLANK(K98),"",VLOOKUP(K98,'(Linked) Hazard Risk Number HRN'!$B$6:$C$13,2,FALSE)) | M98: =IF(M100="","",IF(M100>500,'(Linked) Hazard Risk Number HRN'!$C$37,IF(M100>50,'(Linked) Hazard Risk Number HRN'!$C$36,IF(M100>25,'(Linked) Hazard Risk Number HRN'!$C$35,IF(M100>5,'(Linked) Hazard Risk Number HRN'!$C$34,IF(M100>0,'(Linked) Hazard Risk Number HRN'!$C$33,"")))))) | O98: =IF(ISBLANK(N98),"",VLOOKUP(N98,'(Linked) PLr Probability Factor'!$B$7:$C$8,2,FALSE)) | P98: C | Q98: =COUNTIF((O98:O102), "C") -> 0 | R98: =Q98 -> 0 | S98: =IF(ISBLANK(K98),"",IF(L98<2,"S1","S2")) | W98: =IF(ISBLANK(V98),"",VLOOKUP(V98,'(Linked) Hazard Risk Number HRN'!$B$6:$C$13,2,FALSE)) | X98: =IF(X100="","",IF(X100>500,'(Linked) Hazard Risk Number HRN'!$C$37,IF(X100>50,'(Linked) Hazard Risk Number HRN'!$C$36,IF(X100>25,'(Linked) Hazard Risk Number HRN'!$C$35,IF(X100>5,'(Linked) Hazard Risk Number HRN'!$C$34,IF(X100>0,'(Linked) Hazard Risk Number HRN'!$C$33,"")))))) | AA98: =IF(ISBLANK(Z98),"",VLOOKUP(Z98,'(Linked) Hazard Risk Number HRN'!$B$6:$C$13,2,FALSE)) | AB98: =IF(AB100="","",IF(AB100>500,'(Linked) Hazard Risk Number HRN'!$C$37,IF(AB100>50,'(Linked) Hazard Risk Number HRN'!$C$36,IF(AB100>25,'(Linked) Hazard Risk Number HRN'!$C$35,IF(AB100>5,'(Linked) Hazard Risk Number HRN'!$C$34,IF(AB100>0,'(Linked) Hazard Risk Number HRN'!$C$33,"")))))) | AF98: =IF(ISBLANK(AE98),"",VLOOKUP(AE98,'(Linked) Hazard Risk Number HRN'!$B$6:$C$13,2,FALSE)) | AG98: =IF(AG100="","",IF(AG100>500,'(Linked) Hazard Risk Number HRN'!$C$37,IF(AG100>50,'(Linked) Hazard Risk Number HRN'!$C$36,IF(AG100>25,'(Linked) Hazard Risk Number HRN'!$C$35,IF(AG100>5,'(Linked) Hazard Risk Number HRN'!$C$34,IF(AG100>0,'(Linked) Hazard Risk Number HRN'!$C$33,""))))))
L99: =IF(ISBLANK(K99),"",VLOOKUP(K99,'(Linked) Hazard Risk Number HRN'!$B$16:$C$26,2,FALSE)) | O99: =IF(ISBLANK(N99),"",VLOOKUP(N99,'(Linked) PLr Probability Factor'!$B$12:$C$14,2,FALSE)) | P99: B | Q99: =COUNTIF((O98:O102), "B") -> 0 | R99: =Q99 -> 0 | S99: =IF(ISBLANK(K99),"",IF(L99<5,"F1","F2")) | W99: =IF(ISBLANK(V99),"",VLOOKUP(V99,'(Linked) Hazard Risk Number HRN'!$B$16:$C$26,2,FALSE)) | AA99: =IF(ISBLANK(Z99),"",VLOOKUP(Z99,'(Linked) Hazard Risk Number HRN'!$B$16:$C$26,2,FALSE)) | AF99: =IF(ISBLANK(AE99),"",VLOOKUP(AE99,'(Linked) Hazard Risk Number HRN'!$B$16:$C$26,2,FALSE))
L100: =IF(ISBLANK(K100),"",VLOOKUP(K100,'(Linked) Hazard Risk Number HRN'!$D$6:$E$14,2,FALSE)) | M100: =IF(OR(ISBLANK(K98),ISBLANK(K99),ISBLANK(K100),ISBLANK(K101)),"",L98*L99*L100*L101) | O100: =IF(ISBLANK(N100),"",VLOOKUP(N100,'(Linked) PLr Probability Factor'!$B$17:$C$20,2,FALSE)) | P100: A | Q100: =COUNTIF((O98:O102), "A") -> 0 | R100: =Q100 -> 0 | T100: {=IF(OR(ISBLANK(K98),ISBLANK(K99),ISBLANK(N99),ISBLANK(N100),ISBLANK(N101)),"",INDEX(INDEX('(Linked) PLr Probability Factor'!C$33:$F$44,0,4),MATCH(S98&S99&S102,INDEX('(Linked) PLr Probability Factor'!C$33:$F$44,0,1)&INDEX('(Linked) PLr Probability Factor'!C$33:$F$44,0,2)&INDEX('(Linked) PLr Probability Factor'!C$33:$F$44,0,3),0)))} | W100: =IF(ISBLANK(V100),"",VLOOKUP(V100,'(Linked) Hazard Risk Number HRN'!$D$6:$E$14,2,FALSE)) | X100: =IF(OR(ISBLANK(V98),ISBLANK(V99),ISBLANK(V100),ISBLANK(V101)),"",W98*W99*W100*W101) | AA100: =IF(ISBLANK(Z100),"",VLOOKUP(Z100,'(Linked) Hazard Risk Number HRN'!$D$6:$E$14,2,FALSE)) | AB100: =IF(OR(ISBLANK(Z98),ISBLANK(Z99),ISBLANK(Z100),ISBLANK(Z101)),"",AA98*AA99*AA100*AA101) | AF100: =IF(ISBLANK(AE100),"",VLOOKUP(AE100,'(Linked) Hazard Risk Number HRN'!$D$6:$E$14,2,FALSE)) | AG100: =IF(OR(ISBLANK(AE98),ISBLANK(AE99),ISBLANK(AE100),ISBLANK(AE101)),"",AF98*AF99*AF100*AF101)
L101: =IF(ISBLANK(K101),"",VLOOKUP(K101,'(Linked) Hazard Risk Number HRN'!$D$17:$E$22,2,FALSE)) | O101: =IF(ISBLANK(N101),"",VLOOKUP(N101,'(Linked) PLr Probability Factor'!$B$23:$C$26,2,FALSE)) | P101: Total | Q101: =SUM(R98:R100) -> 0 | R101: =Q101 -> 0 | W101: =IF(ISBLANK(V101),"",VLOOKUP(V101,'(Linked) Hazard Risk Number HRN'!$D$17:$E$22,2,FALSE)) | AA101: =IF(ISBLANK(Z101),"",VLOOKUP(Z101,'(Linked) Hazard Risk Number HRN'!$D$17:$E$22,2,FALSE)) | AF101: =IF(ISBLANK(AE101),"",VLOOKUP(AE101,'(Linked) Hazard Risk Number HRN'!$D$17:$E$22,2,FALSE))
O102: =IF(ISBLANK(N102),"",VLOOKUP(N102,'(Linked) PLr Probability Factor'!$B$29:$C$32,2,FALSE)) | S102: =IF(OR(ISBLANK(N99),ISBLANK(N100),ISBLANK(N101)),"",IF(R98>0,"P2",IF(AND(R98=0,R99>2),"P2",IF(AND(R98=0,R99=2),"P2",IF(AND(R98=0,AND(R99<2,R100>1)),"P1"," ")))))
...

Sheet Resumen
H1: EVALUACIÓN INICIAL - SIN SALVAGUARDAS / SIN PROTECCIÓN | J1: PLr | K1: REEVALUACIÓN CON LAS SALVAGUARDAS EXISTENTES | N1: CONTROLES PROPUESTOS PARA REDUCIR EL RIESGO A UN NIVEL ACEPTABLE | Q1: CONTROLES REALES IMPLEMENTADOS PARA REDUCIR EL RIESGO A UN NIVEL ACEPTABLE
A2: PELIGRO # | B2: Condición de Uso (Tarea) | C2: Peligro(s) / Modo de fallo | D2: Operator | E2: Mantenimiento | F2: Contractors | G2: Otros | H2: Antes de HRN | I2: Antes del nivel de riesgo | J2: ISO 13849 PLr | K2: Mitigación actual | L2: HRN actual | M2: Nivel de riesgo actual | N2: Mitigación propuesta | O2: HRN propuesta | P2: Nivel de riesgo propuesto | Q2: Implemented Mitigation | R2: Implemented HRN | S2: Implemented Risk Level
A3: =IF(ISBLANK('MRA Evaluacion completa'!B8),"",'MRA Evaluacion completa'!B8) -> 1 | B3: o | C3: =IF(ISBLANK('MRA Evaluacion completa'!D8),"",'MRA Evaluacion completa'!D8) -> Mecánica: transmisión; pinchazo/aplastamiento/enredamiento. | D3: =IF(ISBLANK('MRA Evaluacion completa'!G8),"",'MRA Evaluacion completa'!G8) -> X | E3: =IF(ISBLANK('MRA Evaluacion completa'!H8),"",'MRA Evaluacion completa'!H8) -> X | F3: =IF(ISBLANK('MRA Evaluacion completa'!I8),"",'MRA Evaluacion completa'!I8) | G3: =IF(ISBLANK('MRA Evaluacion completa'!J8),"",'MRA Evaluacion completa'!J8) | H3: ='MRA Evaluacion completa'!$M$10 -> 200 | I3: ='MRA Evaluacion completa'!$M$8 -> Riesgo Alto | J3: ='MRA Evaluacion completa'!$T$10 -> PLd | K3: =IF(ISBLANK('MRA Evaluacion completa'!$U$8),"",'MRA Evaluacion completa'!$U$8) -> Detección de presencia: Añadir cortina de luz | L3: ='MRA Evaluacion completa'!$X$10 -> 0.0165 | M3: ='MRA Evaluacion completa'!$X$8 -> Insignificante | N3: =IF(ISBLANK('MRA Evaluacion completa'!$Y$8),"",'MRA Evaluacion completa'!$Y$8) -> Mantenimiento: Procedimiento/SOP/LOTO | O3: ='MRA Evaluacion completa'!$AB$10 -> 0.00495 | P3: ='MRA Evaluacion completa'!$AB$8 -> Insignificante | Q3: =IF(ISBLANK('MRA Evaluacion completa'!$AC$8),"",'MRA Evaluacion completa'!$AC$8) -> Detección de presencia: Añadir cortina de luz | R3: ='MRA Evaluacion completa'!$AG$10 -> 0.0165 | S3: =IF(ISBLANK('MRA Evaluacion completa'!$AG$8),"",'MRA Evaluacion completa'!$AG$8) -> Insignificante
A4: =IF(ISBLANK('MRA Evaluacion completa'!B13),"",'MRA Evaluacion completa'!B13) -> 2 | B4: =IF(ISBLANK('MRA Evaluacion completa'!C13),"",'MRA Evaluacion completa'!C13) -> Mantenimiento preventivo | C4: =IF(ISBLANK('MRA Evaluacion completa'!D13),"",'MRA Evaluacion completa'!D13) -> Mecánico: ciclo automático/arranque repentino | D4: =IF(ISBLANK('MRA Evaluacion completa'!G13),"",'MRA Evaluacion completa'!G13) | E4: =IF(ISBLANK('MRA Evaluacion completa'!H13),"",'MRA Evaluacion completa'!H13) -> X | F4: =IF(ISBLANK('MRA Evaluacion completa'!I13),"",'MRA Evaluacion completa'!I13) | G4: =IF(ISBLANK('MRA Evaluacion completa'!J13),"",'MRA Evaluacion completa'!J13) | H4: ='MRA Evaluacion completa'!$M$15 -> 60 | I4: ='MRA Evaluacion completa'!$M$13 -> Riesgo Alto | J4: ='MRA Evaluacion completa'!$T$15 -> PLc | K4: =IF(ISBLANK('MRA Evaluacion completa'!$U$13),"",'MRA Evaluacion completa'!$U$13) -> Detección de presencia: Añadir cortina de luz | L4: ='MRA Evaluacion completa'!$X$15 -> 0.00495 | M4: ='MRA Evaluacion completa'!$X$13 -> Insignificante | N4: =IF(ISBLANK('MRA Evaluacion completa'!$Y$13),"",'MRA Evaluacion completa'!$Y$13) -> Mantenimiento: Procedimiento/SOP/LOTO | O4: ='MRA Evaluacion completa'!$AB$15 -> 0.00495 | P4: ='MRA Evaluacion completa'!$AB$13 -> Insignificante | Q4: =IF(ISBLANK('MRA Evaluacion completa'!$AC$13),"",'MRA Evaluacion completa'!$AC$13) -> Detección de presencia: Añadir cortina de luz | R4: ='MRA Evaluacion completa'!$AG$15 -> 0.00495 | S4: =IF(ISBLANK('MRA Evaluacion completa'!$AG$13),"",'MRA Evaluacion completa'!$AG$13) -> Insignificante
A5: =IF(ISBLANK('MRA Evaluacion completa'!B18),"",'MRA Evaluacion completa'!B18) -> 3 | B5: =IF(ISBLANK('MRA Evaluacion completa'!C18),"",'MRA Evaluacion completa'!C18) -> Operación normal | C5: =IF(ISBLANK('MRA Evaluacion completa'!D18),"",'MRA Evaluacion completa'!D18) -> Mecánica: transmisión; pinchazo/aplastamiento/enredamiento. | D5: =IF(ISBLANK('MRA Evaluacion completa'!G18),"",'MRA Evaluacion completa'!G18) -> X | E5: =IF(ISBLANK('MRA Evaluacion completa'!H18),"",'MRA Evaluacion completa'!H18) -> X | F5: =IF(ISBLANK('MRA Evaluacion completa'!I18),"",'MRA Evaluacion completa'!I18) | G5: =IF(ISBLANK('MRA Evaluacion completa'!J18),"",'MRA Evaluacion completa'!J18) | H5: ='MRA Evaluacion completa'!$M$20 -> 200 | I5: ='MRA Evaluacion completa'!$M$18 -> Riesgo Alto | J5: ='MRA Evaluacion completa'!$T$20 -> PLd | K5: =IF(ISBLANK('MRA Evaluacion completa'!$U$18),"",'MRA Evaluacion completa'!$U$18) -> Detección de presencia: Añadir cortina de luz | L5: ='MRA Evaluacion completa'!$X$20 -> 0.0165 | M5: ='MRA Evaluacion completa'!$X$18 -> Insignificante | N5: =IF(ISBLANK('MRA Evaluacion completa'!$Y$18),"",'MRA Evaluacion completa'!$Y$18) -> Mantenimiento: Procedimiento/SOP/LOTO | O5: ='MRA Evaluacion completa'!$AB$20 -> 0.0165 | P5: ='MRA Evaluacion completa'!$AB$18 -> Insignificante | Q5: =IF(ISBLANK('MRA Evaluacion completa'!$AC$18),"",'MRA Evaluacion completa'!$AC$18) -> Detección de presencia: Añadir cortina de luz | R5: ='MRA Evaluacion completa'!$AG$20 -> 0.0165 | S5: =IF(ISBLANK('MRA Evaluacion completa'!$AG$18),"",'MRA Evaluacion completa'!$AG$18) -> Insignificante
A6: =IF(ISBLANK('MRA Evaluacion completa'!B23),"",'MRA Evaluacion completa'!B23) -> 4 | B6: =IF(ISBLANK('MRA Evaluacion completa'!C23),"",'MRA Evaluacion completa'!C23) -> Mantenimiento preventivo | C6: =IF(ISBLANK('MRA Evaluacion completa'!D23),"",'MRA Evaluacion completa'!D23) -> Sistema de control: ciclo automático/arranque inesperado | D6: =IF(ISBLANK('MRA Evaluacion completa'!G23),"",'MRA Evaluacion completa'!G23) | E6: =IF(ISBLANK('MRA Evaluacion completa'!H23),"",'MRA Evaluacion completa'!H23) -> X | F6: =IF(ISBLANK('MRA Evaluacion completa'!I23),"",'MRA Evaluacion completa'!I23) | G6: =IF(ISBLANK('MRA Evaluacion completa'!J23),"",'MRA Evaluacion completa'!J23) | H6: ='MRA Evaluacion completa'!$M$25 -> 60 | I6: ='MRA Evaluacion completa'!$M$23 -> Riesgo Alto | J6: ='MRA Evaluacion completa'!$T$25 -> PLc | K6: =IF(ISBLANK('MRA Evaluacion completa'!$U$23),"",'MRA Evaluacion completa'!$U$23) -> Detección de presencia: Añadir cortina de luz | L6: ='MRA Evaluacion completa'!$X$25 -> 0.00495 | M6: ='MRA Evaluacion completa'!$X$23 -> Insignificante | N6: =IF(ISBLANK('MRA Evaluacion completa'!$Y$23),"",'MRA Evaluacion completa'!$Y$23) -> Mantenimiento: Procedimiento/SOP/LOTO | O6: ='MRA Evaluacion completa'!$AB$25 -> 0.00495 | P6: ='MRA Evaluacion completa'!$AB$23 -> Insignificante | Q6: =IF(ISBLANK('MRA Evaluacion completa'!$AC$23),"",'MRA Evaluacion completa'!$AC$23) -> Detección de presencia: Añadir cortina de luz | R6: ='MRA Evaluacion completa'!$AG$25 -> 0.00495 | S6: =IF(ISBLANK('MRA Evaluacion completa'!$AG$23),"",'MRA Evaluacion completa'!$AG$23) -> Insignificante
A7: =IF(ISBLANK('MRA Evaluacion completa'!B28),"",'MRA Evaluacion completa'!B28) -> 5 | B7: =IF(ISBLANK('MRA Evaluacion completa'!C28),"",'MRA Evaluacion completa'!C28) -> Operación normal | C7: =IF(ISBLANK('MRA Evaluacion completa'!D28),"",'MRA Evaluacion completa'!D28) -> Sistema de control: ciclo automático/arranque inesperado | D7: =IF(ISBLANK('MRA Evaluacion completa'!G28),"",'MRA Evaluacion completa'!G28) | E7: =IF(ISBLANK('MRA Evaluacion completa'!H28),"",'MRA Evaluacion completa'!H28) -> X | F7: =IF(ISBLANK('MRA Evaluacion completa'!I28),"",'MRA Evaluacion completa'!I28) | G7: =IF(ISBLANK('MRA Evaluacion completa'!J28),"",'MRA Evaluacion completa'!J28) | H7: ='MRA Evaluacion completa'!$M$30 -> 300 | I7: ='MRA Evaluacion completa'!$M$28 -> Riesgo Alto | J7: ='MRA Evaluacion completa'!$T$30 -> PLe | K7: =IF(ISBLANK('MRA Evaluacion completa'!$U$28),"",'MRA Evaluacion completa'!$U$28) -> Protección/puerta móvil: Añadir nueva, con Interlocked | L7: ='MRA Evaluacion completa'!$X$30 -> 0.0165 | M7: ='MRA Evaluacion completa'!$X$28 -> Insignificante | N7: =IF(ISBLANK('MRA Evaluacion completa'!$Y$28),"",'MRA Evaluacion completa'!$Y$28) -> Mantenimiento: Procedimiento/SOP/LOTO | O7: ='MRA Evaluacion completa'!$AB$30 -> 0.0165 | P7: ='MRA Evaluacion completa'!$AB$28 -> Insignificante | Q7: =IF(ISBLANK('MRA Evaluacion completa'!$AC$28),"",'MRA Evaluacion completa'!$AC$28) -> Detección de presencia: Añadir cortina de luz | R7: ='MRA Evaluacion completa'!$AG$30 -> 0.0165 | S7: =IF(ISBLANK('MRA Evaluacion completa'!$AG$28),"",'MRA Evaluacion completa'!$AG$28) -> Insignificante
A8: =IF(ISBLANK('MRA Evaluacion completa'!B33),"",'MRA Evaluacion completa'!B33) -> 6 | B8: =IF(ISBLANK('MRA Evaluacion completa'!C33),"",'MRA Evaluacion completa'!C33) -> Mantenimiento preventivo | C8: =IF(ISBLANK('MRA Evaluacion completa'!D33),"",'MRA Evaluacion completa'!D33) -> Sistema de control: ciclo automático/arranque inesperado | D8: =IF(ISBLANK('MRA Evaluacion completa'!G33),"",'MRA Evaluacion completa'!G33) | E8: =IF(ISBLANK('MRA Evaluacion completa'!H33),"",'MRA Evaluacion completa'!H33) -> X | F8: =IF(ISBLANK('MRA Evaluacion completa'!I33),"",'MRA Evaluacion completa'!I33) | G8: =IF(ISBLANK('MRA Evaluacion completa'!J33),"",'MRA Evaluacion completa'!J33) | H8: ='MRA Evaluacion completa'!$M$35 -> 90 | I8: ='MRA Evaluacion completa'!$M$33 -> Riesgo Alto | J8: ='MRA Evaluacion completa'!$T$35 -> PLd | K8: =IF(ISBLANK('MRA Evaluacion completa'!$U$33),"",'MRA Evaluacion completa'!$U$33) -> Protección/puerta móvil: Añadir nueva, con Interlocked | L8: ='MRA Evaluacion completa'!$X$35 -> 0.00495 | M8: ='MRA Evaluacion completa'!$X$33 -> Insignificante | N8: =IF(ISBLANK('MRA Evaluacion completa'!$Y$33),"",'MRA Evaluacion completa'!$Y$33) -> Mantenimiento: Procedimiento/SOP/LOTO | O8: ='MRA Evaluacion completa'!$AB$35 -> 0.00495 | P8: ='MRA Evaluacion completa'!$AB$33 -> Insignificante | R8: ='MRA Evaluacion completa'!$AG$35 -> 0.00495 | S8: =IF(ISBLANK('MRA Evaluacion completa'!$AG$33),"",'MRA Evaluacion completa'!$AG$33) -> Insignificante
A9: =IF(ISBLANK('MRA Evaluacion completa'!B38),"",'MRA Evaluacion completa'!B38) -> 7 | B9: =IF(ISBLANK('MRA Evaluacion completa'!C38),"",'MRA Evaluacion completa'!C38) -> Mantenimiento correctivo/Solución de problemas | C9: =IF(ISBLANK('MRA Evaluacion completa'!D38),"",'MRA Evaluacion completa'!D38) -> Sistema de control: ciclo automático/arranque inesperado | D9: =IF(ISBLANK('MRA Evaluacion completa'!G38),"",'MRA Evaluacion completa'!G38) | E9: =IF(ISBLANK('MRA Evaluacion completa'!H38),"",'MRA Evaluacion completa'!H38) -> X | F9: =IF(ISBLANK('MRA Evaluacion completa'!I38),"",'MRA Evaluacion completa'!I38) | G9: =IF(ISBLANK('MRA Evaluacion completa'!J38),"",'MRA Evaluacion completa'!J38) | H9: ='MRA Evaluacion completa'!$M$40 -> 150 | I9: ='MRA Evaluacion completa'!$M$38 -> Riesgo Alto | J9: ='MRA Evaluacion completa'!$T$40 -> PLd | K9: =IF(ISBLANK('MRA Evaluacion completa'!$U$38),"",'MRA Evaluacion completa'!$U$38) -> Protección/puerta móvil: Añadir nueva, con Interlocked | L9: ='MRA Evaluacion completa'!$X$40 -> 0.00825 | M9: ='MRA Evaluacion completa'!$X$38 -> Insignificante | N9: =IF(ISBLANK('MRA Evaluacion completa'!$Y$38),"",'MRA Evaluacion completa'!$Y$38) -> Mantenimiento: Procedimiento/SOP/LOTO | O9: ='MRA Evaluacion completa'!$AB$40 -> 0.00825 | P9: ='MRA Evaluacion completa'!$AB$38 -> Insignificante | Q9: =IF(ISBLANK('MRA Evaluacion completa'!$AC$38),"",'MRA Evaluacion completa'!$AC$38) -> Protección/puerta móvil: Añadir nueva, con Interlocked | R9: ='MRA Evaluacion completa'!$AG$40 -> 0.00825 | S9: =IF(ISBLANK('MRA Evaluacion completa'!$AG$38),"",'MRA Evaluacion completa'!$AG$38) -> Insignificante
A10: =IF(ISBLANK('MRA Evaluacion completa'!B68),"",'MRA Evaluacion completa'!B68) -> 13 | B10: =IF(ISBLANK('MRA Evaluacion completa'!C68),"",'MRA Evaluacion completa'!C68) -> Mantenimiento preventivo | C10: =IF(ISBLANK('MRA Evaluacion completa'!D68),"",'MRA Evaluacion completa'!D68) -> Mecánica: transmisión; pinchazo/aplastamiento/enredamiento. | D10: =IF(ISBLANK('MRA Evaluacion completa'!G68),"",'MRA Evaluacion completa'!G68) | E10: =IF(ISBLANK('MRA Evaluacion completa'!H68),"",'MRA Evaluacion completa'!H68) -> X | F10: =IF(ISBLANK('MRA Evaluacion completa'!I68),"",'MRA Evaluacion completa'!I68) | G10: =IF(ISBLANK('MRA Evaluacion completa'!J68),"",'MRA Evaluacion completa'!J68) | H10: ='MRA Evaluacion completa'!$M$70 -> 90 | I10: ='MRA Evaluacion completa'!$M$68 -> Riesgo Alto | J10: ='MRA Evaluacion completa'!$T$70 -> PLd | K10: =IF(ISBLANK('MRA Evaluacion completa'!$U$68),"",'MRA Evaluacion completa'!$U$68) -> Protección/puerta móvil: Añadir nueva, con Interlocked | L10: ='MRA Evaluacion completa'!$X$70 -> 0.00495 | M10: ='MRA Evaluacion completa'!$X$68 -> Insignificante | N10: =IF(ISBLANK('MRA Evaluacion completa'!$Y$68),"",'MRA Evaluacion completa'!$Y$68) -> Mantenimiento: Procedimiento/SOP/LOTO | O10: ='MRA Evaluacion completa'!$AB$70 -> 0.00495 | P10: ='MRA Evaluacion completa'!$AB$68 -> Insignificante | Q10: =IF(ISBLANK('MRA Evaluacion completa'!$AC$68),"",'MRA Evaluacion completa'!$AC$68) -> Protección/puerta móvil: Añadir nueva, con Interlocked | R10: ='MRA Evaluacion completa'!$AG$70 -> 0.00495 | S10: =IF(ISBLANK('MRA Evaluacion completa'!$AG$38),"",'MRA Evaluacion completa'!$AG$38) -> Insignificante
A11: =IF(ISBLANK('MRA Evaluacion completa'!B43),"",'MRA Evaluacion completa'!B43) -> 8 | B11: =IF(ISBLANK('MRA Evaluacion completa'!C43),"",'MRA Evaluacion completa'!C43) -> Mantenimiento correctivo/Solución de problemas | C11: =IF(ISBLANK('MRA Evaluacion completa'!D43),"",'MRA Evaluacion completa'!D43) -> Sistema de control: ciclo automático/arranque inesperado | D11: =IF(ISBLANK('MRA Evaluacion completa'!G43),"",'MRA Evaluacion completa'!G43) | E11: =IF(ISBLANK('MRA Evaluacion completa'!H43),"",'MRA Evaluacion completa'!H43) -> X | F11: =IF(ISBLANK('MRA Evaluacion completa'!I43),"",'MRA Evaluacion completa'!I43) | G11: =IF(ISBLANK('MRA Evaluacion completa'!J43),"",'MRA Evaluacion completa'!J43) | H11: ='MRA Evaluacion completa'!$M$45 -> 250 | I11: ='MRA Evaluacion completa'!$M$43 -> Riesgo Alto | J11: ='MRA Evaluacion completa'!$T$45 -> PLd | K11: =IF(ISBLANK('MRA Evaluacion completa'!$U$43),"",'MRA Evaluacion completa'!$U$43) -> Protección/puerta móvil: Añadir nueva, con Interlocked | L11: ='MRA Evaluacion completa'!$X$45 -> 0.00825 | M11: ='MRA Evaluacion completa'!$X$43 -> Insignificante | N11: =IF(ISBLANK('MRA Evaluacion completa'!$Y$43),"",'MRA Evaluacion completa'!$Y$43) -> Mantenimiento: Procedimiento/SOP/LOTO | O11: ='MRA Evaluacion completa'!$AB$45 -> 0.00825 | P11: ='MRA Evaluacion completa'!$AB$43 -> Insignificante | Q11: =IF(ISBLANK('MRA Evaluacion completa'!$AC$43),"",'MRA Evaluacion completa'!$AC$38) -> Protección/puerta móvil: Añadir nueva, con Interlocked | R11: ='MRA Evaluacion completa'!$AG$45 -> 0.00825 | S11: =IF(ISBLANK('MRA Evaluacion completa'!$AG$43),"",'MRA Evaluacion completa'!$AG$43) -> Insignificante
A12: =IF(ISBLANK('MRA Evaluacion completa'!B48),"",'MRA Evaluacion completa'!B48) -> 9 | B12: =IF(ISBLANK('MRA Evaluacion completa'!C48),"",'MRA Evaluacion completa'!C48) -> Mantenimiento correctivo/Solución de problemas | C12: =IF(ISBLANK('MRA Evaluacion completa'!D48),"",'MRA Evaluacion completa'!D48) -> Sistema de control: ciclo automático/arranque inesperado | D12: =IF(ISBLANK('MRA Evaluacion completa'!G48),"",'MRA Evaluacion completa'!G48) | E12: =IF(ISBLANK('MRA Evaluacion completa'!H48),"",'MRA Evaluacion completa'!H48) -> X | F12: =IF(ISBLANK('MRA Evaluacion completa'!I48),"",'MRA Evaluacion completa'!I48) | G12: =IF(ISBLANK('MRA Evaluacion completa'!J48),"",'MRA Evaluacion completa'!J48) | H12: ='MRA Evaluacion completa'!$M$50 -> 375 | I12: ='MRA Evaluacion completa'!$M$48 -> Riesgo Alto | J12: ='MRA Evaluacion completa'!$T$50 -> PLd | K12: =IF(ISBLANK('MRA Evaluacion completa'!$U$48),"",'MRA Evaluacion completa'!$U$48) -> Protección/puerta móvil: Añadir nueva, con Interlocked | L12: ='MRA Evaluacion completa'!$X$50 -> 0.00825 | M12: ='MRA Evaluacion completa'!$X$48 -> Insignificante | N12: =IF(ISBLANK('MRA Evaluacion completa'!$Y$48),"",'MRA Evaluacion completa'!$Y$48) -> Mantenimiento: Procedimiento/SOP/LOTO | O12: ='MRA Evaluacion completa'!$AB$50 -> 0.00825 | P12: ='MRA Evaluacion completa'!$AB$48 -> Insignificante | Q12: =IF(ISBLANK('MRA Evaluacion completa'!$AC$48),"",'MRA Evaluacion completa'!$AC$48) -> Protección/puerta móvil: Añadir nueva, con Interlocked | R12: ='MRA Evaluacion completa'!$AG$50 -> 0.00825 | S12: =IF(ISBLANK('MRA Evaluacion completa'!$AG$48),"",'MRA Evaluacion completa'!$AG$48) -> Insignificante
A13: =IF(ISBLANK('MRA Evaluacion completa'!B53),"",'MRA Evaluacion completa'!B53) -> 10 | B13: =IF(ISBLANK('MRA Evaluacion completa'!C53),"",'MRA Evaluacion completa'!C53) -> Mantenimiento correctivo/Solución de problemas | C13: =IF(ISBLANK('MRA Evaluacion completa'!D53),"",'MRA Evaluacion completa'!D53) -> Sistema de control: ciclo automático/arranque inesperado | D13: =IF(ISBLANK('MRA Evaluacion completa'!G53),"",'MRA Evaluacion completa'!G53) | E13: =IF(ISBLANK('MRA Evaluacion completa'!H53),"",'MRA Evaluacion completa'!H53) -> X | F13: =IF(ISBLANK('MRA Evaluacion completa'!I53),"",'MRA Evaluacion completa'!I53) | G13: =IF(ISBLANK('MRA Evaluacion completa'!J53),"",'MRA Evaluacion completa'!J53) | H13: ='MRA Evaluacion completa'!$M$55 -> 250 | I13: ='MRA Evaluacion completa'!$M$53 -> Riesgo Alto | J13: ='MRA Evaluacion completa'!$T$55 -> PLd | K13: =IF(ISBLANK('MRA Evaluacion completa'!$U$48),"",'MRA Evaluacion completa'!$U$48) -> Protección/puerta móvil: Añadir nueva, con Interlocked | L13: ='MRA Evaluacion completa'!$X$55 -> 0.00825 | M13: ='MRA Evaluacion completa'!$X$53 -> Insignificante | N13: =IF(ISBLANK('MRA Evaluacion completa'!$Y$48),"",'MRA Evaluacion completa'!$Y$48) -> Mantenimiento: Procedimiento/SOP/LOTO | O13: ='MRA Evaluacion completa'!$AB$55 -> 0.00825 | P13: ='MRA Evaluacion completa'!$AB$53 -> Insignificante | Q13: =IF(ISBLANK('MRA Evaluacion completa'!$AC$53),"",'MRA Evaluacion completa'!$AC$53) -> Protección/puerta móvil: Añadir nueva, con Interlocked | R13: ='MRA Evaluacion completa'!$AG$55 -> 0.00825 | S13: =IF(ISBLANK('MRA Evaluacion completa'!$AG$53),"",'MRA Evaluacion completa'!$AG$53) -> Insignificante
A14: =IF(ISBLANK('MRA Evaluacion completa'!B58),"",'MRA Evaluacion completa'!B58) -> 11 | B14: =IF(ISBLANK('MRA Evaluacion completa'!C58),"",'MRA Evaluacion completa'!C58) -> Mantenimiento preventivo | C14: =IF(ISBLANK('MRA Evaluacion completa'!D58),"",'MRA Evaluacion completa'!D58) -> Mecánica: transmisión; pinchazo/aplastamiento/enredamiento. | D14: =IF(ISBLANK('MRA Evaluacion completa'!G58),"",'MRA Evaluacion completa'!G58) | E14: =IF(ISBLANK('MRA Evaluacion completa'!H58),"",'MRA Evaluacion completa'!H58) -> X | F14: =IF(ISBLANK('MRA Evaluacion completa'!I58),"",'MRA Evaluacion completa'!I58) | G14: =IF(ISBLANK('MRA Evaluacion completa'!J58),"",'MRA Evaluacion completa'!J58) | H14: ='MRA Evaluacion completa'!$M$60 -> 90 | I14: ='MRA Evaluacion completa'!$M$58 -> Riesgo Alto | J14: ='MRA Evaluacion completa'!$T$60 -> PLd | K14: =IF(ISBLANK('MRA Evaluacion completa'!$U$58),"",'MRA Evaluacion completa'!$U$58) -> Protección/puerta móvil: Añadir nueva, con Interlocked | L14: ='MRA Evaluacion completa'!$X$60 -> 0.00495 | M14: ='MRA Evaluacion completa'!$X$58 -> Insignificante | N14: =IF(ISBLANK('MRA Evaluacion completa'!$Y$58),"",'MRA Evaluacion completa'!$Y$58) -> Mantenimiento: Procedimiento/SOP/LOTO | O14: ='MRA Evaluacion completa'!$AB$60 -> 0.00495 | P14: ='MRA Evaluacion completa'!$AB$58 -> Insignificante | Q14: =IF(ISBLANK('MRA Evaluacion completa'!$AC$58),"",'MRA Evaluacion completa'!$AC$58) -> Protección/puerta móvil: Añadir nueva, con Interlocked | R14: ='MRA Evaluacion completa'!$AG$60 -> 0.00495 | S14: =IF(ISBLANK('MRA Evaluacion completa'!$AG$58),"",'MRA Evaluacion completa'!$AG$58) -> Insignificante
A15: =IF(ISBLANK('MRA Evaluacion completa'!B63),"",'MRA Evaluacion completa'!B63) -> 12 | B15: =IF(ISBLANK('MRA Evaluacion completa'!C63),"",'MRA Evaluacion completa'!C63) -> Mantenimiento preventivo | C15: =IF(ISBLANK('MRA Evaluacion completa'!D63),"",'MRA Evaluacion completa'!D63) -> Sistema de control: fallo al detenerse. | D15: =IF(ISBLANK('MRA Evaluacion completa'!G63),"",'MRA Evaluacion completa'!G63) | E15: =IF(ISBLANK('MRA Evaluacion completa'!H63),"",'MRA Evaluacion completa'!H63) -> X | F15: =IF(ISBLANK('MRA Evaluacion completa'!I63),"",'MRA Evaluacion completa'!I63) | G15: =IF(ISBLANK('MRA Evaluacion completa'!J63),"",'MRA Evaluacion completa'!J63) | H15: ='MRA Evaluacion completa'!$M$65 -> 90 | I15: ='MRA Evaluacion completa'!$M$63 -> Riesgo Alto | J15: ='MRA Evaluacion completa'!$T$65 -> PLd | K15: =IF(ISBLANK('MRA Evaluacion completa'!$U$63),"",'MRA Evaluacion completa'!$U$63) -> Protección/puerta móvil: Añadir nueva, con Interlocked | L15: ='MRA Evaluacion completa'!$X$65 -> 0.00495 | M15: ='MRA Evaluacion completa'!$X$63 -> Insignificante | N15: =IF(ISBLANK('MRA Evaluacion completa'!$Y$63),"",'MRA Evaluacion completa'!$Y$63) -> Mantenimiento: Procedimiento/SOP/LOTO | O15: ='MRA Evaluacion completa'!$AB$65 -> 0.00495 | P15: ='MRA Evaluacion completa'!$AB$63 -> Insignificante | Q15: =IF(ISBLANK('MRA Evaluacion completa'!$AC$63),"",'MRA Evaluacion completa'!$AC$63) -> Protección/puerta móvil: Añadir nueva, con Interlocked | R15: ='MRA Evaluacion completa'!$AG$65 -> 0.00495 | S15: =IF(ISBLANK('MRA Evaluacion completa'!$AG$63),"",'MRA Evaluacion completa'!$AG$63) -> Insignificante
A16: =IF(ISBLANK('MRA Evaluacion completa'!B73),"",'MRA Evaluacion completa'!B73) -> 14 | B16: =IF(ISBLANK('MRA Evaluacion completa'!C73),"",'MRA Evaluacion completa'!C73) | C16: =IF(ISBLANK('MRA Evaluacion completa'!D73),"",'MRA Evaluacion completa'!D73) | D16: =IF(ISBLANK('MRA Evaluacion completa'!G73),"",'MRA Evaluacion completa'!G73) | E16: =IF(ISBLANK('MRA Evaluacion completa'!H73),"",'MRA Evaluacion completa'!H73) | F16: =IF(ISBLANK('MRA Evaluacion completa'!I73),"",'MRA Evaluacion completa'!I73) | G16: =IF(ISBLANK('MRA Evaluacion completa'!J73),"",'MRA Evaluacion completa'!J73) | H16: ='MRA Evaluacion completa'!$M$75 | I16: ='MRA Evaluacion completa'!$M$73 | J16: ='MRA Evaluacion completa'!$T$75 | K16: =IF(ISBLANK('MRA Evaluacion completa'!$U$73),"",'MRA Evaluacion completa'!$U$73) | L16: ='MRA Evaluacion completa'!$X$75 | M16: ='MRA Evaluacion completa'!$X$73 | N16: =IF(ISBLANK('MRA Evaluacion completa'!$Y$73),"",'MRA Evaluacion completa'!$Y$73) | O16: ='MRA Evaluacion completa'!$AB$75 | P16: ='MRA Evaluacion completa'!$AB$73 | Q16: =IF(ISBLANK('MRA Evaluacion completa'!$AC$73),"",'MRA Evaluacion completa'!$AC$73) | R16: ='MRA Evaluacion completa'!$AG$75 | S16: =IF(ISBLANK('MRA Evaluacion completa'!$AG$73),"",'MRA Evaluacion completa'!$AG$73)
A17: =IF(ISBLANK('MRA Evaluacion completa'!B78),"",'MRA Evaluacion completa'!B78) -> 15 | B17: =IF(ISBLANK('MRA Evaluacion completa'!C78),"",'MRA Evaluacion completa'!C78) | C17: =IF(ISBLANK('MRA Evaluacion completa'!D78),"",'MRA Evaluacion completa'!D78) | D17: =IF(ISBLANK('MRA Evaluacion completa'!G78),"",'MRA Evaluacion completa'!G78) | E17: =IF(ISBLANK('MRA Evaluacion completa'!H78),"",'MRA Evaluacion completa'!H78) | F17: =IF(ISBLANK('MRA Evaluacion completa'!I78),"",'MRA Evaluacion completa'!I78) | G17: =IF(ISBLANK('MRA Evaluacion completa'!J78),"",'MRA Evaluacion completa'!J78) | H17: ='MRA Evaluacion completa'!$M$80 | I17: ='MRA Evaluacion completa'!$M$78 | J17: ='MRA Evaluacion completa'!$T$80 | K17: =IF(ISBLANK('MRA Evaluacion completa'!$U$78),"",'MRA Evaluacion completa'!$U$78) | L17: ='MRA Evaluacion completa'!$X$80 | M17: ='MRA Evaluacion completa'!$X$78 | N17: =IF(ISBLANK('MRA Evaluacion completa'!$Y$78),"",'MRA Evaluacion completa'!$Y$78) | O17: ='MRA Evaluacion completa'!$AB$80 | P17: ='MRA Evaluacion completa'!$AB$78 | Q17: =IF(ISBLANK('MRA Evaluacion completa'!$AC$78),"",'MRA Evaluacion completa'!$AC$78) | R17: ='MRA Evaluacion completa'!$AG$80 | S17: =IF(ISBLANK('MRA Evaluacion completa'!$AG$78),"",'MRA Evaluacion completa'!$AG$78)
A18: =IF(ISBLANK('MRA Evaluacion completa'!B83),"",'MRA Evaluacion completa'!B83) -> 16 | B18: =IF(ISBLANK('MRA Evaluacion completa'!C83),"",'MRA Evaluacion completa'!C83) | C18: =IF(ISBLANK('MRA Evaluacion completa'!D83),"",'MRA Evaluacion completa'!D83) | D18: =IF(ISBLANK('MRA Evaluacion completa'!G83),"",'MRA Evaluacion completa'!G83) | E18: =IF(ISBLANK('MRA Evaluacion completa'!H83),"",'MRA Evaluacion completa'!H83) | F18: =IF(ISBLANK('MRA Evaluacion completa'!I83),"",'MRA Evaluacion completa'!I83) | G18: =IF(ISBLANK('MRA Evaluacion completa'!J83),"",'MRA Evaluacion completa'!J83) | H18: ='MRA Evaluacion completa'!$M$85 | I18: ='MRA Evaluacion completa'!$M$83 | J18: ='MRA Evaluacion completa'!$T$85 | K18: =IF(ISBLANK('MRA Evaluacion completa'!$U$83),"",'MRA Evaluacion completa'!$U$83) | L18: ='MRA Evaluacion completa'!$X$85 | M18: ='MRA Evaluacion completa'!$X$83 | N18: =IF(ISBLANK('MRA Evaluacion completa'!$Y$83),"",'MRA Evaluacion completa'!$Y$83) | O18: ='MRA Evaluacion completa'!$AB$85 | P18: ='MRA Evaluacion completa'!$AB$83 | Q18: =IF(ISBLANK('MRA Evaluacion completa'!$AC$83),"",'MRA Evaluacion completa'!$AC$83) | R18: ='MRA Evaluacion completa'!$AG$85 | S18: =IF(ISBLANK('MRA Evaluacion completa'!$AG$83),"",'MRA Evaluacion completa'!$AG$83)
A19: =IF(ISBLANK('MRA Evaluacion completa'!B88),"",'MRA Evaluacion completa'!B88) -> 17 | B19: =IF(ISBLANK('MRA Evaluacion completa'!C88),"",'MRA Evaluacion completa'!C88) | C19: =IF(ISBLANK('MRA Evaluacion completa'!D88),"",'MRA Evaluacion completa'!D88) | D19: =IF(ISBLANK('MRA Evaluacion completa'!G88),"",'MRA Evaluacion completa'!G88) | E19: =IF(ISBLANK('MRA Evaluacion completa'!H88),"",'MRA Evaluacion completa'!H88) | F19: =IF(ISBLANK('MRA Evaluacion completa'!I88),"",'MRA Evaluacion completa'!I88) | G19: =IF(ISBLANK('MRA Evaluacion completa'!J88),"",'MRA Evaluacion completa'!J88) | H19: ='MRA Evaluacion completa'!$M$90 | I19: ='MRA Evaluacion completa'!$M$88 | J19: ='MRA Evaluacion completa'!$T$90 | K19: =IF(ISBLANK('MRA Evaluacion completa'!$U$88),"",'MRA Evaluacion completa'!$U$88) | L19: ='MRA Evaluacion completa'!$X$90 | M19: ='MRA Evaluacion completa'!$X$88 | N19: =IF(ISBLANK('MRA Evaluacion completa'!$Y$88),"",'MRA Evaluacion completa'!$Y$88) | O19: ='MRA Evaluacion completa'!$AB$90 | P19: ='MRA Evaluacion completa'!$AB$88 | Q19: =IF(ISBLANK('MRA Evaluacion completa'!$AC$88),"",'MRA Evaluacion completa'!$AC$88) | R19: ='MRA Evaluacion completa'!$AG$90 | S19: =IF(ISBLANK('MRA Evaluacion completa'!$AG$88),"",'MRA Evaluacion completa'!$AG$88)
A20: =IF(ISBLANK('MRA Evaluacion completa'!B93),"",'MRA Evaluacion completa'!B93) -> 18 | B20: =IF(ISBLANK('MRA Evaluacion completa'!C93),"",'MRA Evaluacion completa'!C93) | C20: =IF(ISBLANK('MRA Evaluacion completa'!D93),"",'MRA Evaluacion completa'!D93) | D20: =IF(ISBLANK('MRA Evaluacion completa'!G93),"",'MRA Evaluacion completa'!G93) | E20: =IF(ISBLANK('MRA Evaluacion completa'!H93),"",'MRA Evaluacion completa'!H93) | F20: =IF(ISBLANK('MRA Evaluacion completa'!I93),"",'MRA Evaluacion completa'!I93) | G20: =IF(ISBLANK('MRA Evaluacion completa'!J93),"",'MRA Evaluacion completa'!J93) | H20: ='MRA Evaluacion completa'!$M$95 | I20: ='MRA Evaluacion completa'!$M$93 | J20: ='MRA Evaluacion completa'!$T$95 | K20: =IF(ISBLANK('MRA Evaluacion completa'!$U$93),"",'MRA Evaluacion completa'!$U$93) | L20: ='MRA Evaluacion completa'!$X$95 | M20: ='MRA Evaluacion completa'!$X$93 | N20: =IF(ISBLANK('MRA Evaluacion completa'!$Y$93),"",'MRA Evaluacion completa'!$Y$93) | O20: ='MRA Evaluacion completa'!$AB$95 | P20: ='MRA Evaluacion completa'!$AB$93 | Q20: =IF(ISBLANK('MRA Evaluacion completa'!$AC$93),"",'MRA Evaluacion completa'!$AC$93) | R20: ='MRA Evaluacion completa'!$AG$95 | S20: =IF(ISBLANK('MRA Evaluacion completa'!$AG$93),"",'MRA Evaluacion completa'!$AG$93)
A21: =IF(ISBLANK('MRA Evaluacion completa'!B98),"",'MRA Evaluacion completa'!B98) -> 19 | B21: =IF(ISBLANK('MRA Evaluacion completa'!C98),"",'MRA Evaluacion completa'!C98) | C21: =IF(ISBLANK('MRA Evaluacion completa'!D98),"",'MRA Evaluacion completa'!D98) | D21: =IF(ISBLANK('MRA Evaluacion completa'!H98),"",'MRA Evaluacion completa'!H98) | E21: =IF(ISBLANK('MRA Evaluacion completa'!I98),"",'MRA Evaluacion completa'!I98) | F21: =IF(ISBLANK('MRA Evaluacion completa'!J98),"",'MRA Evaluacion completa'!J98) | G21: =IF(ISBLANK('MRA Evaluacion completa'!J98),"",'MRA Evaluacion completa'!J98) | H21: ='MRA Evaluacion completa'!$M$100 | I21: ='MRA Evaluacion completa'!$M$98 | J21: ='MRA Evaluacion completa'!$T$100 | K21: =IF(ISBLANK('MRA Evaluacion completa'!$U$98),"",'MRA Evaluacion completa'!$U$98) | L21: ='MRA Evaluacion completa'!$X$100 | M21: ='MRA Evaluacion completa'!$X$98 | N21: =IF(ISBLANK('MRA Evaluacion completa'!$Y$98),"",'MRA Evaluacion completa'!$Y$98) | O21: ='MRA Evaluacion completa'!$AB$100 | P21: ='MRA Evaluacion completa'!$AB$98 | Q21: =IF(ISBLANK('MRA Evaluacion completa'!$AC$98),"",'MRA Evaluacion completa'!$AC$98) | R21: ='MRA Evaluacion completa'!$AG$100 | S21: =IF(ISBLANK('MRA Evaluacion completa'!$AG$98),"",'MRA Evaluacion completa'!$AG$98)
A22: =IF(ISBLANK('MRA Evaluacion completa'!B103),"",'MRA Evaluacion completa'!B103) -> 20 | B22: =IF(ISBLANK('MRA Evaluacion completa'!C103),"",'MRA Evaluacion completa'!C103) | C22: =IF(ISBLANK('MRA Evaluacion completa'!D103),"",'MRA Evaluacion completa'!D103) | D22: =IF(ISBLANK('MRA Evaluacion completa'!G103),"",'MRA Evaluacion completa'!G103) | E22: =IF(ISBLANK('MRA Evaluacion completa'!H103),"",'MRA Evaluacion completa'!H103) | F22: =IF(ISBLANK('MRA Evaluacion completa'!I103),"",'MRA Evaluacion completa'!I103) | G22: =IF(ISBLANK('MRA Evaluacion completa'!J103),"",'MRA Evaluacion completa'!J103) | H22: ='MRA Evaluacion completa'!$M$105 | I22: ='MRA Evaluacion completa'!$M$103 | J22: ='MRA Evaluacion completa'!$T$105 | K22: =IF(ISBLANK('MRA Evaluacion completa'!$U$103),"",'MRA Evaluacion completa'!$U$103) | L22: ='MRA Evaluacion completa'!$X$105 | M22: ='MRA Evaluacion completa'!$X$103 | N22: =IF(ISBLANK('MRA Evaluacion completa'!$Y$103),"",'MRA Evaluacion completa'!$Y$103) | O22: ='MRA Evaluacion completa'!$AB$105 | P22: ='MRA Evaluacion completa'!$AB$103 | Q22: =IF(ISBLANK('MRA Evaluacion completa'!$AC$103),"",'MRA Evaluacion completa'!$AC$103) | R22: ='MRA Evaluacion completa'!$AG$105 | S22: =IF(ISBLANK('MRA Evaluacion completa'!$AG$103),"",'MRA Evaluacion completa'!$AG$103)
A23: =IF(ISBLANK('MRA Evaluacion completa'!B108),"",'MRA Evaluacion completa'!B108) -> 21 | B23: =IF(ISBLANK('MRA Evaluacion completa'!C108),"",'MRA Evaluacion completa'!C108) | C23: =IF(ISBLANK('MRA Evaluacion completa'!D108),"",'MRA Evaluacion completa'!D108) | D23: =IF(ISBLANK('MRA Evaluacion completa'!G108),"",'MRA Evaluacion completa'!G108) | E23: =IF(ISBLANK('MRA Evaluacion completa'!H108),"",'MRA Evaluacion completa'!H108) | F23: =IF(ISBLANK('MRA Evaluacion completa'!I108),"",'MRA Evaluacion completa'!I108) | G23: =IF(ISBLANK('MRA Evaluacion completa'!J108),"",'MRA Evaluacion completa'!J108) | H23: ='MRA Evaluacion completa'!$M$110 | I23: ='MRA Evaluacion completa'!$M$108 | J23: ='MRA Evaluacion completa'!$T$110 | K23: =IF(ISBLANK('MRA Evaluacion completa'!$U$108),"",'MRA Evaluacion completa'!$U$108) | L23: ='MRA Evaluacion completa'!$X$110 | M23: ='MRA Evaluacion completa'!$X$108 | N23: =IF(ISBLANK('MRA Evaluacion completa'!$Y$108),"",'MRA Evaluacion completa'!$Y$108) | O23: ='MRA Evaluacion completa'!$AB$110 | P23: ='MRA Evaluacion completa'!$AB$108 | Q23: =IF(ISBLANK('MRA Evaluacion completa'!$AC$108),"",'MRA Evaluacion completa'!$AC$108) | R23: ='MRA Evaluacion completa'!$AG$110 | S23: =IF(ISBLANK('MRA Evaluacion completa'!$AG$108),"",'MRA Evaluacion completa'!$AG$108)
A24: =IF(ISBLANK('MRA Evaluacion completa'!B113),"",'MRA Evaluacion completa'!B113) -> 22 | B24: =IF(ISBLANK('MRA Evaluacion completa'!C113),"",'MRA Evaluacion completa'!C113) | C24: =IF(ISBLANK('MRA Evaluacion completa'!D113),"",'MRA Evaluacion completa'!D113) | D24: =IF(ISBLANK('MRA Evaluacion completa'!G113),"",'MRA Evaluacion completa'!G113) | E24: =IF(ISBLANK('MRA Evaluacion completa'!H113),"",'MRA Evaluacion completa'!H113) | F24: =IF(ISBLANK('MRA Evaluacion completa'!I113),"",'MRA Evaluacion completa'!I113) | G24: =IF(ISBLANK('MRA Evaluacion completa'!J113),"",'MRA Evaluacion completa'!J113) | H24: ='MRA Evaluacion completa'!$M$115 | I24: ='MRA Evaluacion completa'!$M$113 | J24: ='MRA Evaluacion completa'!$T$115 | K24: =IF(ISBLANK('MRA Evaluacion completa'!$U$113),"",'MRA Evaluacion completa'!$U$113) | L24: ='MRA Evaluacion completa'!$X$115 | M24: ='MRA Evaluacion completa'!$X$113 | N24: =IF(ISBLANK('MRA Evaluacion completa'!$Y$113),"",'MRA Evaluacion completa'!$Y$113) | O24: ='MRA Evaluacion completa'!$AB$115 | P24: ='MRA Evaluacion completa'!$AB$113 | Q24: =IF(ISBLANK('MRA Evaluacion completa'!$AC$113),"",'MRA Evaluacion completa'!$AC$113) | R24: ='MRA Evaluacion completa'!$AG$115 | S24: =IF(ISBLANK('MRA Evaluacion completa'!$AG$113),"",'MRA Evaluacion completa'!$AG$113)
A25: =IF(ISBLANK('MRA Evaluacion completa'!B118),"",'MRA Evaluacion completa'!B118) -> 23 | B25: =IF(ISBLANK('MRA Evaluacion completa'!C118),"",'MRA Evaluacion completa'!C118) | C25: =IF(ISBLANK('MRA Evaluacion completa'!D118),"",'MRA Evaluacion completa'!D118) | D25: =IF(ISBLANK('MRA Evaluacion completa'!G118),"",'MRA Evaluacion completa'!G118) | E25: =IF(ISBLANK('MRA Evaluacion completa'!H118),"",'MRA Evaluacion completa'!H118) | F25: =IF(ISBLANK('MRA Evaluacion completa'!I118),"",'MRA Evaluacion completa'!I118) | G25: =IF(ISBLANK('MRA Evaluacion completa'!J118),"",'MRA Evaluacion completa'!J118) | H25: ='MRA Evaluacion completa'!$M$120 | I25: ='MRA Evaluacion completa'!$M$118 | J25: ='MRA Evaluacion completa'!$T$120 | K25: =IF(ISBLANK('MRA Evaluacion completa'!$U$118),"",'MRA Evaluacion completa'!$U$118) | L25: ='MRA Evaluacion completa'!$X$120 | M25: ='MRA Evaluacion completa'!$X$118 | N25: =IF(ISBLANK('MRA Evaluacion completa'!$Y$118),"",'MRA Evaluacion completa'!$Y$118) | O25: ='MRA Evaluacion completa'!$AB$120 | P25: ='MRA Evaluacion completa'!$AB$118 | Q25: =IF(ISBLANK('MRA Evaluacion completa'!$AC$118),"",'MRA Evaluacion completa'!$AC$118) | R25: ='MRA Evaluacion completa'!$AG$120 | S25: =IF(ISBLANK('MRA Evaluacion completa'!$AG$118),"",'MRA Evaluacion completa'!$AG$118)
A26: =IF(ISBLANK('MRA Evaluacion completa'!B123),"",'MRA Evaluacion completa'!B123) -> 24 | B26: =IF(ISBLANK('MRA Evaluacion completa'!C123),"",'MRA Evaluacion completa'!C123) | C26: =IF(ISBLANK('MRA Evaluacion completa'!D123),"",'MRA Evaluacion completa'!D123) | D26: =IF(ISBLANK('MRA Evaluacion completa'!G123),"",'MRA Evaluacion completa'!G123) | E26: =IF(ISBLANK('MRA Evaluacion completa'!H123),"",'MRA Evaluacion completa'!H123) | F26: =IF(ISBLANK('MRA Evaluacion completa'!I123),"",'MRA Evaluacion completa'!I123) | G26: =IF(ISBLANK('MRA Evaluacion completa'!J123),"",'MRA Evaluacion completa'!J123) | H26: ='MRA Evaluacion completa'!$M$125 | I26: ='MRA Evaluacion completa'!$M$123 | J26: ='MRA Evaluacion completa'!$T$125 | K26: =IF(ISBLANK('MRA Evaluacion completa'!$U$123),"",'MRA Evaluacion completa'!$U$123) | L26: ='MRA Evaluacion completa'!$X$125 | M26: ='MRA Evaluacion completa'!$X$123 | N26: =IF(ISBLANK('MRA Evaluacion completa'!$Y$123),"",'MRA Evaluacion completa'!$Y$123) | O26: ='MRA Evaluacion completa'!$AB$125 | P26: ='MRA Evaluacion completa'!$AB$123 | Q26: =IF(ISBLANK('MRA Evaluacion completa'!$AC$123),"",'MRA Evaluacion completa'!$AC$123) | R26: ='MRA Evaluacion completa'!$AG$125 | S26: =IF(ISBLANK('MRA Evaluacion completa'!$AG$123),"",'MRA Evaluacion completa'!$AG$123)
A27: =IF(ISBLANK('MRA Evaluacion completa'!B128),"",'MRA Evaluacion completa'!B128) -> 25 | B27: =IF(ISBLANK('MRA Evaluacion completa'!C128),"",'MRA Evaluacion completa'!C128) | C27: =IF(ISBLANK('MRA Evaluacion completa'!D128),"",'MRA Evaluacion completa'!D128) | D27: =IF(ISBLANK('MRA Evaluacion completa'!G128),"",'MRA Evaluacion completa'!G128) | E27: =IF(ISBLANK('MRA Evaluacion completa'!H128),"",'MRA Evaluacion completa'!H128) | F27: =IF(ISBLANK('MRA Evaluacion completa'!I128),"",'MRA Evaluacion completa'!I128) | G27: =IF(ISBLANK('MRA Evaluacion completa'!J128),"",'MRA Evaluacion completa'!J128) | H27: ='MRA Evaluacion completa'!$M$130 | I27: ='MRA Evaluacion completa'!$M$128 | J27: ='MRA Evaluacion completa'!$T$130 | K27: =IF(ISBLANK('MRA Evaluacion completa'!$U$128),"",'MRA Evaluacion completa'!$U$128) | L27: ='MRA Evaluacion completa'!$X$130 | M27: ='MRA Evaluacion completa'!$X$128 | N27: =IF(ISBLANK('MRA Evaluacion completa'!$Y$128),"",'MRA Evaluacion completa'!$Y$128) | O27: ='MRA Evaluacion completa'!$AB$130 | P27: ='MRA Evaluacion completa'!$AB$128 | Q27: =IF(ISBLANK('MRA Evaluacion completa'!$AC$128),"",'MRA Evaluacion completa'!$AC$128) | R27: ='MRA Evaluacion completa'!$AG$130 | S27: =IF(ISBLANK('MRA Evaluacion completa'!$AG$128),"",'MRA Evaluacion completa'!$AG$128)
A28: =IF(ISBLANK('MRA Evaluacion completa'!B133),"",'MRA Evaluacion completa'!B133) -> 26 | B28: =IF(ISBLANK('MRA Evaluacion completa'!C133),"",'MRA Evaluacion completa'!C133) | C28: =IF(ISBLANK('MRA Evaluacion completa'!D133),"",'MRA Evaluacion completa'!D133) | D28: =IF(ISBLANK('MRA Evaluacion completa'!G133),"",'MRA Evaluacion completa'!G133) | E28: =IF(ISBLANK('MRA Evaluacion completa'!H133),"",'MRA Evaluacion completa'!H133) | F28: =IF(ISBLANK('MRA Evaluacion completa'!I133),"",'MRA Evaluacion completa'!I133) | G28: =IF(ISBLANK('MRA Evaluacion completa'!J133),"",'MRA Evaluacion completa'!J133) | H28: ='MRA Evaluacion completa'!$M$135 | I28: ='MRA Evaluacion completa'!$M$133 | J28: ='MRA Evaluacion completa'!$T$135 | K28: =IF(ISBLANK('MRA Evaluacion completa'!$U$133),"",'MRA Evaluacion completa'!$U$133) | L28: ='MRA Evaluacion completa'!$X$135 | M28: ='MRA Evaluacion completa'!$X$133 | N28: =IF(ISBLANK('MRA Evaluacion completa'!$Y$133),"",'MRA Evaluacion completa'!$Y$133) | O28: ='MRA Evaluacion completa'!$AB$135 | P28: ='MRA Evaluacion completa'!$AB$133 | Q28: =IF(ISBLANK('MRA Evaluacion completa'!$AC$133),"",'MRA Evaluacion completa'!$AC$133) | R28: ='MRA Evaluacion completa'!$AG$135 | S28: =IF(ISBLANK('MRA Evaluacion completa'!$AG$133),"",'MRA Evaluacion completa'!$AG$133)
A29: =IF(ISBLANK('MRA Evaluacion completa'!B138),"",'MRA Evaluacion completa'!B138) -> 27 | B29: =IF(ISBLANK('MRA Evaluacion completa'!C138),"",'MRA Evaluacion completa'!C138) | C29: =IF(ISBLANK('MRA Evaluacion completa'!D138),"",'MRA Evaluacion completa'!D138) | D29: =IF(ISBLANK('MRA Evaluacion completa'!G138),"",'MRA Evaluacion completa'!G138) | E29: =IF(ISBLANK('MRA Evaluacion completa'!H138),"",'MRA Evaluacion completa'!H138) | F29: =IF(ISBLANK('MRA Evaluacion completa'!I138),"",'MRA Evaluacion completa'!I138) | G29: =IF(ISBLANK('MRA Evaluacion completa'!J138),"",'MRA Evaluacion completa'!J138) | H29: ='MRA Evaluacion completa'!$M$140 | I29: ='MRA Evaluacion completa'!$M$138 | J29: ='MRA Evaluacion completa'!$T$140 | K29: =IF(ISBLANK('MRA Evaluacion completa'!$U$138),"",'MRA Evaluacion completa'!$U$138) | L29: ='MRA Evaluacion completa'!$X$140 | M29: ='MRA Evaluacion completa'!$X$138 | N29: =IF(ISBLANK('MRA Evaluacion completa'!$Y$138),"",'MRA Evaluacion completa'!$Y$138) | O29: ='MRA Evaluacion completa'!$AB$140 | P29: ='MRA Evaluacion completa'!$AB$138 | Q29: =IF(ISBLANK('MRA Evaluacion completa'!$AC$138),"",'MRA Evaluacion completa'!$AC$138) | R29: ='MRA Evaluacion completa'!$AG$140 | S29: =IF(ISBLANK('MRA Evaluacion completa'!$AG$138),"",'MRA Evaluacion completa'!$AG$138)
A30: =IF(ISBLANK('MRA Evaluacion completa'!B143),"",'MRA Evaluacion completa'!B143) -> 28 | B30: =IF(ISBLANK('MRA Evaluacion completa'!C143),"",'MRA Evaluacion completa'!C143) | C30: =IF(ISBLANK('MRA Evaluacion completa'!D143),"",'MRA Evaluacion completa'!D143) | D30: =IF(ISBLANK('MRA Evaluacion completa'!G143),"",'MRA Evaluacion completa'!G143) | E30: =IF(ISBLANK('MRA Evaluacion completa'!H143),"",'MRA Evaluacion completa'!H143) | F30: =IF(ISBLANK('MRA Evaluacion completa'!I143),"",'MRA Evaluacion completa'!I143) | G30: =IF(ISBLANK('MRA Evaluacion completa'!J143),"",'MRA Evaluacion completa'!J143) | H30: ='MRA Evaluacion completa'!$M$145 | I30: ='MRA Evaluacion completa'!$M$143 | J30: ='MRA Evaluacion completa'!$T$145 | K30: =IF(ISBLANK('MRA Evaluacion completa'!$U$143),"",'MRA Evaluacion completa'!$U$143) | L30: ='MRA Evaluacion completa'!$X$145 | M30: ='MRA Evaluacion completa'!$X$143 | N30: =IF(ISBLANK('MRA Evaluacion completa'!$Y$143),"",'MRA Evaluacion completa'!$Y$143) | O30: ='MRA Evaluacion completa'!$AB$145 | P30: ='MRA Evaluacion completa'!$AB$143 | Q30: =IF(ISBLANK('MRA Evaluacion completa'!$AC$143),"",'MRA Evaluacion completa'!$AC$143) | R30: ='MRA Evaluacion completa'!$AG$145 | S30: =IF(ISBLANK('MRA Evaluacion completa'!$AG$143),"",'MRA Evaluacion completa'!$AG$143)
A31: =IF(ISBLANK('MRA Evaluacion completa'!B148),"",'MRA Evaluacion completa'!B148) -> 29 | B31: =IF(ISBLANK('MRA Evaluacion completa'!C148),"",'MRA Evaluacion completa'!C148) | C31: =IF(ISBLANK('MRA Evaluacion completa'!D148),"",'MRA Evaluacion completa'!D148) | D31: =IF(ISBLANK('MRA Evaluacion completa'!G148),"",'MRA Evaluacion completa'!G148) | E31: =IF(ISBLANK('MRA Evaluacion completa'!H148),"",'MRA Evaluacion completa'!H148) | F31: =IF(ISBLANK('MRA Evaluacion completa'!I148),"",'MRA Evaluacion completa'!I148) | G31: =IF(ISBLANK('MRA Evaluacion completa'!J148),"",'MRA Evaluacion completa'!J148) | H31: ='MRA Evaluacion completa'!$M$150 | I31: ='MRA Evaluacion completa'!$M$148 | J31: ='MRA Evaluacion completa'!$T$150 | K31: =IF(ISBLANK('MRA Evaluacion completa'!$U$148),"",'MRA Evaluacion completa'!$U$148) | L31: ='MRA Evaluacion completa'!$X$150 | M31: ='MRA Evaluacion completa'!$X$148 | N31: =IF(ISBLANK('MRA Evaluacion completa'!$Y$148),"",'MRA Evaluacion completa'!$Y$148) | O31: ='MRA Evaluacion completa'!$AB$150 | P31: ='MRA Evaluacion completa'!$AB$148 | Q31: =IF(ISBLANK('MRA Evaluacion completa'!$AC$148),"",'MRA Evaluacion completa'!$AC$148) | R31: ='MRA Evaluacion completa'!$AG$150 | S31: =IF(ISBLANK('MRA Evaluacion completa'!$AG$148),"",'MRA Evaluacion completa'!$AG$148)
A32: =IF(ISBLANK('MRA Evaluacion completa'!B153),"",'MRA Evaluacion completa'!B153) -> 30 | B32: =IF(ISBLANK('MRA Evaluacion completa'!C153),"",'MRA Evaluacion completa'!C153) | C32: =IF(ISBLANK('MRA Evaluacion completa'!D153),"",'MRA Evaluacion completa'!D153) | D32: =IF(ISBLANK('MRA Evaluacion completa'!G153),"",'MRA Evaluacion completa'!G153) | E32: =IF(ISBLANK('MRA Evaluacion completa'!H153),"",'MRA Evaluacion completa'!H153) | F32: =IF(ISBLANK('MRA Evaluacion completa'!I153),"",'MRA Evaluacion completa'!I153) | G32: =IF(ISBLANK('MRA Evaluacion completa'!J153),"",'MRA Evaluacion completa'!J153) | H32: ='MRA Evaluacion completa'!$M$155 | I32: ='MRA Evaluacion completa'!$M$153 | J32: ='MRA Evaluacion completa'!$T$155 | K32: =IF(ISBLANK('MRA Evaluacion completa'!$U$153),"",'MRA Evaluacion completa'!$U$153) | L32: ='MRA Evaluacion completa'!$X$155 | M32: ='MRA Evaluacion completa'!$X$153 | N32: =IF(ISBLANK('MRA Evaluacion completa'!$Y$153),"",'MRA Evaluacion completa'!$Y$153) | O32: ='MRA Evaluacion completa'!$AB$155 | P32: ='MRA Evaluacion completa'!$AB$153 | Q32: =IF(ISBLANK('MRA Evaluacion completa'!$AC$153),"",'MRA Evaluacion completa'!$AC$153) | R32: ='MRA Evaluacion completa'!$AG$155 | S32: =IF(ISBLANK('MRA Evaluacion completa'!$AG$153),"",'MRA Evaluacion completa'!$AG$153)
A33: =IF(ISBLANK('MRA Evaluacion completa'!B158),"",'MRA Evaluacion completa'!B158) -> 31 | B33: =IF(ISBLANK('MRA Evaluacion completa'!C158),"",'MRA Evaluacion completa'!C158) | C33: =IF(ISBLANK('MRA Evaluacion completa'!D158),"",'MRA Evaluacion completa'!D158) | D33: =IF(ISBLANK('MRA Evaluacion completa'!G158),"",'MRA Evaluacion completa'!G158) | E33: =IF(ISBLANK('MRA Evaluacion completa'!H158),"",'MRA Evaluacion completa'!H158) | F33: =IF(ISBLANK('MRA Evaluacion completa'!I158),"",'MRA Evaluacion completa'!I158) | G33: =IF(ISBLANK('MRA Evaluacion completa'!J158),"",'MRA Evaluacion completa'!J158) | H33: ='MRA Evaluacion completa'!$M$160 | I33: ='MRA Evaluacion completa'!$M$158 | J33: ='MRA Evaluacion completa'!$T$160 | K33: =IF(ISBLANK('MRA Evaluacion completa'!$U$158),"",'MRA Evaluacion completa'!$U$158) | L33: ='MRA Evaluacion completa'!$X$160 | M33: ='MRA Evaluacion completa'!$X$158 | N33: =IF(ISBLANK('MRA Evaluacion completa'!$Y$158),"",'MRA Evaluacion completa'!$Y$158) | O33: ='MRA Evaluacion completa'!$AB$160 | P33: ='MRA Evaluacion completa'!$AB$158 | Q33: =IF(ISBLANK('MRA Evaluacion completa'!$AC$158),"",'MRA Evaluacion completa'!$AC$158) | R33: ='MRA Evaluacion completa'!$AG$160 | S33: =IF(ISBLANK('MRA Evaluacion completa'!$AG$158),"",'MRA Evaluacion completa'!$AG$158)
A34: =IF(ISBLANK('MRA Evaluacion completa'!B163),"",'MRA Evaluacion completa'!B163) -> 32 | B34: =IF(ISBLANK('MRA Evaluacion completa'!C163),"",'MRA Evaluacion completa'!C163) | C34: =IF(ISBLANK('MRA Evaluacion completa'!D163),"",'MRA Evaluacion completa'!D163) | D34: =IF(ISBLANK('MRA Evaluacion completa'!G163),"",'MRA Evaluacion completa'!G163) | E34: =IF(ISBLANK('MRA Evaluacion completa'!H163),"",'MRA Evaluacion completa'!H163) | F34: =IF(ISBLANK('MRA Evaluacion completa'!I163),"",'MRA Evaluacion completa'!I163) | G34: =IF(ISBLANK('MRA Evaluacion completa'!J163),"",'MRA Evaluacion completa'!J163) | H34: ='MRA Evaluacion completa'!$M$165 | I34: ='MRA Evaluacion completa'!$M$163 | J34: ='MRA Evaluacion completa'!$T$165 | K34: =IF(ISBLANK('MRA Evaluacion completa'!$U$163),"",'MRA Evaluacion completa'!$U$163) | L34: ='MRA Evaluacion completa'!$X$165 | M34: ='MRA Evaluacion completa'!$X$163 | N34: =IF(ISBLANK('MRA Evaluacion completa'!$Y$163),"",'MRA Evaluacion completa'!$Y$163) | O34: ='MRA Evaluacion completa'!$AB$165 | P34: ='MRA Evaluacion completa'!$AB$163 | Q34: =IF(ISBLANK('MRA Evaluacion completa'!$AC$163),"",'MRA Evaluacion completa'!$AC$163) | R34: ='MRA Evaluacion completa'!$AG$165 | S34: =IF(ISBLANK('MRA Evaluacion completa'!$AG$163),"",'MRA Evaluacion completa'!$AG$163)
A35: =IF(ISBLANK('MRA Evaluacion completa'!B168),"",'MRA Evaluacion completa'!B168) -> 33 | B35: =IF(ISBLANK('MRA Evaluacion completa'!C168),"",'MRA Evaluacion completa'!C168) | C35: =IF(ISBLANK('MRA Evaluacion completa'!D168),"",'MRA Evaluacion completa'!D168) | D35: =IF(ISBLANK('MRA Evaluacion completa'!G168),"",'MRA Evaluacion completa'!G168) | E35: =IF(ISBLANK('MRA Evaluacion completa'!H168),"",'MRA Evaluacion completa'!H168) | F35: =IF(ISBLANK('MRA Evaluacion completa'!I168),"",'MRA Evaluacion completa'!I168) | G35: =IF(ISBLANK('MRA Evaluacion completa'!J168),"",'MRA Evaluacion completa'!J168) | H35: ='MRA Evaluacion completa'!$M$170 | I35: ='MRA Evaluacion completa'!$M$168 | J35: ='MRA Evaluacion completa'!$T$170 | K35: =IF(ISBLANK('MRA Evaluacion completa'!$U$168),"",'MRA Evaluacion completa'!$U$168) | L35: ='MRA Evaluacion completa'!$X$170 | M35: ='MRA Evaluacion completa'!$X$168 | N35: =IF(ISBLANK('MRA Evaluacion completa'!$Y$168),"",'MRA Evaluacion completa'!$Y$168) | O35: ='MRA Evaluacion completa'!$AB$170 | P35: ='MRA Evaluacion completa'!$AB$168 | Q35: =IF(ISBLANK('MRA Evaluacion completa'!$AC$168),"",'MRA Evaluacion completa'!$AC$168) | R35: ='MRA Evaluacion completa'!$AG$170 | S35: =IF(ISBLANK('MRA Evaluacion completa'!$AG$168),"",'MRA Evaluacion completa'!$AG$168)
A36: =IF(ISBLANK('MRA Evaluacion completa'!B173),"",'MRA Evaluacion completa'!B173) -> 34 | B36: =IF(ISBLANK('MRA Evaluacion completa'!C173),"",'MRA Evaluacion completa'!C173) | C36: =IF(ISBLANK('MRA Evaluacion completa'!D173),"",'MRA Evaluacion completa'!D173) | D36: =IF(ISBLANK('MRA Evaluacion completa'!G173),"",'MRA Evaluacion completa'!G173) | E36: =IF(ISBLANK('MRA Evaluacion completa'!H173),"",'MRA Evaluacion completa'!H173) | F36: =IF(ISBLANK('MRA Evaluacion completa'!I173),"",'MRA Evaluacion completa'!I173) | G36: =IF(ISBLANK('MRA Evaluacion completa'!J173),"",'MRA Evaluacion completa'!J173) | H36: ='MRA Evaluacion completa'!$M$175 | I36: ='MRA Evaluacion completa'!$M$173 | J36: ='MRA Evaluacion completa'!$T$175 | K36: =IF(ISBLANK('MRA Evaluacion completa'!$U$173),"",'MRA Evaluacion completa'!$U$173) | L36: ='MRA Evaluacion completa'!$X$175 | M36: ='MRA Evaluacion completa'!$X$173 | N36: =IF(ISBLANK('MRA Evaluacion completa'!$Y$173),"",'MRA Evaluacion completa'!$Y$173) | O36: ='MRA Evaluacion completa'!$AB$175 | P36: ='MRA Evaluacion completa'!$AB$173 | Q36: =IF(ISBLANK('MRA Evaluacion completa'!$AC$173),"",'MRA Evaluacion completa'!$AC$173) | R36: ='MRA Evaluacion completa'!$AG$175 | S36: =IF(ISBLANK('MRA Evaluacion completa'!$AG$173),"",'MRA Evaluacion completa'!$AG$173)
A37: =IF(ISBLANK('MRA Evaluacion completa'!B178),"",'MRA Evaluacion completa'!B178) -> 35 | B37: =IF(ISBLANK('MRA Evaluacion completa'!C178),"",'MRA Evaluacion completa'!C178) | C37: =IF(ISBLANK('MRA Evaluacion completa'!D178),"",'MRA Evaluacion completa'!D178) | D37: =IF(ISBLANK('MRA Evaluacion completa'!G178),"",'MRA Evaluacion completa'!G178) | E37: =IF(ISBLANK('MRA Evaluacion completa'!H178),"",'MRA Evaluacion completa'!H178) | F37: =IF(ISBLANK('MRA Evaluacion completa'!I178),"",'MRA Evaluacion completa'!I178) | G37: =IF(ISBLANK('MRA Evaluacion completa'!J178),"",'MRA Evaluacion completa'!J178) | H37: ='MRA Evaluacion completa'!$M$180 | I37: ='MRA Evaluacion completa'!$M$178 | J37: ='MRA Evaluacion completa'!$T$180 | K37: =IF(ISBLANK('MRA Evaluacion completa'!$U$178),"",'MRA Evaluacion completa'!$U$178) | L37: ='MRA Evaluacion completa'!$X$180 | M37: ='MRA Evaluacion completa'!$X$178 | N37: =IF(ISBLANK('MRA Evaluacion completa'!$Y$178),"",'MRA Evaluacion completa'!$Y$178) | O37: ='MRA Evaluacion completa'!$AB$180 | P37: ='MRA Evaluacion completa'!$AB$178 | Q37: =IF(ISBLANK('MRA Evaluacion completa'!$AC$178),"",'MRA Evaluacion completa'!$AC$178) | R37: ='MRA Evaluacion completa'!$AG$180 | S37: =IF(ISBLANK('MRA Evaluacion completa'!$AG$178),"",'MRA Evaluacion completa'!$AG$178)
A38: =IF(ISBLANK('MRA Evaluacion completa'!B183),"",'MRA Evaluacion completa'!B183) -> 36 | B38: =IF(ISBLANK('MRA Evaluacion completa'!C183),"",'MRA Evaluacion completa'!C183) | C38: =IF(ISBLANK('MRA Evaluacion completa'!D183),"",'MRA Evaluacion completa'!D183) | D38: =IF(ISBLANK('MRA Evaluacion completa'!G183),"",'MRA Evaluacion completa'!G183) | E38: =IF(ISBLANK('MRA Evaluacion completa'!H183),"",'MRA Evaluacion completa'!H183) | F38: =IF(ISBLANK('MRA Evaluacion completa'!I183),"",'MRA Evaluacion completa'!I183) | G38: =IF(ISBLANK('MRA Evaluacion completa'!J183),"",'MRA Evaluacion completa'!J183) | H38: ='MRA Evaluacion completa'!$M$185 | I38: ='MRA Evaluacion completa'!$M$183 | J38: ='MRA Evaluacion completa'!$T$185 | K38: =IF(ISBLANK('MRA Evaluacion completa'!$U$183),"",'MRA Evaluacion completa'!$U$183) | L38: ='MRA Evaluacion completa'!$X$185 | M38: ='MRA Evaluacion completa'!$X$183 | N38: =IF(ISBLANK('MRA Evaluacion completa'!$Y$183),"",'MRA Evaluacion completa'!$Y$183) | O38: ='MRA Evaluacion completa'!$AB$185 | P38: ='MRA Evaluacion completa'!$AB$183 | Q38: =IF(ISBLANK('MRA Evaluacion completa'!$AC$183),"",'MRA Evaluacion completa'!$AC$183) | R38: ='MRA Evaluacion completa'!$AG$185 | S38: =IF(ISBLANK('MRA Evaluacion completa'!$AG$183),"",'MRA Evaluacion completa'!$AG$183)
A39: =IF(ISBLANK('MRA Evaluacion completa'!B188),"",'MRA Evaluacion completa'!B188) -> 37 | B39: =IF(ISBLANK('MRA Evaluacion completa'!C188),"",'MRA Evaluacion completa'!C188) | C39: =IF(ISBLANK('MRA Evaluacion completa'!D188),"",'MRA Evaluacion completa'!D188) | D39: =IF(ISBLANK('MRA Evaluacion completa'!G188),"",'MRA Evaluacion completa'!G188) | E39: =IF(ISBLANK('MRA Evaluacion completa'!H188),"",'MRA Evaluacion completa'!H188) | F39: =IF(ISBLANK('MRA Evaluacion completa'!I188),"",'MRA Evaluacion completa'!I188) | G39: =IF(ISBLANK('MRA Evaluacion completa'!J188),"",'MRA Evaluacion completa'!J188) | H39: ='MRA Evaluacion completa'!$M$190 | I39: ='MRA Evaluacion completa'!$M$188 | J39: ='MRA Evaluacion completa'!$T$190 | K39: =IF(ISBLANK('MRA Evaluacion completa'!$U$188),"",'MRA Evaluacion completa'!$U$188) | L39: ='MRA Evaluacion completa'!$X$190 | M39: ='MRA Evaluacion completa'!$X$188 | N39: =IF(ISBLANK('MRA Evaluacion completa'!$Y$188),"",'MRA Evaluacion completa'!$Y$188) | O39: ='MRA Evaluacion completa'!$AB$190 | P39: ='MRA Evaluacion completa'!$AB$188 | Q39: =IF(ISBLANK('MRA Evaluacion completa'!$AC$188),"",'MRA Evaluacion completa'!$AC$188) | R39: ='MRA Evaluacion completa'!$AG$190 | S39: =IF(ISBLANK('MRA Evaluacion completa'!$AG$188),"",'MRA Evaluacion completa'!$AG$188)
A40: =IF(ISBLANK('MRA Evaluacion completa'!B193),"",'MRA Evaluacion completa'!B193) -> 38 | B40: =IF(ISBLANK('MRA Evaluacion completa'!C193),"",'MRA Evaluacion completa'!C193) | C40: =IF(ISBLANK('MRA Evaluacion completa'!D193),"",'MRA Evaluacion completa'!D193) | D40: =IF(ISBLANK('MRA Evaluacion completa'!G193),"",'MRA Evaluacion completa'!G193) | E40: =IF(ISBLANK('MRA Evaluacion completa'!H193),"",'MRA Evaluacion completa'!H193) | F40: =IF(ISBLANK('MRA Evaluacion completa'!I193),"",'MRA Evaluacion completa'!I193) | G40: =IF(ISBLANK('MRA Evaluacion completa'!J193),"",'MRA Evaluacion completa'!J193) | H40: ='MRA Evaluacion completa'!$M$195 | I40: ='MRA Evaluacion completa'!$M$193 | J40: ='MRA Evaluacion completa'!$T$195 | K40: =IF(ISBLANK('MRA Evaluacion completa'!$U$193),"",'MRA Evaluacion completa'!$U$193) | L40: ='MRA Evaluacion completa'!$X$195 | M40: ='MRA Evaluacion completa'!$X$193 | N40: =IF(ISBLANK('MRA Evaluacion completa'!$Y$193),"",'MRA Evaluacion completa'!$Y$193) | O40: ='MRA Evaluacion completa'!$AB$195 | P40: ='MRA Evaluacion completa'!$AB$193 | Q40: =IF(ISBLANK('MRA Evaluacion completa'!$AC$193),"",'MRA Evaluacion completa'!$AC$193) | R40: ='MRA Evaluacion completa'!$AG$195 | S40: =IF(ISBLANK('MRA Evaluacion completa'!$AG$193),"",'MRA Evaluacion completa'!$AG$193)
A41: =IF(ISBLANK('MRA Evaluacion completa'!B198),"",'MRA Evaluacion completa'!B198) -> 39 | B41: =IF(ISBLANK('MRA Evaluacion completa'!C198),"",'MRA Evaluacion completa'!C198) | C41: =IF(ISBLANK('MRA Evaluacion completa'!D198),"",'MRA Evaluacion completa'!D198) | D41: =IF(ISBLANK('MRA Evaluacion completa'!G198),"",'MRA Evaluacion completa'!G198) | E41: =IF(ISBLANK('MRA Evaluacion completa'!H198),"",'MRA Evaluacion completa'!H198) | F41: =IF(ISBLANK('MRA Evaluacion completa'!I198),"",'MRA Evaluacion completa'!I198) | G41: =IF(ISBLANK('MRA Evaluacion completa'!J198),"",'MRA Evaluacion completa'!J198) | H41: ='MRA Evaluacion completa'!$M$200 | I41: ='MRA Evaluacion completa'!$M$198 | J41: ='MRA Evaluacion completa'!$T$200 | K41: =IF(ISBLANK('MRA Evaluacion completa'!$U$198),"",'MRA Evaluacion completa'!$U$198) | L41: ='MRA Evaluacion completa'!$X$200 | M41: ='MRA Evaluacion completa'!$X$198 | N41: =IF(ISBLANK('MRA Evaluacion completa'!$Y$198),"",'MRA Evaluacion completa'!$Y$198) | O41: ='MRA Evaluacion completa'!$AB$200 | P41: ='MRA Evaluacion completa'!$AB$198 | Q41: =IF(ISBLANK('MRA Evaluacion completa'!$AC$198),"",'MRA Evaluacion completa'!$AC$198) | R41: ='MRA Evaluacion completa'!$AG$200 | S41: =IF(ISBLANK('MRA Evaluacion completa'!$AG$198),"",'MRA Evaluacion completa'!$AG$198)
A42: =IF(ISBLANK('MRA Evaluacion completa'!B203),"",'MRA Evaluacion completa'!B203) -> 40 | B42: =IF(ISBLANK('MRA Evaluacion completa'!C203),"",'MRA Evaluacion completa'!C203) | C42: =IF(ISBLANK('MRA Evaluacion completa'!D203),"",'MRA Evaluacion completa'!D203) | D42: =IF(ISBLANK('MRA Evaluacion completa'!G203),"",'MRA Evaluacion completa'!G203) | E42: =IF(ISBLANK('MRA Evaluacion completa'!H203),"",'MRA Evaluacion completa'!H203) | F42: =IF(ISBLANK('MRA Evaluacion completa'!I203),"",'MRA Evaluacion completa'!I203) | G42: =IF(ISBLANK('MRA Evaluacion completa'!J203),"",'MRA Evaluacion completa'!J203) | H42: ='MRA Evaluacion completa'!$M$205 | I42: ='MRA Evaluacion completa'!$M$203 | J42: ='MRA Evaluacion completa'!$T$205 | K42: =IF(ISBLANK('MRA Evaluacion completa'!$U$203),"",'MRA Evaluacion completa'!$U$203) | L42: ='MRA Evaluacion completa'!$X$205 | M42: ='MRA Evaluacion completa'!$X$203 | N42: =IF(ISBLANK('MRA Evaluacion completa'!$Y$203),"",'MRA Evaluacion completa'!$Y$203) | O42: ='MRA Evaluacion completa'!$AB$205 | P42: ='MRA Evaluacion completa'!$AB$203 | Q42: =IF(ISBLANK('MRA Evaluacion completa'!$AC$203),"",'MRA Evaluacion completa'!$AC$203) | R42: ='MRA Evaluacion completa'!$AG$205 | S42: =IF(ISBLANK('MRA Evaluacion completa'!$AG$203),"",'MRA Evaluacion completa'!$AG$203)
A43: =IF(ISBLANK('MRA Evaluacion completa'!B208),"",'MRA Evaluacion completa'!B208) -> 41 | B43: =IF(ISBLANK('MRA Evaluacion completa'!C208),"",'MRA Evaluacion completa'!C208) | C43: =IF(ISBLANK('MRA Evaluacion completa'!D208),"",'MRA Evaluacion completa'!D208) | D43: =IF(ISBLANK('MRA Evaluacion completa'!G208),"",'MRA Evaluacion completa'!G208) | E43: =IF(ISBLANK('MRA Evaluacion completa'!H208),"",'MRA Evaluacion completa'!H208) | F43: =IF(ISBLANK('MRA Evaluacion completa'!I208),"",'MRA Evaluacion completa'!I208) | G43: =IF(ISBLANK('MRA Evaluacion completa'!J208),"",'MRA Evaluacion completa'!J208) | H43: ='MRA Evaluacion completa'!$M$210 | I43: ='MRA Evaluacion completa'!$M$208 | J43: ='MRA Evaluacion completa'!$T$210 | K43: =IF(ISBLANK('MRA Evaluacion completa'!$U$208),"",'MRA Evaluacion completa'!$U$208) | L43: ='MRA Evaluacion completa'!$X$210 | M43: ='MRA Evaluacion completa'!$X$208 | N43: =IF(ISBLANK('MRA Evaluacion completa'!$Y$208),"",'MRA Evaluacion completa'!$Y$208) | O43: ='MRA Evaluacion completa'!$AB$210 | P43: ='MRA Evaluacion completa'!$AB$208 | Q43: =IF(ISBLANK('MRA Evaluacion completa'!$AC$208),"",'MRA Evaluacion completa'!$AC$208) | R43: ='MRA Evaluacion completa'!$AG$210 | S43: =IF(ISBLANK('MRA Evaluacion completa'!$AG$208),"",'MRA Evaluacion completa'!$AG$208)
A44: =IF(ISBLANK('MRA Evaluacion completa'!B213),"",'MRA Evaluacion completa'!B213) -> 42 | B44: =IF(ISBLANK('MRA Evaluacion completa'!C213),"",'MRA Evaluacion completa'!C213) | C44: =IF(ISBLANK('MRA Evaluacion completa'!D213),"",'MRA Evaluacion completa'!D213) | D44: =IF(ISBLANK('MRA Evaluacion completa'!G213),"",'MRA Evaluacion completa'!G213) | E44: =IF(ISBLANK('MRA Evaluacion completa'!H213),"",'MRA Evaluacion completa'!H213) | F44: =IF(ISBLANK('MRA Evaluacion completa'!I213),"",'MRA Evaluacion completa'!I213) | G44: =IF(ISBLANK('MRA Evaluacion completa'!J213),"",'MRA Evaluacion completa'!J213) | H44: ='MRA Evaluacion completa'!$M$215 | I44: ='MRA Evaluacion completa'!$M$213 | J44: ='MRA Evaluacion completa'!$T$215 | K44: =IF(ISBLANK('MRA Evaluacion completa'!$U$213),"",'MRA Evaluacion completa'!$U$213) | L44: ='MRA Evaluacion completa'!$X$215 | M44: ='MRA Evaluacion completa'!$X$213 | N44: =IF(ISBLANK('MRA Evaluacion completa'!$Y$213),"",'MRA Evaluacion completa'!$Y$213) | O44: ='MRA Evaluacion completa'!$AB$215 | P44: ='MRA Evaluacion completa'!$AB$213 | Q44: =IF(ISBLANK('MRA Evaluacion completa'!$AC$213),"",'MRA Evaluacion completa'!$AC$213) | R44: ='MRA Evaluacion completa'!$AG$215 | S44: =IF(ISBLANK('MRA Evaluacion completa'!$AG$213),"",'MRA Evaluacion completa'!$AG$213)
A45: =IF(ISBLANK('MRA Evaluacion completa'!B218),"",'MRA Evaluacion completa'!B218) -> 43 | B45: =IF(ISBLANK('MRA Evaluacion completa'!C218),"",'MRA Evaluacion completa'!C218) | C45: =IF(ISBLANK('MRA Evaluacion completa'!D218),"",'MRA Evaluacion completa'!D218) | D45: =IF(ISBLANK('MRA Evaluacion completa'!G218),"",'MRA Evaluacion completa'!G218) | E45: =IF(ISBLANK('MRA Evaluacion completa'!H218),"",'MRA Evaluacion completa'!H218) | F45: =IF(ISBLANK('MRA Evaluacion completa'!I218),"",'MRA Evaluacion completa'!I218) | G45: =IF(ISBLANK('MRA Evaluacion completa'!J218),"",'MRA Evaluacion completa'!J218) | H45: ='MRA Evaluacion completa'!$M$220 | I45: ='MRA Evaluacion completa'!$M$218 | J45: ='MRA Evaluacion completa'!$T$220 | K45: =IF(ISBLANK('MRA Evaluacion completa'!$U$218),"",'MRA Evaluacion completa'!$U$218) | L45: ='MRA Evaluacion completa'!$X$220 | M45: ='MRA Evaluacion completa'!$X$218 | N45: =IF(ISBLANK('MRA Evaluacion completa'!$Y$218),"",'MRA Evaluacion completa'!$Y$218) | O45: ='MRA Evaluacion completa'!$AB$220 | P45: ='MRA Evaluacion completa'!$AB$218 | Q45: =IF(ISBLANK('MRA Evaluacion completa'!$AC$218),"",'MRA Evaluacion completa'!$AC$218) | R45: ='MRA Evaluacion completa'!$AG$220 | S45: =IF(ISBLANK('MRA Evaluacion completa'!$AG$218),"",'MRA Evaluacion completa'!$AG$218)
A46: =IF(ISBLANK('MRA Evaluacion completa'!B223),"",'MRA Evaluacion completa'!B223) -> 44 | B46: =IF(ISBLANK('MRA Evaluacion completa'!C223),"",'MRA Evaluacion completa'!C223) | C46: =IF(ISBLANK('MRA Evaluacion completa'!D223),"",'MRA Evaluacion completa'!D223) | D46: =IF(ISBLANK('MRA Evaluacion completa'!G223),"",'MRA Evaluacion completa'!G223) | E46: =IF(ISBLANK('MRA Evaluacion completa'!H223),"",'MRA Evaluacion completa'!H223) | F46: =IF(ISBLANK('MRA Evaluacion completa'!I223),"",'MRA Evaluacion completa'!I223) | G46: =IF(ISBLANK('MRA Evaluacion completa'!J223),"",'MRA Evaluacion completa'!J223) | H46: ='MRA Evaluacion completa'!$M$225 | I46: ='MRA Evaluacion completa'!$M$223 | J46: ='MRA Evaluacion completa'!$T$225 | K46: =IF(ISBLANK('MRA Evaluacion completa'!$U$223),"",'MRA Evaluacion completa'!$U$223) | L46: ='MRA Evaluacion completa'!$X$225 | M46: ='MRA Evaluacion completa'!$X$223 | N46: =IF(ISBLANK('MRA Evaluacion completa'!$Y$223),"",'MRA Evaluacion completa'!$Y$223) | O46: ='MRA Evaluacion completa'!$AB$225 | P46: ='MRA Evaluacion completa'!$AB$223 | Q46: =IF(ISBLANK('MRA Evaluacion completa'!$AC$223),"",'MRA Evaluacion completa'!$AC$223) | R46: ='MRA Evaluacion completa'!$AG$225 | S46: =IF(ISBLANK('MRA Evaluacion completa'!$AG$223),"",'MRA Evaluacion completa'!$AG$223)
A47: =IF(ISBLANK('MRA Evaluacion completa'!B228),"",'MRA Evaluacion completa'!B228) -> 45 | B47: =IF(ISBLANK('MRA Evaluacion completa'!C228),"",'MRA Evaluacion completa'!C228) | C47: =IF(ISBLANK('MRA Evaluacion completa'!D228),"",'MRA Evaluacion completa'!D228) | D47: =IF(ISBLANK('MRA Evaluacion completa'!G228),"",'MRA Evaluacion completa'!G228) | E47: =IF(ISBLANK('MRA Evaluacion completa'!H228),"",'MRA Evaluacion completa'!H228) | F47: =IF(ISBLANK('MRA Evaluacion completa'!I228),"",'MRA Evaluacion completa'!I228) | G47: =IF(ISBLANK('MRA Evaluacion completa'!J228),"",'MRA Evaluacion completa'!J228) | H47: ='MRA Evaluacion completa'!$M$230 | I47: ='MRA Evaluacion completa'!$M$228 | J47: ='MRA Evaluacion completa'!$T$230 | K47: =IF(ISBLANK('MRA Evaluacion completa'!$U$228),"",'MRA Evaluacion completa'!$U$228) | L47: ='MRA Evaluacion completa'!$X$230 | M47: ='MRA Evaluacion completa'!$X$228 | N47: =IF(ISBLANK('MRA Evaluacion completa'!$Y$228),"",'MRA Evaluacion completa'!$Y$228) | O47: ='MRA Evaluacion completa'!$AB$230 | P47: ='MRA Evaluacion completa'!$AB$228 | Q47: =IF(ISBLANK('MRA Evaluacion completa'!$AC$228),"",'MRA Evaluacion completa'!$AC$228) | R47: ='MRA Evaluacion completa'!$AG$230 | S47: =IF(ISBLANK('MRA Evaluacion completa'!$AG$228),"",'MRA Evaluacion completa'!$AG$228)
A48: =IF(ISBLANK('MRA Evaluacion completa'!B233),"",'MRA Evaluacion completa'!B233) -> 46 | B48: =IF(ISBLANK('MRA Evaluacion completa'!C233),"",'MRA Evaluacion completa'!C233) | C48: =IF(ISBLANK('MRA Evaluacion completa'!D233),"",'MRA Evaluacion completa'!D233) | D48: =IF(ISBLANK('MRA Evaluacion completa'!G233),"",'MRA Evaluacion completa'!G233) | E48: =IF(ISBLANK('MRA Evaluacion completa'!H233),"",'MRA Evaluacion completa'!H233) | F48: =IF(ISBLANK('MRA Evaluacion completa'!I233),"",'MRA Evaluacion completa'!I233) | G48: =IF(ISBLANK('MRA Evaluacion completa'!J233),"",'MRA Evaluacion completa'!J233) | H48: ='MRA Evaluacion completa'!$M$235 | I48: ='MRA Evaluacion completa'!$M$233 | J48: ='MRA Evaluacion completa'!$T$235 | K48: =IF(ISBLANK('MRA Evaluacion completa'!$U$233),"",'MRA Evaluacion completa'!$U$233) | L48: ='MRA Evaluacion completa'!$X$235 | M48: ='MRA Evaluacion completa'!$X$233 | N48: =IF(ISBLANK('MRA Evaluacion completa'!$Y$233),"",'MRA Evaluacion completa'!$Y$233) | O48: ='MRA Evaluacion completa'!$AB$235 | P48: ='MRA Evaluacion completa'!$AB$233 | Q48: =IF(ISBLANK('MRA Evaluacion completa'!$AC$233),"",'MRA Evaluacion completa'!$AC$233) | R48: ='MRA Evaluacion completa'!$AG$235 | S48: =IF(ISBLANK('MRA Evaluacion completa'!$AG$233),"",'MRA Evaluacion completa'!$AG$233)
A49: =IF(ISBLANK('MRA Evaluacion completa'!B238),"",'MRA Evaluacion completa'!B238) -> 47 | B49: =IF(ISBLANK('MRA Evaluacion completa'!C238),"",'MRA Evaluacion completa'!C238) | C49: =IF(ISBLANK('MRA Evaluacion completa'!D238),"",'MRA Evaluacion completa'!D238) | D49: =IF(ISBLANK('MRA Evaluacion completa'!G238),"",'MRA Evaluacion completa'!G238) | E49: =IF(ISBLANK('MRA Evaluacion completa'!H238),"",'MRA Evaluacion completa'!H238) | F49: =IF(ISBLANK('MRA Evaluacion completa'!I238),"",'MRA Evaluacion completa'!I238) | G49: =IF(ISBLANK('MRA Evaluacion completa'!J238),"",'MRA Evaluacion completa'!J238) | H49: ='MRA Evaluacion completa'!$M$240 | I49: ='MRA Evaluacion completa'!$M$238 | J49: ='MRA Evaluacion completa'!$T$240 | K49: =IF(ISBLANK('MRA Evaluacion completa'!$U$238),"",'MRA Evaluacion completa'!$U$238) | L49: ='MRA Evaluacion completa'!$X$240 | M49: ='MRA Evaluacion completa'!$X$238 | N49: =IF(ISBLANK('MRA Evaluacion completa'!$Y$238),"",'MRA Evaluacion completa'!$Y$238) | O49: ='MRA Evaluacion completa'!$AB$240 | P49: ='MRA Evaluacion completa'!$AB$238 | Q49: =IF(ISBLANK('MRA Evaluacion completa'!$AC$238),"",'MRA Evaluacion completa'!$AC$238) | R49: ='MRA Evaluacion completa'!$AG$240 | S49: =IF(ISBLANK('MRA Evaluacion completa'!$AG$238),"",'MRA Evaluacion completa'!$AG$238)
A50: =IF(ISBLANK('MRA Evaluacion completa'!B243),"",'MRA Evaluacion completa'!B243) -> 48 | B50: =IF(ISBLANK('MRA Evaluacion completa'!C243),"",'MRA Evaluacion completa'!C243) | C50: =IF(ISBLANK('MRA Evaluacion completa'!D243),"",'MRA Evaluacion completa'!D243) | D50: =IF(ISBLANK('MRA Evaluacion completa'!G243),"",'MRA Evaluacion completa'!G243) | E50: =IF(ISBLANK('MRA Evaluacion completa'!H243),"",'MRA Evaluacion completa'!H243) | F50: =IF(ISBLANK('MRA Evaluacion completa'!I243),"",'MRA Evaluacion completa'!I243) | G50: =IF(ISBLANK('MRA Evaluacion completa'!J243),"",'MRA Evaluacion completa'!J243) | H50: ='MRA Evaluacion completa'!$M$245 | I50: ='MRA Evaluacion completa'!$M$243 | J50: ='MRA Evaluacion completa'!$T$245 | K50: =IF(ISBLANK('MRA Evaluacion completa'!$U$243),"",'MRA Evaluacion completa'!$U$243) | L50: ='MRA Evaluacion completa'!$X$245 | M50: ='MRA Evaluacion completa'!$X$243 | N50: =IF(ISBLANK('MRA Evaluacion completa'!$Y$243),"",'MRA Evaluacion completa'!$Y$243) | O50: ='MRA Evaluacion completa'!$AB$245 | P50: ='MRA Evaluacion completa'!$AB$243 | Q50: =IF(ISBLANK('MRA Evaluacion completa'!$AC$243),"",'MRA Evaluacion completa'!$AC$243) | R50: ='MRA Evaluacion completa'!$AG$245 | S50: =IF(ISBLANK('MRA Evaluacion completa'!$AG$243),"",'MRA Evaluacion completa'!$AG$243)
A51: =IF(ISBLANK('MRA Evaluacion completa'!B248),"",'MRA Evaluacion completa'!B248) -> 49 | B51: =IF(ISBLANK('MRA Evaluacion completa'!C248),"",'MRA Evaluacion completa'!C248) | C51: =IF(ISBLANK('MRA Evaluacion completa'!D248),"",'MRA Evaluacion completa'!D248) | D51: =IF(ISBLANK('MRA Evaluacion completa'!G248),"",'MRA Evaluacion completa'!G248) | E51: =IF(ISBLANK('MRA Evaluacion completa'!H248),"",'MRA Evaluacion completa'!H248) | F51: =IF(ISBLANK('MRA Evaluacion completa'!I248),"",'MRA Evaluacion completa'!I248) | G51: =IF(ISBLANK('MRA Evaluacion completa'!J248),"",'MRA Evaluacion completa'!J248) | H51: ='MRA Evaluacion completa'!$M$250 | I51: ='MRA Evaluacion completa'!$M$248 | J51: ='MRA Evaluacion completa'!$T$250 | K51: =IF(ISBLANK('MRA Evaluacion completa'!$U$248),"",'MRA Evaluacion completa'!$U$248) | L51: ='MRA Evaluacion completa'!$X$250 | M51: ='MRA Evaluacion completa'!$X$248 | N51: =IF(ISBLANK('MRA Evaluacion completa'!$Y$248),"",'MRA Evaluacion completa'!$Y$248) | O51: ='MRA Evaluacion completa'!$AB$250 | P51: ='MRA Evaluacion completa'!$AB$248 | Q51: =IF(ISBLANK('MRA Evaluacion completa'!$AC$248),"",'MRA Evaluacion completa'!$AC$248) | R51: ='MRA Evaluacion completa'!$AG$250 | S51: =IF(ISBLANK('MRA Evaluacion completa'!$AG$248),"",'MRA Evaluacion completa'!$AG$248)
A52: =IF(ISBLANK('MRA Evaluacion completa'!B253),"",'MRA Evaluacion completa'!B253) -> 50 | B52: =IF(ISBLANK('MRA Evaluacion completa'!C253),"",'MRA Evaluacion completa'!C253) | C52: =IF(ISBLANK('MRA Evaluacion completa'!D253),"",'MRA Evaluacion completa'!D253) | D52: =IF(ISBLANK('MRA Evaluacion completa'!G253),"",'MRA Evaluacion completa'!G253) | E52: =IF(ISBLANK('MRA Evaluacion completa'!H253),"",'MRA Evaluacion completa'!H253) | F52: =IF(ISBLANK('MRA Evaluacion completa'!I253),"",'MRA Evaluacion completa'!I253) | G52: =IF(ISBLANK('MRA Evaluacion completa'!J253),"",'MRA Evaluacion completa'!J253) | H52: ='MRA Evaluacion completa'!$M$255 | I52: ='MRA Evaluacion completa'!$M$253 | J52: ='MRA Evaluacion completa'!$T$255 | K52: =IF(ISBLANK('MRA Evaluacion completa'!$U$253),"",'MRA Evaluacion completa'!$U$253) | L52: ='MRA Evaluacion completa'!$X$255 | M52: ='MRA Evaluacion completa'!$X$253 | N52: =IF(ISBLANK('MRA Evaluacion completa'!$Y$253),"",'MRA Evaluacion completa'!$Y$253) | O52: ='MRA Evaluacion completa'!$AB$255 | P52: ='MRA Evaluacion completa'!$AB$253 | Q52: =IF(ISBLANK('MRA Evaluacion completa'!$AC$253),"",'MRA Evaluacion completa'!$AC$253) | R52: ='MRA Evaluacion completa'!$AG$255 | S52: =IF(ISBLANK('MRA Evaluacion completa'!$AG$253),"",'MRA Evaluacion completa'!$AG$253)
A53: =IF(ISBLANK('MRA Evaluacion completa'!B258),"",'MRA Evaluacion completa'!B258) -> 51 | B53: =IF(ISBLANK('MRA Evaluacion completa'!C258),"",'MRA Evaluacion completa'!C258) | C53: =IF(ISBLANK('MRA Evaluacion completa'!D258),"",'MRA Evaluacion completa'!D258) | D53: =IF(ISBLANK('MRA Evaluacion completa'!G258),"",'MRA Evaluacion completa'!G258) | E53: =IF(ISBLANK('MRA Evaluacion completa'!H258),"",'MRA Evaluacion completa'!H258) | F53: =IF(ISBLANK('MRA Evaluacion completa'!I258),"",'MRA Evaluacion completa'!I258) | G53: =IF(ISBLANK('MRA Evaluacion completa'!J258),"",'MRA Evaluacion completa'!J258) | H53: ='MRA Evaluacion completa'!$M$260 | I53: ='MRA Evaluacion completa'!$M$258 | J53: ='MRA Evaluacion completa'!$T$260 | K53: =IF(ISBLANK('MRA Evaluacion completa'!$U$258),"",'MRA Evaluacion completa'!$U$258) | L53: ='MRA Evaluacion completa'!$X$260 | M53: ='MRA Evaluacion completa'!$X$258 | N53: =IF(ISBLANK('MRA Evaluacion completa'!$Y$258),"",'MRA Evaluacion completa'!$Y$258) | O53: ='MRA Evaluacion completa'!$AB$260 | P53: ='MRA Evaluacion completa'!$AB$258 | Q53: =IF(ISBLANK('MRA Evaluacion completa'!$AC$258),"",'MRA Evaluacion completa'!$AC$258) | R53: ='MRA Evaluacion completa'!$AG$260 | S53: =IF(ISBLANK('MRA Evaluacion completa'!$AG$258),"",'MRA Evaluacion completa'!$AG$258)
A54: =IF(ISBLANK('MRA Evaluacion completa'!B263),"",'MRA Evaluacion completa'!B263) -> 52 | B54: =IF(ISBLANK('MRA Evaluacion completa'!C263),"",'MRA Evaluacion completa'!C263) | C54: =IF(ISBLANK('MRA Evaluacion completa'!D263),"",'MRA Evaluacion completa'!D263) | D54: =IF(ISBLANK('MRA Evaluacion completa'!G263),"",'MRA Evaluacion completa'!G263) | E54: =IF(ISBLANK('MRA Evaluacion completa'!H263),"",'MRA Evaluacion completa'!H263) | F54: =IF(ISBLANK('MRA Evaluacion completa'!I263),"",'MRA Evaluacion completa'!I263) | G54: =IF(ISBLANK('MRA Evaluacion completa'!J263),"",'MRA Evaluacion completa'!J263) | H54: ='MRA Evaluacion completa'!$M$265 | I54: ='MRA Evaluacion completa'!$M$263 | J54: ='MRA Evaluacion completa'!$T$265 | K54: =IF(ISBLANK('MRA Evaluacion completa'!$U$263),"",'MRA Evaluacion completa'!$U$263) | L54: ='MRA Evaluacion completa'!$X$265 | M54: ='MRA Evaluacion completa'!$X$263 | N54: =IF(ISBLANK('MRA Evaluacion completa'!$Y$263),"",'MRA Evaluacion completa'!$Y$263) | O54: ='MRA Evaluacion completa'!$AB$265 | P54: ='MRA Evaluacion completa'!$AB$263 | Q54: =IF(ISBLANK('MRA Evaluacion completa'!$AC$263),"",'MRA Evaluacion completa'!$AC$263) | R54: ='MRA Evaluacion completa'!$AG$265 | S54: =IF(ISBLANK('MRA Evaluacion completa'!$AG$263),"",'MRA Evaluacion completa'!$AG$263)
A55: =IF(ISBLANK('MRA Evaluacion completa'!B268),"",'MRA Evaluacion completa'!B268) -> 53 | B55: =IF(ISBLANK('MRA Evaluacion completa'!C268),"",'MRA Evaluacion completa'!C268) | C55: =IF(ISBLANK('MRA Evaluacion completa'!D268),"",'MRA Evaluacion completa'!D268) | D55: =IF(ISBLANK('MRA Evaluacion completa'!G268),"",'MRA Evaluacion completa'!G268) | E55: =IF(ISBLANK('MRA Evaluacion completa'!H268),"",'MRA Evaluacion completa'!H268) | F55: =IF(ISBLANK('MRA Evaluacion completa'!I268),"",'MRA Evaluacion completa'!I268) | G55: =IF(ISBLANK('MRA Evaluacion completa'!J268),"",'MRA Evaluacion completa'!J268) | H55: ='MRA Evaluacion completa'!$M$270 | I55: ='MRA Evaluacion completa'!$M$268 | J55: ='MRA Evaluacion completa'!$T$270 | K55: =IF(ISBLANK('MRA Evaluacion completa'!$U$268),"",'MRA Evaluacion completa'!$U$268) | L55: ='MRA Evaluacion completa'!$X$270 | M55: ='MRA Evaluacion completa'!$X$268 | N55: =IF(ISBLANK('MRA Evaluacion completa'!$Y$268),"",'MRA Evaluacion completa'!$Y$268) | O55: ='MRA Evaluacion completa'!$AB$270 | P55: ='MRA Evaluacion completa'!$AB$268 | Q55: =IF(ISBLANK('MRA Evaluacion completa'!$AC$268),"",'MRA Evaluacion completa'!$AC$268) | R55: ='MRA Evaluacion completa'!$AG$270 | S55: =IF(ISBLANK('MRA Evaluacion completa'!$AG$268),"",'MRA Evaluacion completa'!$AG$268)
A56: =IF(ISBLANK('MRA Evaluacion completa'!B273),"",'MRA Evaluacion completa'!B273) -> 54 | B56: =IF(ISBLANK('MRA Evaluacion completa'!C273),"",'MRA Evaluacion completa'!C273) | C56: =IF(ISBLANK('MRA Evaluacion completa'!D273),"",'MRA Evaluacion completa'!D273) | D56: =IF(ISBLANK('MRA Evaluacion completa'!G273),"",'MRA Evaluacion completa'!G273) | E56: =IF(ISBLANK('MRA Evaluacion completa'!H273),"",'MRA Evaluacion completa'!H273) | F56: =IF(ISBLANK('MRA Evaluacion completa'!I273),"",'MRA Evaluacion completa'!I273) | G56: =IF(ISBLANK('MRA Evaluacion completa'!J273),"",'MRA Evaluacion completa'!J273) | H56: ='MRA Evaluacion completa'!$M$275 | I56: ='MRA Evaluacion completa'!$M$273 | J56: ='MRA Evaluacion completa'!$T$275 | K56: =IF(ISBLANK('MRA Evaluacion completa'!$U$273),"",'MRA Evaluacion completa'!$U$273) | L56: ='MRA Evaluacion completa'!$X$275 | M56: ='MRA Evaluacion completa'!$X$273 | N56: =IF(ISBLANK('MRA Evaluacion completa'!$Y$273),"",'MRA Evaluacion completa'!$Y$273) | O56: ='MRA Evaluacion completa'!$AB$275 | P56: ='MRA Evaluacion completa'!$AB$273 | Q56: =IF(ISBLANK('MRA Evaluacion completa'!$AC$273),"",'MRA Evaluacion completa'!$AC$273) | R56: ='MRA Evaluacion completa'!$AG$275 | S56: =IF(ISBLANK('MRA Evaluacion completa'!$AG$273),"",'MRA Evaluacion completa'!$AG$273)
