Workbook
Name abcdefg: #REF!
Name Cavities: #REF!
Name Choose: #REF!
Name CONSTANTES: #REF!
Name CONSTANTS: #REF!
Name decoupled: #REF!
Name decoupled2: #REF!
Name degrees: #REF!
Name Document: #REF!
Name DPH: '(Linked) Hazard Risk Number HRN'!$B$6:$C$13
Name drytime: #REF!
Name eject: #REF!
Name EJECTPATT: #REF!
Name ejectpattern: #REF!
Name ejtpat: #REF!
Name fabulous: #REF!
Name fasdfsdfsd: #REF!
Name FE: '(Linked) Hazard Risk Number HRN'!$B$16:$C$26
Name Flow_transfer_mod: #REF!
Name FlowRatePlastic: #REF!
Name flowstudy: #REF!
Name Force: #REF!
Name formula: #REF!
Name g: #REF!
Name l: #REF!
Name Linear: #REF!
Name LO: '(Linked) Hazard Risk Number HRN'!$D$6:$E$14
Name machine: #REF!
Name MachineType: #REF!
Name Mfg: #REF!
Name Moldtype: #REF!
Name NP: '(Linked) Hazard Risk Number HRN'!$D$17:$E$22
Name OLE_LINK3: 'Portada del documento JDOC'!#REF!
Name PA: '(Linked) Hazard Risk Number HRN'!$D$25:$E$27
Name Piezo: #REF!
Name PLr: #REF!
Name position: #REF!
Name Press.: #REF!
Name presses: #REF!
Name Pressure: #REF!
Name Process: #REF!
Name process3: #REF!
Name processeng: #REF!
Name Recovery: #REF!
Name Resins: #REF!
Name Revision: #REF!
Name scale: #REF!
Name SDFASDFS: #REF!
Name sdsdgfasdg: #REF!
Name Security: #REF!
Name SPECHEAT: #REF!
Name Speed: #REF!
Name Table_Press: #REF!
Name tctype: #REF!
Name Temps: #REF!
Name Test: #REF!
Name therm2: #REF!
Name THERMAL: #REF!
Name Time: #REF!
Name Title: #REF!

Sheet Portada del documento JDOC
C1: 16-HS80-8000-00020 | E1: Revision
E2: B
C3: Evaluación de riesgos de maquinaria | E3: Categoría de documentación
E4: Obligatorio
A5: Aprobaciones | D5: Designación
A6: Chad McClimans | D6: Global Environmental Health & Safety Director
A7: Conor Kenny | D7: Sr Director Global Automation
A8: Detalles de la revisión (Nota: Consulte la información del documento del sistema para conocer la fecha de lanzamiento)
A9: Revision | B9: Detalles del cambio | E9: Autor
A10: A | B10: Lanzamiento inicial | E10: Guajana Skyers
A11: B | B11: Revisado al nuevo formulario de evaluación de riesgos de la máquina con hojas de apoyo. | E11: John Tebbe
A12: 1.0 Proposito
A13: El objetivo de la herramienta de evaluación de riesgos de máquinas (MRA) es respaldar la actividad de evaluación de riesgos proporcionando un método de evaluación coherente y completo. Una evaluación completa y conforme, que cumpla con las expectativas, garantizará que solo se utilicen equipos seguros en las operaciones antes de que cualquier equipo se libere en la célula de trabajo para la validación/calificación del proceso y/o la producción comercial. El proceso MRA pone a prueba el equipo evaluando los riesgos de seguridad/ergonomía que están presentes en el equipo durante su funcionamiento. Un Los sitios que ya cuentan con evaluaciones de riesgos de maquinaria deben realizar un análisis de deficiencias y subsanarlas. El objetivo es reducir el riesgo empresarial, proteger la salud y la seguridad de los empleados de Jabil, así como cumplir con los requisitos normativos y de los clientes.
A14: 2.0 Alcance
A15: Todos los sitios a nivel mundial que requieren un sistema de evaluación de riesgos de maquinaria según lo definido por la Norma de Seguridad de Maquinaria SE-ES20-00004. La mejor práctica para la evaluación inicial comienza durante la revisión del diseño, se reevalúa durante la construcción/prueba de aceptación de fábrica (FAT) y se reevalúa en la prueba de aceptación en el sitio (SAT) para nuevas construcciones, ya que se trata de un documento vivo.
A16: 3.0 Referencias
A17: Este documento debe utilizarse junto con los siguientes procedimientos:
A18: Numero de documento | C18: Document Title
A19: SE-ES20-00004 | C19: Estandar de seguridad en maquinaria
A20: 16-HS20-8000-00010 | C20: Procedimiento de seguridad en maquinaria
A21: 00-AT20-00001 | C21: Estandar de Introducción a la automatización de ensambles
A22: 4.0 Instrucciones
A23: 4.1 Revise la norma de seguridad de máquinas SE-ES20-00004 para conocer y comprender los requisitos mínimos de seguridad de máquinas de Jabil antes de seguir las instrucciones que se indican a continuación.
A24: Lea atentamente las instrucciones que figuran a continuación, así como las pestañas de referencia adicionales incluidas en el libro de trabajo. Las dos pestañas que deben utilizarse se describen en las secciones 4.4 y 4.5. Las secciones 4.7 a 4.9 son pestañas adicionales de apoyo para el análisis de datos, la presentación de informes y el seguimiento de las medidas destinadas a reducir los niveles de peligro residual que quedan tras la evaluación inicial.
A25: 4.1 Se espera que los centros utilicen este formulario MRA para documentar su evaluación. El MRA puede ser realizado por el contratista o por un tercero autorizado. Los centros que dispongan de un formulario o software equivalente que se considere que cumple o supera estos requisitos pueden solicitar su sustitución con la aprobación por escrito de los responsables de la aprobación de la plantilla anterior o de la persona designada.
A26: 4.2 Aunque los sitios web ofrecen una gran flexibilidad para añadir contenido y criterios para la evaluación de riesgos de la maquinaria, NO ELIMINE ni modifique ninguna fórmula, ponderación de factores o criterio del Índice de Riesgo de Peligro (HRN). El sitio web deberá revisar todos los peligros asociados a la máquina y las tareas relacionadas con la interacción con el equipo.
A27: 4.3. Se recomienda que el equipo de evaluación esté compuesto por entre 3 y 5 personas. Se debe calcular la media de cada aportación y votar si es necesario para acordar el HRN resultante, por lo que se recomienda que el número de miembros sea impar. Lo ideal es que los miembros del equipo que participen estén familiarizados con la tarea y la operación que se evalúa en su área de especialización. La MRA puede ser realizada por un contratista o un tercero autorizado, dependiendo de la complejidad del proyecto y/o de la disponibilidad del equipo competente en el lugar. El equipo puede cambiar en función de la condición de uso que se evalúe. A continuación se indican los requisitos mínimos para cada condición de uso o tarea de evaluación. - Operaciones normales: mínimo de (Medio Ambiente, Salud y Seguridad (EHS), Procesos/Automatización, Operaciones. - Manipulación de materiales: mínimo de EHS, Procesos/Automatización, Operaciones o tareas específicas de almacén. - Recuperación de fallos: mínimo de EHS, proceso/automatización, operaciones o tareas específicas de mantenimiento. - Mantenimiento correctivo/resolución de problemas: mínimo de EHS, proceso/automatización, operaciones o tareas específicas de mantenimiento. - Mantenimiento preventivo: mínimo EHS, procesos/automatización, mantenimiento/mecánica. - Modo de parada de emergencia/recuperación: mínimo EHS, procesos/automatización, operaciones o tareas específicas de mantenimiento. - Modo manual: mínimo EHS, procesos/automatización, mantenimiento/mecánica u operaciones específicas. - Arranque/apagado: mínimo EHS, proceso/automatización, mantenimiento/mecánica u operaciones específicas. - Bloqueo/prueba (LOTO): mínimo EHS, proceso/automatización, mantenimiento/mecánica. - Ajustes mecánicos: Mínimo EHS, proceso/automatización, mantenimiento/mecánica u operaciones específicas. - Configuración/cambio: Mínimo EHS, proceso/automatización, mantenimiento/mecánica u operaciones específicas.
A28: 4.4 Comience aquí_Cubierta_Pestaña de revisión
A29: 4.4A Introduzca el cliente, la ubicación del sitio, el número de proyecto/máquina, la fecha y el responsable en la parte superior.
A30: 4.4B Introduzca la versión, la fecha, el autor de la modificación y la descripción en la tabla del historial de revisiones de la evaluación. La primera revisión será la versión inicial. La evaluación es un documento vivo y el historial de revisiones se utiliza para documentar las actualizaciones posteriores a la evaluación inicial.
A31: 4.5 Pestaña de evaluación completa de MRA
A32: 4.5A Número de serie de entrada, fecha de fabricación, descripción de la máquina/línea o enfoque de la evaluación, ubicación de la planta del edificio en la parte superior de la evaluación.
A33: 4.5B Condiciones de uso (tarea) Este campo se puede rellenar manualmente o utilizar el menú desplegable para equipos más sencillos (personalizable en la pestaña Referencias del menú desplegable (vinculado)). Se recomienda incluir aquí suficiente información para que otras personas que no participen en la evaluación puedan seguirla con claridad. Ejemplo: Operaciones normales: Estación 01, carga de la carcasa, recogida y colocación. Utilice 4.3 como condiciones mínimas para evaluar, así como tener en cuenta todos los modos para los que está programado el equipo (automático, semiautomático, paso a paso, manual, jog). Pruebe físicamente el equipo, no se limite a comprobar que hay una cortina de luz y dar por sentado que los controles están en su sitio, sino que verifique que no se puede burlar ni dar acceso a peligros en la condición que se está evaluando.
... A38: 4.5G El nivel de riesgo y el índice de riesgo (HRN) se completarán automáticamente una vez que se hayan ponderado los cuatro elementos. El HRN inicial será alto, ya que se evalúa sin medidas de seguridad. El objetivo del cálculo del HRN es identificar los riesgos medios, altos e inaceptables que no son admisibles y determinar las medidas esenciales de reducción del riesgo para alcanzar un nivel de HRN aceptable. Esto se puede lograr reduciendo la probabilidad de sufrir daños o eliminando los peligros, la frecuencia o la exposición mediante un rediseño, ya sea reduciendo por separado o simultáneamente cada uno de los 4 elementos que determinan el riesgo asociado. Para obtener más información, consulte la pestaña de referencia del nivel de riesgo HRN (Ref.). A continuación se describen las expectativas mínimas de Jabil para un HRN aceptable y las acciones mínimas para un HRN medio/alto/inaceptable:
B39: 0 - 5 | C39: Riesgo insignificante | D39: Riesgo aceptable. No se requiere ninguna acción. Los usuarios finales deben seguir el manual del usuario, el procedimiento operativo estándar (SOP), las instrucciones de trabajo (WI), las ayudas visuales (VA), las señales de seguridad (pictogramas), la formación básica y el equipo de protección individual (EPI).
B40: >5 - 25 | C40: Riesgo bajo
B41: >25 - 50 | C41: Riesgo Medio | D41: Riesgo inaceptable. El centro deberá implementar medidas de control esenciales (evaluar soluciones de control de ingeniería sólidas, salvaguardias, etc., frente a medidas administrativas o EPI).
B42: >50 - 500 | C42: Riesgo Alto
B43: > 500 | C43: Riesgo inaceptable | D43: No es aceptable bajo ninguna circunstancia. La máquina no debe ponerse en funcionamiento. El sitio debe considerar un cambio en el diseño para que la máquina sea intrínsecamente segura y, a continuación, implementar las medidas de control esenciales.
A44: 4.5H IS0 13849-1 Clasificación del nivel de rendimiento (PLr). Esta sección puede dejarse en blanco para evaluaciones generales a nivel de sitio que NO construyan, integren, actualicen ni modifiquen equipos. Esta sección debe utilizarse con fabricantes de máquinas internos o externos, integradores (que conectan máquinas «listas para usar» y/o las unen entre sí como una línea o un sistema), actualizaciones o modificaciones. Se utiliza en la fase de diseño de la maquinaria, integridad máquina a máquina: el diseñador, integrador o ingeniero de procesos debe identificar el nivel de rendimiento requerido (PLr) de conformidad con la parte relacionada con la seguridad de los sistemas de control de la norma ISO 13849-1. Para ello, determine la probabilidad (P) según la sección de la norma ISO 13849 respondiendo a las 5 preguntas del menú desplegable. Debe completar el grado de daño posible (DPH) y la frecuencia de exposición a los peligros (FE) de la sección HRN de la evaluación inicial de riesgos para rellenar la gravedad (S) y la frecuencia (F). El nivel de rendimiento requerido (PLr) se rellenará automáticamente una vez que se hayan respondido las 5 preguntas. En función de los resultados, el PLr se rellenará automáticamente. Para obtener más información, consulte la pestaña de referencia del nivel de rendimiento PLr (Ref.).
A45: 4.5 Reevaluación con las salvaguardias existentes. Este es el estado actual de la máquina, que debe estar físicamente construida; de lo contrario, se trata de un control propuesto y no del estado actual. Si no hay salvaguardias adicionales, la evaluación sería la misma que la evaluación inicial y no se incluirían medidas de control adicionales. Enumere cada medida de control presente. Los controles se dividen en tres categorías: controles de ingeniería (los más altos), administrativos (WI, SOP, operaciones/sitio) y EPP. La madurez del sitio y del personal debe tenerse en cuenta cuando los controles administrativos son del más alto nivel. Este campo se puede rellenar manualmente o se puede utilizar el menú desplegable para equipos más sencillos (personalizable en la pestaña Referencias del menú desplegable (vinculado)). Ejemplo: puertas de protección con interlocks, controles que no permiten el movimiento con las puertas abiertas.
A46: 4.5J Reevaluar las 4 áreas con las medidas de control presentes. Por lo general, lo único que se puede influir/cambiar es la probabilidad. Un ejemplo de cómo influir en la frecuencia sería cambiar el material que modifica la esperanza de vida útil, lo que da como resultado una exposición menos frecuente al peligro. Para obtener más información, consulte la pestaña de referencia del nivel de riesgo HRN (Ref.).
A47: 4.5K El nivel de riesgo y el número de riesgo de peligro (HRN) se completarán automáticamente al introducir los datos de la evaluación.
A48: 4.5L Controles propuestos para reducir el riesgo a un nivel aceptable. ¿El nivel actual de HRN es medio o superior? ¿Existen medidas adicionales que, de implementarse, podrían reducir aún más el HRN? En caso afirmativo, enumere las medidas de control adicionales que podrían implementarse.
A49: 4.5M Reevaluar las 4 áreas con las medidas de control si se implementara la propuesta. Por lo general, lo único que se puede influir/cambiar es la probabilidad. Un ejemplo de cómo influir en la frecuencia sería cambiar el material que modifica la esperanza de vida útil, lo que da como resultado una exposición menos frecuente al peligro.
A50: 4.5N Los controles reales implementados para reducir a un nivel aceptable se utilizarán para la reevaluación después de que se hayan implementado medidas de control adicionales (no completadas durante la evaluación inicial). Enumere las medidas de control reales implementadas y reevalúe las cuatro áreas con las medidas de control si se implementara la propuesta. Por lo general, lo único que se puede influir o cambiar es la probabilidad. Un ejemplo de influencia en la frecuencia sería cambiar el material que modifica la esperanza de vida, lo que da como resultado una exposición menos frecuente al peligro.
A51: 4.5O Insertar imágenes. Incorpore imágenes en el archivo como referencia de lo que se está evaluando en el momento de la evaluación.
A52: 4.6 Si el resultado de la actividad de evaluación de riesgos de seguridad determina que la puntuación final real del HRN es media o superior, sin posibilidad de reducirla más, se deberá notificar al responsable de EHS del centro y al responsable funcional para que se puedan tomar medidas adicionales para evaluar el riesgo para las operaciones con una revisión regional/corporativa para determinar si el riesgo residual es aceptable.
A53: 4.7 Pestaña Resumen. Esta pestaña está vinculada a la pestaña Evaluación completa del MRA. Esto permite a los usuarios ordenar las columnas sin afectar a los datos brutos de la evaluación.
A54: 4.8 Pestaña Registro de acciones. Esta pestaña vincula la información sobre riesgos, la evaluación existente y las medidas de mitigación propuestas de la pestaña Evaluación completa de MRA. Las columnas con encabezado verde están destinadas a que el usuario las utilice, si lo desea, como un registro de acciones en el que se pueden introducir comentarios, propietarios, fechas y estado.
A55: 4.9 Pestaña «Gráfico resumen». Se trata de un gráfico de alto nivel que muestra los totales de peligros sin medidas de seguridad, las medidas correctivas actuales y las propuestas. La tabla y el gráfico se actualizarán automáticamente.
... A58: NOTA:
A59: 1 | B59: En caso de que el resultado de la actividad de evaluación de riesgos de seguridad determine que la puntuación HRN final real del peligro es media o superior, sin posibilidad de reducirla más, se deberá notificar al director de EHS del centro y al director funcional para que se puedan tomar medidas adicionales con el fin de evaluar el riesgo para las operaciones con una revisión regional/corporativa de EHS para determinar si se acepta el riesgo residual.

Sheet Empezar aquí_Portada_Revisión
B1: Cliente | C1: John Deere | H1: Ubicación | I1: Jabil | L1: Fecha | M1: 22/09/2026
B2: Celula/ Numero de maquina: | C2: KASALIS PIXID 500 (embotellamiento compartido: SCORPION, MOOSE, GECKO, INFURROW) | L2: Responsable: | M2: EHS / Automation
B4: Evaluación de riesgos de máquinas mediante el sistema de clasificación de peligros por números
B6: Tabla de revisión
B7: Version | C7: Fecha | E7: Modificado por | I7: Descripción de los cambios

Sheet MRA Full Assessment
B2: Nombre de máquina /Número | D2: =IF(ISBLANK('Empezar aquí_Portada_Revisión'!C2),"",'Empezar aquí_Portada_Revisión'!C2) | E2: Serial #: | F2: - | G2: Fecha MFG: | I2: - | K2: Ubicación: | L2: =IF(ISBLANK('Empezar aquí_Portada_Revisión'!I1),"",'Empezar aquí_Portada_Revisión'!I1) | Y2: Fecha: | Z2: ='Empezar aquí_Portada_Revisión'!$M$1 -> 0
B3: Descripción de la máquina: | D3: - | K3: Ubicación del edificio/planta: | L3: - | Y3: Por: | Z3: ='Empezar aquí_Portada_Revisión'!$M$2 -> 0
B5: PELIGRO # | C5: Condición de uso (Tarea) | D5: Peligro(s) / Modo de fallo | E5: Imágenes | G5: Personas en riesgo | K5: EVALUACIÓN INICIAL - SIN SALVAGUARDAS / SIN PROTECCIÓN | N5: ISO 13849-1:2023 Evaluación inicial de HRN: DPH y FE rellenan automáticamente S y F | U5: CONTROLES PROPUESTOS PARA REDUCIR EL RIESGO A UN NIVEL ACEPTABLE | Y5: CONTROLES PROPUESTOS PARA REDUCIR EL RIESGO A UN NIVEL ACEPTABLE | AC5: CONTROLES REALES IMPLEMENTADOS PARA REDUCIR EL RIESGO A UN NIVEL ACEPTABLE
G6: Operador | H6: Mantenimiento | I6: Contratistas | J6: Otros | K6: Gravedad Frecuencia Verosimilitud Número de personas | L6: DPH FE LO NP | M6: Nivel de riesgo HRN | U6: Medida(s) de control ¡No puedes usar la evaluación de riesgos para reducir el grado de protección que exigen los estándares! | V6: Gravedad Frecuencia Verosimilitud Número de personas | W6: DPH FE LO NP | X6: Nivel de riesgo (HRN) | Y6: Medida(s) de control ¡No puedes usar la evaluación de riesgos para reducir el grado de protección que exigen los estándares! | Z6: Gravedad Frecuencia Verosimilitud Número de personas | AA6: DPH FE LO NP | AB6: Nivel de riesgo (HRN) | AC6: Medida(s) de control ¡No puedes usar la evaluación de riesgos para reducir el grado de protección que exigen los estándares! | AD6: Imagen | AE6: Gravedad Frecuencia Verosimilitud Número de personas | AF6: DPH FE LO NP | AG6: Nivel de riesgo (HRN)
E7: Imagen 1 | F7: Imagen 2 | N7: Determine Probability P 13849-1 Avoidance | O7: Factor según la Tabla A.1 ISO 13849 estándar | P7: Count A-C from Factor table HIDDEN CELLS | S7: S F P | T7: PLr
B8: 1 | C8: Operación normal | D8: Mecánico: ciclo automático/arranque repentino | G8: X | K8: Moderate: Significant medical attention (severe laceration), physical therapy (restricted duties <2 weeks) | L8: =IF(ISBLANK(K8),"",VLOOKUP(K8,'(Linked) Hazard Risk Number HRN'!$B$6:$C$13,2,FALSE)) | M8: =IF(M10="","",IF(M10>500,'(Linked) Hazard Risk Number HRN'!$C$37,IF(M10>50,'(Linked) Hazard Risk Number HRN'!$C$36,IF(M10>25,'(Linked) Hazard Risk Number HRN'!$C$35,IF(M10>5,'(Linked) Hazard Risk Number HRN'!$C$34,IF(M10>0,'(Linked) Hazard Risk Number HRN'!$C$33,"")))))) | N8: Unskilled person | O8: =IF(ISBLANK(N8),"",VLOOKUP(N8,'(Linked) PLr Probability Factor'!$B$7:$C$8,2,FALSE)) | P8: C | Q8: =COUNTIF((O8:O12), "C") -> 0 | R8: =Q8 -> 0 | S8: =IF(ISBLANK(K8),"",IF(L8<2,"S1","S2")) | U8: Detección de presencia: Añadir cortina de luz | V8: Very Minor: Basic first aid (small cut, swelling) (adhesive bandage, ice pack, non-rigid supports) | W8: =IF(ISBLANK(V8),"",VLOOKUP(V8,'(Linked) Hazard Risk Number HRN'!$B$6:$C$13,2,FALSE)) | X8: =IF(X10="","",IF(X10>500,'(Linked) Hazard Risk Number HRN'!$C$37,IF(X10>50,'(Linked) Hazard Risk Number HRN'!$C$36,IF(X10>25,'(Linked) Hazard Risk Number HRN'!$C$35,IF(X10>5,'(Linked) Hazard Risk Number HRN'!$C$34,IF(X10>0,'(Linked) Hazard Risk Number HRN'!$C$33,"")))))) | Y8: Procedimiento / Implementación de SOP | Z8: Very Minor: Basic first aid (small cut, swelling) (adhesive bandage, ice pack, non-rigid supports) | AA8: =IF(ISBLANK(Z8),"",VLOOKUP(Z8,'(Linked) Hazard Risk Number HRN'!$B$6:$C$13,2,FALSE)) | AB8: =IF(AB10="","",IF(AB10>500,'(Linked) Hazard Risk Number HRN'!$C$37,IF(AB10>50,'(Linked) Hazard Risk Number HRN'!$C$36,IF(AB10>25,'(Linked) Hazard Risk Number HRN'!$C$35,IF(AB10>5,'(Linked) Hazard Risk Number HRN'!$C$34,IF(AB10>0,'(Linked) Hazard Risk Number HRN'!$C$33,"")))))) | AC8: Detección de presencia: Añadir cortina de luz | AE8: Very Minor: Basic first aid (small cut, swelling) (adhesive bandage, ice pack, non-rigid supports) | AF8: =IF(ISBLANK(AE8),"",VLOOKUP(AE8,'(Linked) Hazard Risk Number HRN'!$B$6:$C$13,2,FALSE)) | AG8: =IF(AG10="","",IF(AG10>500,'(Linked) Hazard Risk Number HRN'!$C$37,IF(AG10>50,'(Linked) Hazard Risk Number HRN'!$C$36,IF(AG10>25,'(Linked) Hazard Risk Number HRN'!$C$35,IF(AG10>5,'(Linked) Hazard Risk Number HRN'!$C$34,IF(AG10>0,'(Linked) Hazard Risk Number HRN'!$C$33,""))))))
K9: Constantly or Greater than once each 15 minutes | L9: =IF(ISBLANK(K9),"",VLOOKUP(K9,'(Linked) Hazard Risk Number HRN'!$B$16:$C$26,2,FALSE)) | N9: Mid speed event e.g. 250 mm/s to 1000mm/s, time to hazard ≥1s and <3s, and/or limited time to escape | O9: =IF(ISBLANK(N9),"",VLOOKUP(N9,'(Linked) PLr Probability Factor'!$B$12:$C$14,2,FALSE)) | P9: B | Q9: =COUNTIF((O8:O12), "B") -> 0 | R9: =Q9 -> 0 | S9: =IF(ISBLANK(K9),"",IF(L9<5,"F1","F2")) | V9: Constantly or Greater than once each 15 minutes | W9: =IF(ISBLANK(V9),"",VLOOKUP(V9,'(Linked) Hazard Risk Number HRN'!$B$16:$C$26,2,FALSE)) | Z9: Constantly or Greater than once each 15 minutes | AA9: =IF(ISBLANK(Z9),"",VLOOKUP(Z9,'(Linked) Hazard Risk Number HRN'!$B$16:$C$26,2,FALSE)) | AE9: Constantly or Greater than once each 15 minutes | AF9: =IF(ISBLANK(AE9),"",VLOOKUP(AE9,'(Linked) Hazard Risk Number HRN'!$B$16:$C$26,2,FALSE))
K10: Possible but unusual | L10: =IF(ISBLANK(K10),"",VLOOKUP(K10,'(Linked) Hazard Risk Number HRN'!$D$6:$E$14,2,FALSE)) | M10: =IF(OR(ISBLANK(K8),ISBLANK(K9),ISBLANK(K10),ISBLANK(K11)),"",L8*L9*L10*L11) | N10: Easily possible (possible in ≥ 50% of the cases) | O10: =IF(ISBLANK(N10),"",VLOOKUP(N10,'(Linked) PLr Probability Factor'!$B$17:$C$20,2,FALSE)) | P10: A | Q10: =COUNTIF((O8:O12), "A") -> 0 | R10: =Q10 -> 0 | T10: {=IF(OR(ISBLANK(K8),ISBLANK(K9),ISBLANK(N9),ISBLANK(N10),ISBLANK(N11)),"",INDEX(INDEX('(Linked) PLr Probability Factor'!C$33:$F$44,0,4),MATCH(S8&S9&S12,INDEX('(Linked) PLr Probability Factor'!C$33:$F$44,0,1)&INDEX('(Linked) PLr Probability Factor'!C$33:$F$44,0,2)&INDEX('(Linked) PLr Probability Factor'!C$33:$F$44,0,3),0)))} | V10: Almost impossible, possible only under extreme circumstances | W10: =IF(ISBLANK(V10),"",VLOOKUP(V10,'(Linked) Hazard Risk Number HRN'!$D$6:$E$14,2,FALSE)) | X10: =IF(OR(ISBLANK(V8),ISBLANK(V9),ISBLANK(V10),ISBLANK(V11)),"",W8*W9*W10*W11) | Z10: Almost impossible, possible only under extreme circumstances | AA10: =IF(ISBLANK(Z10),"",VLOOKUP(Z10,'(Linked) Hazard Risk Number HRN'!$D$6:$E$14,2,FALSE)) | AB10: =IF(OR(ISBLANK(Z8),ISBLANK(Z9),ISBLANK(Z10),ISBLANK(Z11)),"",AA8*AA9*AA10*AA11) | AE10: Almost impossible, possible only under extreme circumstances | AF10: =IF(ISBLANK(AE10),"",VLOOKUP(AE10,'(Linked) Hazard Risk Number HRN'!$D$6:$E$14,2,FALSE)) | AG10: =IF(OR(ISBLANK(AE8),ISBLANK(AE9),ISBLANK(AE10),ISBLANK(AE11)),"",AF8*AF9*AF10*AF11)
K11: 1 to 2 persons | L11: =IF(ISBLANK(K11),"",VLOOKUP(K11,'(Linked) Hazard Risk Number HRN'!$D$17:$E$22,2,FALSE)) | N11: Easy recognition of the hazard (possible in ≥ 50% of the cases) | O11: =IF(ISBLANK(N11),"",VLOOKUP(N11,'(Linked) PLr Probability Factor'!$B$23:$C$26,2,FALSE)) | P11: Total | Q11: =SUM(R8:R10) -> 0 | R11: =Q11 -> 0 | V11: 1 to 2 persons | W11: =IF(ISBLANK(V11),"",VLOOKUP(V11,'(Linked) Hazard Risk Number HRN'!$D$17:$E$22,2,FALSE)) | Z11: 1 to 2 persons | AA11: =IF(ISBLANK(Z11),"",VLOOKUP(Z11,'(Linked) Hazard Risk Number HRN'!$D$17:$E$22,2,FALSE)) | AE11: 1 to 2 persons | AF11: =IF(ISBLANK(AE11),"",VLOOKUP(AE11,'(Linked) Hazard Risk Number HRN'!$D$17:$E$22,2,FALSE))
N12: Low complexity / no interaction (e.g. adjust clamps, load a workpiece) | O12: =IF(ISBLANK(N12),"",VLOOKUP(N12,'(Linked) PLr Probability Factor'!$B$29:$C$32,2,FALSE)) | S12: =IF(OR(ISBLANK(N9),ISBLANK(N10),ISBLANK(N11)),"",IF(R8>0,"P2",IF(AND(R8=0,R9>2),"P2",IF(AND(R8=0,R9=2),"P2",IF(AND(R8=0,AND(R9<2,R10>1)),"P1"," ")))))
B13: 2 | C13: Operación normal | D13: Mecánica: transportador/rodillo; punto de pellizco/apriete | G13: X | K13: Moderate: Significant medical attention (severe laceration), physical therapy (restricted duties <2 weeks) | L13: =IF(ISBLANK(K13),"",VLOOKUP(K13,'(Linked) Hazard Risk Number HRN'!$B$6:$C$13,2,FALSE)) | M13: =IF(M15="","",IF(M15>500,'(Linked) Hazard Risk Number HRN'!$C$37,IF(M15>50,'(Linked) Hazard Risk Number HRN'!$C$36,IF(M15>25,'(Linked) Hazard Risk Number HRN'!$C$35,IF(M15>5,'(Linked) Hazard Risk Number HRN'!$C$34,IF(M15>0,'(Linked) Hazard Risk Number HRN'!$C$33,"")))))) | N13: Unskilled person | O13: =IF(ISBLANK(N13),"",VLOOKUP(N13,'(Linked) PLr Probability Factor'!$B$7:$C$8,2,FALSE)) | P13: C | Q13: =COUNTIF((O13:O17), "C") -> 0 | R13: =Q13 -> 0 | S13: =IF(ISBLANK(K13),"",IF(L13<2,"S1","S2")) | U13: Detección de presencia: Añadir cortina de luz | V13: Very Minor: Basic first aid (small cut, swelling) (adhesive bandage, ice pack, non-rigid supports) | W13: =IF(ISBLANK(V13),"",VLOOKUP(V13,'(Linked) Hazard Risk Number HRN'!$B$6:$C$13,2,FALSE)) | X13: =IF(X15="","",IF(X15>500,'(Linked) Hazard Risk Number HRN'!$C$37,IF(X15>50,'(Linked) Hazard Risk Number HRN'!$C$36,IF(X15>25,'(Linked) Hazard Risk Number HRN'!$C$35,IF(X15>5,'(Linked) Hazard Risk Number HRN'!$C$34,IF(X15>0,'(Linked) Hazard Risk Number HRN'!$C$33,"")))))) | Y13: Procedimiento / Implementación de SOP | Z13: Very Minor: Basic first aid (small cut, swelling) (adhesive bandage, ice pack, non-rigid supports) | AA13: =IF(ISBLANK(Z13),"",VLOOKUP(Z13,'(Linked) Hazard Risk Number HRN'!$B$6:$C$13,2,FALSE)) | AB13: =IF(AB15="","",IF(AB15>500,'(Linked) Hazard Risk Number HRN'!$C$37,IF(AB15>50,'(Linked) Hazard Risk Number HRN'!$C$36,IF(AB15>25,'(Linked) Hazard Risk Number HRN'!$C$35,IF(AB15>5,'(Linked) Hazard Risk Number HRN'!$C$34,IF(AB15>0,'(Linked) Hazard Risk Number HRN'!$C$33,"")))))) | AC13: Detección de presencia: Añadir cortina de luz | AE13: Very Minor: Basic first aid (small cut, swelling) (adhesive bandage, ice pack, non-rigid supports) | AF13: =IF(ISBLANK(AE13),"",VLOOKUP(AE13,'(Linked) Hazard Risk Number HRN'!$B$6:$C$13,2,FALSE)) | AG13: =IF(AG15="","",IF(AG15>500,'(Linked) Hazard Risk Number HRN'!$C$37,IF(AG15>50,'(Linked) Hazard Risk Number HRN'!$C$36,IF(AG15>25,'(Linked) Hazard Risk Number HRN'!$C$35,IF(AG15>5,'(Linked) Hazard Risk Number HRN'!$C$34,IF(AG15>0,'(Linked) Hazard Risk Number HRN'!$C$33,""))))))
K14: Constantly or Greater than once each 15 minutes | L14: =IF(ISBLANK(K14),"",VLOOKUP(K14,'(Linked) Hazard Risk Number HRN'!$B$16:$C$26,2,FALSE)) | N14: Mid speed event e.g. 250 mm/s to 1000mm/s, time to hazard ≥1s and <3s, and/or limited time to escape | O14: =IF(ISBLANK(N14),"",VLOOKUP(N14,'(Linked) PLr Probability Factor'!$B$12:$C$14,2,FALSE)) | P14: B | Q14: =COUNTIF((O13:O17), "B") -> 0 | R14: =Q14 -> 0 | S14: =IF(ISBLANK(K14),"",IF(L14<5,"F1","F2")) | V14: Constantly or Greater than once each 15 minutes | W14: =IF(ISBLANK(V14),"",VLOOKUP(V14,'(Linked) Hazard Risk Number HRN'!$B$16:$C$26,2,FALSE)) | Z14: Constantly or Greater than once each 15 minutes | AA14: =IF(ISBLANK(Z14),"",VLOOKUP(Z14,'(Linked) Hazard Risk Number HRN'!$B$16:$C$26,2,FALSE)) | AE14: Constantly or Greater than once each 15 minutes | AF14: =IF(ISBLANK(AE14),"",VLOOKUP(AE14,'(Linked) Hazard Risk Number HRN'!$B$16:$C$26,2,FALSE))
K15: Possible but unusual | L15: =IF(ISBLANK(K15),"",VLOOKUP(K15,'(Linked) Hazard Risk Number HRN'!$D$6:$E$14,2,FALSE)) | M15: =IF(OR(ISBLANK(K13),ISBLANK(K14),ISBLANK(K15),ISBLANK(K16)),"",L13*L14*L15*L16) | N15: Easily possible (possible in ≥ 50% of the cases) | O15: =IF(ISBLANK(N15),"",VLOOKUP(N15,'(Linked) PLr Probability Factor'!$B$17:$C$20,2,FALSE)) | P15: A | Q15: =COUNTIF((O13:O17), "A") -> 0 | R15: =Q15 -> 0 | T15: {=IF(OR(ISBLANK(K13),ISBLANK(K14),ISBLANK(N14),ISBLANK(N15),ISBLANK(N16)),"",INDEX(INDEX('(Linked) PLr Probability Factor'!C$33:$F$44,0,4),MATCH(S13&S14&S17,INDEX('(Linked) PLr Probability Factor'!C$33:$F$44,0,1)&INDEX('(Linked) PLr Probability Factor'!C$33:$F$44,0,2)&INDEX('(Linked) PLr Probability Factor'!C$33:$F$44,0,3),0)))} | V15: Almost impossible, possible only under extreme circumstances | W15: =IF(ISBLANK(V15),"",VLOOKUP(V15,'(Linked) Hazard Risk Number HRN'!$D$6:$E$14,2,FALSE)) | X15: =IF(OR(ISBLANK(V13),ISBLANK(V14),ISBLANK(V15),ISBLANK(V16)),"",W13*W14*W15*W16) | Z15: Almost impossible, possible only under extreme circumstances | AA15: =IF(ISBLANK(Z15),"",VLOOKUP(Z15,'(Linked) Hazard Risk Number HRN'!$D$6:$E$14,2,FALSE)) | AB15: =IF(OR(ISBLANK(Z13),ISBLANK(Z14),ISBLANK(Z15),ISBLANK(Z16)),"",AA13*AA14*AA15*AA16) | AE15: Almost impossible, possible only under extreme circumstances | AF15: =IF(ISBLANK(AE15),"",VLOOKUP(AE15,'(Linked) Hazard Risk Number HRN'!$D$6:$E$14,2,FALSE)) | AG15: =IF(OR(ISBLANK(AE13),ISBLANK(AE14),ISBLANK(AE15),ISBLANK(AE16)),"",AF13*AF14*AF15*AF16)
K16: 1 to 2 persons | L16: =IF(ISBLANK(K16),"",VLOOKUP(K16,'(Linked) Hazard Risk Number HRN'!$D$17:$E$22,2,FALSE)) | N16: Easy recognition of the hazard (possible in ≥ 50% of the cases) | O16: =IF(ISBLANK(N16),"",VLOOKUP(N16,'(Linked) PLr Probability Factor'!$B$23:$C$26,2,FALSE)) | P16: Total | Q16: =SUM(R13:R15) -> 0 | R16: =Q16 -> 0 | V16: 1 to 2 persons | W16: =IF(ISBLANK(V16),"",VLOOKUP(V16,'(Linked) Hazard Risk Number HRN'!$D$17:$E$22,2,FALSE)) | Z16: 1 to 2 persons | AA16: =IF(ISBLANK(Z16),"",VLOOKUP(Z16,'(Linked) Hazard Risk Number HRN'!$D$17:$E$22,2,FALSE)) | AE16: 1 to 2 persons | AF16: =IF(ISBLANK(AE16),"",VLOOKUP(AE16,'(Linked) Hazard Risk Number HRN'!$D$17:$E$22,2,FALSE))
N17: Low complexity / no interaction (e.g. adjust clamps, load a workpiece) | O17: =IF(ISBLANK(N17),"",VLOOKUP(N17,'(Linked) PLr Probability Factor'!$B$29:$C$32,2,FALSE)) | S17: =IF(OR(ISBLANK(N14),ISBLANK(N15),ISBLANK(N16)),"",IF(R13>0,"P2",IF(AND(R13=0,R14>2),"P2",IF(AND(R13=0,R14=2),"P2",IF(AND(R13=0,AND(R14<2,R15>1)),"P1"," ")))))
B18: 3 | C18: Operación normal | D18: Mecánica: transmisión; pinchazo/aplastamiento/enredamiento. | G18: X | K18: Moderate: Significant medical attention (severe laceration), physical therapy (restricted duties <2 weeks) | L18: =IF(ISBLANK(K18),"",VLOOKUP(K18,'(Linked) Hazard Risk Number HRN'!$B$6:$C$13,2,FALSE)) | M18: =IF(M20="","",IF(M20>500,'(Linked) Hazard Risk Number HRN'!$C$37,IF(M20>50,'(Linked) Hazard Risk Number HRN'!$C$36,IF(M20>25,'(Linked) Hazard Risk Number HRN'!$C$35,IF(M20>5,'(Linked) Hazard Risk Number HRN'!$C$34,IF(M20>0,'(Linked) Hazard Risk Number HRN'!$C$33,"")))))) | N18: Unskilled person | O18: =IF(ISBLANK(N18),"",VLOOKUP(N18,'(Linked) PLr Probability Factor'!$B$7:$C$8,2,FALSE)) | P18: C | Q18: =COUNTIF((O18:O22), "C") -> 0 | R18: =Q18 -> 0 | S18: =IF(ISBLANK(K18),"",IF(L18<2,"S1","S2")) | U18: Detección de presencia: Añadir cortina de luz | V18: Very Minor: Basic first aid (small cut, swelling) (adhesive bandage, ice pack, non-rigid supports) | W18: =IF(ISBLANK(V18),"",VLOOKUP(V18,'(Linked) Hazard Risk Number HRN'!$B$6:$C$13,2,FALSE)) | X18: =IF(X20="","",IF(X20>500,'(Linked) Hazard Risk Number HRN'!$C$37,IF(X20>50,'(Linked) Hazard Risk Number HRN'!$C$36,IF(X20>25,'(Linked) Hazard Risk Number HRN'!$C$35,IF(X20>5,'(Linked) Hazard Risk Number HRN'!$C$34,IF(X20>0,'(Linked) Hazard Risk Number HRN'!$C$33,"")))))) | Y18: Procedimiento / Implementación de SOP | Z18: Very Minor: Basic first aid (small cut, swelling) (adhesive bandage, ice pack, non-rigid supports) | AA18: =IF(ISBLANK(Z18),"",VLOOKUP(Z18,'(Linked) Hazard Risk Number HRN'!$B$6:$C$13,2,FALSE)) | AB18: =IF(AB20="","",IF(AB20>500,'(Linked) Hazard Risk Number HRN'!$C$37,IF(AB20>50,'(Linked) Hazard Risk Number HRN'!$C$36,IF(AB20>25,'(Linked) Hazard Risk Number HRN'!$C$35,IF(AB20>5,'(Linked) Hazard Risk Number HRN'!$C$34,IF(AB20>0,'(Linked) Hazard Risk Number HRN'!$C$33,"")))))) | AC18: Detección de presencia: Añadir cortina de luz | AE18: Very Minor: Basic first aid (small cut, swelling) (adhesive bandage, ice pack, non-rigid supports) | AF18: =IF(ISBLANK(AE18),"",VLOOKUP(AE18,'(Linked) Hazard Risk Number HRN'!$B$6:$C$13,2,FALSE)) | AG18: =IF(AG20="","",IF(AG20>500,'(Linked) Hazard Risk Number HRN'!$C$37,IF(AG20>50,'(Linked) Hazard Risk Number HRN'!$C$36,IF(AG20>25,'(Linked) Hazard Risk Number HRN'!$C$35,IF(AG20>5,'(Linked) Hazard Risk Number HRN'!$C$34,IF(AG20>0,'(Linked) Hazard Risk Number HRN'!$C$33,""))))))
K19: Constantly or Greater than once each 15 minutes | L19: =IF(ISBLANK(K19),"",VLOOKUP(K19,'(Linked) Hazard Risk Number HRN'!$B$16:$C$26,2,FALSE)) | N19: Mid speed event e.g. 250 mm/s to 1000mm/s, time to hazard ≥1s and <3s, and/or limited time to escape | O19: =IF(ISBLANK(N19),"",VLOOKUP(N19,'(Linked) PLr Probability Factor'!$B$12:$C$14,2,FALSE)) | P19: B | Q19: =COUNTIF((O18:O22), "B") -> 0 | R19: =Q19 -> 0 | S19: =IF(ISBLANK(K19),"",IF(L19<5,"F1","F2")) | V19: Constantly or Greater than once each 15 minutes | W19: =IF(ISBLANK(V19),"",VLOOKUP(V19,'(Linked) Hazard Risk Number HRN'!$B$16:$C$26,2,FALSE)) | Z19: Constantly or Greater than once each 15 minutes | AA19: =IF(ISBLANK(Z19),"",VLOOKUP(Z19,'(Linked) Hazard Risk Number HRN'!$B$16:$C$26,2,FALSE)) | AE19: Constantly or Greater than once each 15 minutes | AF19: =IF(ISBLANK(AE19),"",VLOOKUP(AE19,'(Linked) Hazard Risk Number HRN'!$B$16:$C$26,2,FALSE))
K20: Possible but unusual | L20: =IF(ISBLANK(K20),"",VLOOKUP(K20,'(Linked) Hazard Risk Number HRN'!$D$6:$E$14,2,FALSE)) | M20: =IF(OR(ISBLANK(K18),ISBLANK(K19),ISBLANK(K20),ISBLANK(K21)),"",L18*L19*L20*L21) | N20: Easily possible (possible in ≥ 50% of the cases) | O20: =IF(ISBLANK(N20),"",VLOOKUP(N20,'(Linked) PLr Probability Factor'!$B$17:$C$20,2,FALSE)) | P20: A | Q20: =COUNTIF((O18:O22), "A") -> 0 | R20: =Q20 -> 0 | T20: {=IF(OR(ISBLANK(K18),ISBLANK(K19),ISBLANK(N19),ISBLANK(N20),ISBLANK(N21)),"",INDEX(INDEX('(Linked) PLr Probability Factor'!C$33:$F$44,0,4),MATCH(S18&S19&S22,INDEX('(Linked) PLr Probability Factor'!C$33:$F$44,0,1)&INDEX('(Linked) PLr Probability Factor'!C$33:$F$44,0,2)&INDEX('(Linked) PLr Probability Factor'!C$33:$F$44,0,3),0)))} | V20: Almost impossible, possible only under extreme circumstances | W20: =IF(ISBLANK(V20),"",VLOOKUP(V20,'(Linked) Hazard Risk Number HRN'!$D$6:$E$14,2,FALSE)) | X20: =IF(OR(ISBLANK(V18),ISBLANK(V19),ISBLANK(V20),ISBLANK(V21)),"",W18*W19*W20*W21) | Z20: Almost impossible, possible only under extreme circumstances | AA20: =IF(ISBLANK(Z20),"",VLOOKUP(Z20,'(Linked) Hazard Risk Number HRN'!$D$6:$E$14,2,FALSE)) | AB20: =IF(OR(ISBLANK(Z18),ISBLANK(Z19),ISBLANK(Z20),ISBLANK(Z21)),"",AA18*AA19*AA20*AA21) | AE20: Almost impossible, possible only under extreme circumstances | AF20: =IF(ISBLANK(AE20),"",VLOOKUP(AE20,'(Linked) Hazard Risk Number HRN'!$D$6:$E$14,2,FALSE)) | AG20: =IF(OR(ISBLANK(AE18),ISBLANK(AE19),ISBLANK(AE20),ISBLANK(AE21)),"",AF18*AF19*AF20*AF21)
K21: 1 to 2 persons | L21: =IF(ISBLANK(K21),"",VLOOKUP(K21,'(Linked) Hazard Risk Number HRN'!$D$17:$E$22,2,FALSE)) | N21: Easy recognition of the hazard (possible in ≥ 50% of the cases) | O21: =IF(ISBLANK(N21),"",VLOOKUP(N21,'(Linked) PLr Probability Factor'!$B$23:$C$26,2,FALSE)) | P21: Total | Q21: =SUM(R18:R20) -> 0 | R21: =Q21 -> 0 | V21: 1 to 2 persons | W21: =IF(ISBLANK(V21),"",VLOOKUP(V21,'(Linked) Hazard Risk Number HRN'!$D$17:$E$22,2,FALSE)) | Z21: 1 to 2 persons | AA21: =IF(ISBLANK(Z21),"",VLOOKUP(Z21,'(Linked) Hazard Risk Number HRN'!$D$17:$E$22,2,FALSE)) | AE21: 1 to 2 persons | AF21: =IF(ISBLANK(AE21),"",VLOOKUP(AE21,'(Linked) Hazard Risk Number HRN'!$D$17:$E$22,2,FALSE))
N22: Low complexity / no interaction (e.g. adjust clamps, load a workpiece) | O22: =IF(ISBLANK(N22),"",VLOOKUP(N22,'(Linked) PLr Probability Factor'!$B$29:$C$32,2,FALSE)) | S22: =IF(OR(ISBLANK(N19),ISBLANK(N20),ISBLANK(N21)),"",IF(R18>0,"P2",IF(AND(R18=0,R19>2),"P2",IF(AND(R18=0,R19=2),"P2",IF(AND(R18=0,AND(R19<2,R20>1)),"P1"," ")))))
B23: 4 | C23: Manejo de materiales | D23: Mecánica: transmisión; pinchazo/aplastamiento/enredamiento. | G23: X | K23: Major: Severe Injury, bone break/fracture, general surgery, written out of work (restricted duties >2weeks<6 months) | L23: =IF(ISBLANK(K23),"",VLOOKUP(K23,'(Linked) Hazard Risk Number HRN'!$B$6:$C$13,2,FALSE)) | M23: =IF(M25="","",IF(M25>500,'(Linked) Hazard Risk Number HRN'!$C$37,IF(M25>50,'(Linked) Hazard Risk Number HRN'!$C$36,IF(M25>25,'(Linked) Hazard Risk Number HRN'!$C$35,IF(M25>5,'(Linked) Hazard Risk Number HRN'!$C$34,IF(M25>0,'(Linked) Hazard Risk Number HRN'!$C$33,"")))))) | N23: Unskilled person | O23: =IF(ISBLANK(N23),"",VLOOKUP(N23,'(Linked) PLr Probability Factor'!$B$7:$C$8,2,FALSE)) | P23: C | Q23: =COUNTIF((O23:O27), "C") -> 0 | R23: =Q23 -> 0 | S23: =IF(ISBLANK(K23),"",IF(L23<2,"S1","S2")) | U23: Control de acceso: controles a dos manos | V23: Very Minor: Basic first aid (small cut, swelling) (adhesive bandage, ice pack, non-rigid supports) | W23: =IF(ISBLANK(V23),"",VLOOKUP(V23,'(Linked) Hazard Risk Number HRN'!$B$6:$C$13,2,FALSE)) | X23: =IF(X25="","",IF(X25>500,'(Linked) Hazard Risk Number HRN'!$C$37,IF(X25>50,'(Linked) Hazard Risk Number HRN'!$C$36,IF(X25>25,'(Linked) Hazard Risk Number HRN'!$C$35,IF(X25>5,'(Linked) Hazard Risk Number HRN'!$C$34,IF(X25>0,'(Linked) Hazard Risk Number HRN'!$C$33,"")))))) | Y23: Procedimiento / Implementación de SOP | Z23: Very Minor: Basic first aid (small cut, swelling) (adhesive bandage, ice pack, non-rigid supports) | AA23: =IF(ISBLANK(Z23),"",VLOOKUP(Z23,'(Linked) Hazard Risk Number HRN'!$B$6:$C$13,2,FALSE)) | AB23: =IF(AB25="","",IF(AB25>500,'(Linked) Hazard Risk Number HRN'!$C$37,IF(AB25>50,'(Linked) Hazard Risk Number HRN'!$C$36,IF(AB25>25,'(Linked) Hazard Risk Number HRN'!$C$35,IF(AB25>5,'(Linked) Hazard Risk Number HRN'!$C$34,IF(AB25>0,'(Linked) Hazard Risk Number HRN'!$C$33,"")))))) | AC23: Control de acceso: controles a dos manos | AE23: Very Minor: Basic first aid (small cut, swelling) (adhesive bandage, ice pack, non-rigid supports) | AF23: =IF(ISBLANK(AE23),"",VLOOKUP(AE23,'(Linked) Hazard Risk Number HRN'!$B$6:$C$13,2,FALSE)) | AG23: =IF(AG25="","",IF(AG25>500,'(Linked) Hazard Risk Number HRN'!$C$37,IF(AG25>50,'(Linked) Hazard Risk Number HRN'!$C$36,IF(AG25>25,'(Linked) Hazard Risk Number HRN'!$C$35,IF(AG25>5,'(Linked) Hazard Risk Number HRN'!$C$34,IF(AG25>0,'(Linked) Hazard Risk Number HRN'!$C$33,""))))))
K24: Constantly or Greater than once each 15 minutes | L24: =IF(ISBLANK(K24),"",VLOOKUP(K24,'(Linked) Hazard Risk Number HRN'!$B$16:$C$26,2,FALSE)) | N24: Mid speed event e.g. 250 mm/s to 1000mm/s, time to hazard ≥1s and <3s, and/or limited time to escape | O24: =IF(ISBLANK(N24),"",VLOOKUP(N24,'(Linked) PLr Probability Factor'!$B$12:$C$14,2,FALSE)) | P24: B | Q24: =COUNTIF((O23:O27), "B") -> 0 | R24: =Q24 -> 0 | S24: =IF(ISBLANK(K24),"",IF(L24<5,"F1","F2")) | V24: Constantly or Greater than once each 15 minutes | W24: =IF(ISBLANK(V24),"",VLOOKUP(V24,'(Linked) Hazard Risk Number HRN'!$B$16:$C$26,2,FALSE)) | Z24: Constantly or Greater than once each 15 minutes | AA24: =IF(ISBLANK(Z24),"",VLOOKUP(Z24,'(Linked) Hazard Risk Number HRN'!$B$16:$C$26,2,FALSE)) | AE24: Constantly or Greater than once each 15 minutes | AF24: =IF(ISBLANK(AE24),"",VLOOKUP(AE24,'(Linked) Hazard Risk Number HRN'!$B$16:$C$26,2,FALSE))
K25: Even chance, could happen | L25: =IF(ISBLANK(K25),"",VLOOKUP(K25,'(Linked) Hazard Risk Number HRN'!$D$6:$E$14,2,FALSE)) | M25: =IF(OR(ISBLANK(K23),ISBLANK(K24),ISBLANK(K25),ISBLANK(K26)),"",L23*L24*L25*L26) | N25: Occasionally/rarely possible (possible in <50% of the cases) | O25: =IF(ISBLANK(N25),"",VLOOKUP(N25,'(Linked) PLr Probability Factor'!$B$17:$C$20,2,FALSE)) | P25: A | Q25: =COUNTIF((O23:O27), "A") -> 0 | R25: =Q25 -> 0 | T25: {=IF(OR(ISBLANK(K23),ISBLANK(K24),ISBLANK(N24),ISBLANK(N25),ISBLANK(N26)),"",INDEX(INDEX('(Linked) PLr Probability Factor'!C$33:$F$44,0,4),MATCH(S23&S24&S27,INDEX('(Linked) PLr Probability Factor'!C$33:$F$44,0,1)&INDEX('(Linked) PLr Probability Factor'!C$33:$F$44,0,2)&INDEX('(Linked) PLr Probability Factor'!C$33:$F$44,0,3),0)))} | V25: Highly unlikely though conceivable | W25: =IF(ISBLANK(V25),"",VLOOKUP(V25,'(Linked) Hazard Risk Number HRN'!$D$6:$E$14,2,FALSE)) | X25: =IF(OR(ISBLANK(V23),ISBLANK(V24),ISBLANK(V25),ISBLANK(V26)),"",W23*W24*W25*W26) | Z25: Highly unlikely though conceivable | AA25: =IF(ISBLANK(Z25),"",VLOOKUP(Z25,'(Linked) Hazard Risk Number HRN'!$D$6:$E$14,2,FALSE)) | AB25: =IF(OR(ISBLANK(Z23),ISBLANK(Z24),ISBLANK(Z25),ISBLANK(Z26)),"",AA23*AA24*AA25*AA26) | AE25: Highly unlikely though conceivable | AF25: =IF(ISBLANK(AE25),"",VLOOKUP(AE25,'(Linked) Hazard Risk Number HRN'!$D$6:$E$14,2,FALSE)) | AG25: =IF(OR(ISBLANK(AE23),ISBLANK(AE24),ISBLANK(AE25),ISBLANK(AE26)),"",AF23*AF24*AF25*AF26)
K26: 1 to 2 persons | L26: =IF(ISBLANK(K26),"",VLOOKUP(K26,'(Linked) Hazard Risk Number HRN'!$D$17:$E$22,2,FALSE)) | N26: Easy recognition of the hazard (possible in ≥ 50% of the cases) | O26: =IF(ISBLANK(N26),"",VLOOKUP(N26,'(Linked) PLr Probability Factor'!$B$23:$C$26,2,FALSE)) | P26: Total | Q26: =SUM(R23:R25) -> 0 | R26: =Q26 -> 0 | V26: 1 to 2 persons | W26: =IF(ISBLANK(V26),"",VLOOKUP(V26,'(Linked) Hazard Risk Number HRN'!$D$17:$E$22,2,FALSE)) | Z26: 1 to 2 persons | AA26: =IF(ISBLANK(Z26),"",VLOOKUP(Z26,'(Linked) Hazard Risk Number HRN'!$D$17:$E$22,2,FALSE)) | AE26: 1 to 2 persons | AF26: =IF(ISBLANK(AE26),"",VLOOKUP(AE26,'(Linked) Hazard Risk Number HRN'!$D$17:$E$22,2,FALSE))
N27: Low complexity / no interaction (e.g. adjust clamps, load a workpiece) | O27: =IF(ISBLANK(N27),"",VLOOKUP(N27,'(Linked) PLr Probability Factor'!$B$29:$C$32,2,FALSE)) | S27: =IF(OR(ISBLANK(N24),ISBLANK(N25),ISBLANK(N26)),"",IF(R23>0,"P2",IF(AND(R23=0,R24>2),"P2",IF(AND(R23=0,R24=2),"P2",IF(AND(R23=0,AND(R24<2,R25>1)),"P1"," ")))))
B28: 5 | C28: Operación normal | D28: Químicos / Humos | G28: X | K28: Minor: Medical attention( prescription medication, couple of stitches, skin glue) (fit for normal duties) | L28: =IF(ISBLANK(K28),"",VLOOKUP(K28,'(Linked) Hazard Risk Number HRN'!$B$6:$C$13,2,FALSE)) | M28: =IF(M30="","",IF(M30>500,'(Linked) Hazard Risk Number HRN'!$C$37,IF(M30>50,'(Linked) Hazard Risk Number HRN'!$C$36,IF(M30>25,'(Linked) Hazard Risk Number HRN'!$C$35,IF(M30>5,'(Linked) Hazard Risk Number HRN'!$C$34,IF(M30>0,'(Linked) Hazard Risk Number HRN'!$C$33,"")))))) | N28: Unskilled person | O28: =IF(ISBLANK(N28),"",VLOOKUP(N28,'(Linked) PLr Probability Factor'!$B$7:$C$8,2,FALSE)) | P28: C | Q28: =COUNTIF((O28:O32), "C") -> 0 | R28: =Q28 -> 0 | S28: =IF(ISBLANK(K28),"",IF(L28<2,"S1","S2")) | U28: Ninguno | V28: Very Minor: Basic first aid (small cut, swelling) (adhesive bandage, ice pack, non-rigid supports) | W28: =IF(ISBLANK(V28),"",VLOOKUP(V28,'(Linked) Hazard Risk Number HRN'!$B$6:$C$13,2,FALSE)) | X28: =IF(X30="","",IF(X30>500,'(Linked) Hazard Risk Number HRN'!$C$37,IF(X30>50,'(Linked) Hazard Risk Number HRN'!$C$36,IF(X30>25,'(Linked) Hazard Risk Number HRN'!$C$35,IF(X30>5,'(Linked) Hazard Risk Number HRN'!$C$34,IF(X30>0,'(Linked) Hazard Risk Number HRN'!$C$33,"")))))) | Y28: Evaluación EHS (ergo, ruido, químico, radiación) | Z28: Very Minor: Basic first aid (small cut, swelling) (adhesive bandage, ice pack, non-rigid supports) | AA28: =IF(ISBLANK(Z28),"",VLOOKUP(Z28,'(Linked) Hazard Risk Number HRN'!$B$6:$C$13,2,FALSE)) | AB28: =IF(AB30="","",IF(AB30>500,'(Linked) Hazard Risk Number HRN'!$C$37,IF(AB30>50,'(Linked) Hazard Risk Number HRN'!$C$36,IF(AB30>25,'(Linked) Hazard Risk Number HRN'!$C$35,IF(AB30>5,'(Linked) Hazard Risk Number HRN'!$C$34,IF(AB30>0,'(Linked) Hazard Risk Number HRN'!$C$33,"")))))) | AC28: Ninguno | AE28: Very Minor: Basic first aid (small cut, swelling) (adhesive bandage, ice pack, non-rigid supports) | AF28: =IF(ISBLANK(AE28),"",VLOOKUP(AE28,'(Linked) Hazard Risk Number HRN'!$B$6:$C$13,2,FALSE)) | AG28: =IF(AG30="","",IF(AG30>500,'(Linked) Hazard Risk Number HRN'!$C$37,IF(AG30>50,'(Linked) Hazard Risk Number HRN'!$C$36,IF(AG30>25,'(Linked) Hazard Risk Number HRN'!$C$35,IF(AG30>5,'(Linked) Hazard Risk Number HRN'!$C$34,IF(AG30>0,'(Linked) Hazard Risk Number HRN'!$C$33,""))))))
K29: Weekly | L29: =IF(ISBLANK(K29),"",VLOOKUP(K29,'(Linked) Hazard Risk Number HRN'!$B$16:$C$26,2,FALSE)) | N29: Low or very low speed event e.g. <250 mm/s, time to hazard ≥3s, and/or enough time to escape | O29: =IF(ISBLANK(N29),"",VLOOKUP(N29,'(Linked) PLr Probability Factor'!$B$12:$C$14,2,FALSE)) | P29: B | Q29: =COUNTIF((O28:O32), "B") -> 0 | R29: =Q29 -> 0 | S29: =IF(ISBLANK(K29),"",IF(L29<5,"F1","F2")) | V29: Weekly | W29: =IF(ISBLANK(V29),"",VLOOKUP(V29,'(Linked) Hazard Risk Number HRN'!$B$16:$C$26,2,FALSE)) | Z29: Weekly | AA29: =IF(ISBLANK(Z29),"",VLOOKUP(Z29,'(Linked) Hazard Risk Number HRN'!$B$16:$C$26,2,FALSE)) | AE29: Weekly | AF29: =IF(ISBLANK(AE29),"",VLOOKUP(AE29,'(Linked) Hazard Risk Number HRN'!$B$16:$C$26,2,FALSE))
K30: Possible but unusual | L30: =IF(ISBLANK(K30),"",VLOOKUP(K30,'(Linked) Hazard Risk Number HRN'!$D$6:$E$14,2,FALSE)) | M30: =IF(OR(ISBLANK(K28),ISBLANK(K29),ISBLANK(K30),ISBLANK(K31)),"",L28*L29*L30*L31) | N30: Easily possible (possible in ≥ 50% of the cases) | O30: =IF(ISBLANK(N30),"",VLOOKUP(N30,'(Linked) PLr Probability Factor'!$B$17:$C$20,2,FALSE)) | P30: A | Q30: =COUNTIF((O28:O32), "A") -> 0 | R30: =Q30 -> 0 | T30: {=IF(OR(ISBLANK(K28),ISBLANK(K29),ISBLANK(N29),ISBLANK(N30),ISBLANK(N31)),"",INDEX(INDEX('(Linked) PLr Probability Factor'!C$33:$F$44,0,4),MATCH(S28&S29&S32,INDEX('(Linked) PLr Probability Factor'!C$33:$F$44,0,1)&INDEX('(Linked) PLr Probability Factor'!C$33:$F$44,0,2)&INDEX('(Linked) PLr Probability Factor'!C$33:$F$44,0,3),0)))} | V30: Highly unlikely though conceivable | W30: =IF(ISBLANK(V30),"",VLOOKUP(V30,'(Linked) Hazard Risk Number HRN'!$D$6:$E$14,2,FALSE)) | X30: =IF(OR(ISBLANK(V28),ISBLANK(V29),ISBLANK(V30),ISBLANK(V31)),"",W28*W29*W30*W31) | Z30: Highly unlikely though conceivable | AA30: =IF(ISBLANK(Z30),"",VLOOKUP(Z30,'(Linked) Hazard Risk Number HRN'!$D$6:$E$14,2,FALSE)) | AB30: =IF(OR(ISBLANK(Z28),ISBLANK(Z29),ISBLANK(Z30),ISBLANK(Z31)),"",AA28*AA29*AA30*AA31) | AE30: Highly unlikely though conceivable | AF30: =IF(ISBLANK(AE30),"",VLOOKUP(AE30,'(Linked) Hazard Risk Number HRN'!$D$6:$E$14,2,FALSE)) | AG30: =IF(OR(ISBLANK(AE28),ISBLANK(AE29),ISBLANK(AE30),ISBLANK(AE31)),"",AF28*AF29*AF30*AF31)
K31: 1 to 2 persons | L31: =IF(ISBLANK(K31),"",VLOOKUP(K31,'(Linked) Hazard Risk Number HRN'!$D$17:$E$22,2,FALSE)) | N31: Occasionally/rare recognition of the hazard (possible in <50% of the cases) | O31: =IF(ISBLANK(N31),"",VLOOKUP(N31,'(Linked) PLr Probability Factor'!$B$23:$C$26,2,FALSE)) | P31: Total | Q31: =SUM(R28:R30) -> 0 | R31: =Q31 -> 0 | V31: 1 to 2 persons | W31: =IF(ISBLANK(V31),"",VLOOKUP(V31,'(Linked) Hazard Risk Number HRN'!$D$17:$E$22,2,FALSE)) | Z31: 1 to 2 persons | AA31: =IF(ISBLANK(Z31),"",VLOOKUP(Z31,'(Linked) Hazard Risk Number HRN'!$D$17:$E$22,2,FALSE)) | AE31: 1 to 2 persons | AF31: =IF(ISBLANK(AE31),"",VLOOKUP(AE31,'(Linked) Hazard Risk Number HRN'!$D$17:$E$22,2,FALSE))
N32: Low complexity / no interaction (e.g. adjust clamps, load a workpiece) | O32: =IF(ISBLANK(N32),"",VLOOKUP(N32,'(Linked) PLr Probability Factor'!$B$29:$C$32,2,FALSE)) | S32: =IF(OR(ISBLANK(N29),ISBLANK(N30),ISBLANK(N31)),"",IF(R28>0,"P2",IF(AND(R28=0,R29>2),"P2",IF(AND(R28=0,R29=2),"P2",IF(AND(R28=0,AND(R29<2,R30>1)),"P1"," ")))))
B33: 6 | C33: Lockout/Tryout (LOTO) | D33: Sistema de control: ciclo automático/arranque inesperado | H33: X | K33: Extreme: Immediate hospitalization, emergency surgery, permanent loss of limb/eyesight/function, long-term disability | L33: =IF(ISBLANK(K33),"",VLOOKUP(K33,'(Linked) Hazard Risk Number HRN'!$B$6:$C$13,2,FALSE)) | M33: =IF(M35="","",IF(M35>500,'(Linked) Hazard Risk Number HRN'!$C$37,IF(M35>50,'(Linked) Hazard Risk Number HRN'!$C$36,IF(M35>25,'(Linked) Hazard Risk Number HRN'!$C$35,IF(M35>5,'(Linked) Hazard Risk Number HRN'!$C$34,IF(M35>0,'(Linked) Hazard Risk Number HRN'!$C$33,"")))))) | N33: Unskilled person | O33: =IF(ISBLANK(N33),"",VLOOKUP(N33,'(Linked) PLr Probability Factor'!$B$7:$C$8,2,FALSE)) | P33: C | Q33: =COUNTIF((O33:O37), "C") -> 0 | R33: =Q33 -> 0 | S33: =IF(ISBLANK(K33),"",IF(L33<2,"S1","S2")) | U33: Actualizar los controles de seguridad con componentes clasificados para seguridad y reinicio de seguridad | V33: Extreme: Immediate hospitalization, emergency surgery, permanent loss of limb/eyesight/function, long-term disability | W33: =IF(ISBLANK(V33),"",VLOOKUP(V33,'(Linked) Hazard Risk Number HRN'!$B$6:$C$13,2,FALSE)) | X33: =IF(X35="","",IF(X35>500,'(Linked) Hazard Risk Number HRN'!$C$37,IF(X35>50,'(Linked) Hazard Risk Number HRN'!$C$36,IF(X35>25,'(Linked) Hazard Risk Number HRN'!$C$35,IF(X35>5,'(Linked) Hazard Risk Number HRN'!$C$34,IF(X35>0,'(Linked) Hazard Risk Number HRN'!$C$33,"")))))) | Y33: Mantenimiento: Procedimiento/SOP/LOTO | Z33: Extreme: Immediate hospitalization, emergency surgery, permanent loss of limb/eyesight/function, long-term disability | AA33: =IF(ISBLANK(Z33),"",VLOOKUP(Z33,'(Linked) Hazard Risk Number HRN'!$B$6:$C$13,2,FALSE)) | AB33: =IF(AB35="","",IF(AB35>500,'(Linked) Hazard Risk Number HRN'!$C$37,IF(AB35>50,'(Linked) Hazard Risk Number HRN'!$C$36,IF(AB35>25,'(Linked) Hazard Risk Number HRN'!$C$35,IF(AB35>5,'(Linked) Hazard Risk Number HRN'!$C$34,IF(AB35>0,'(Linked) Hazard Risk Number HRN'!$C$33,"")))))) | AC33: Actualizar los controles de seguridad con componentes clasificados para seguridad y reinicio de seguridad | AE33: Extreme: Immediate hospitalization, emergency surgery, permanent loss of limb/eyesight/function, long-term disability | AF33: =IF(ISBLANK(AE33),"",VLOOKUP(AE33,'(Linked) Hazard Risk Number HRN'!$B$6:$C$13,2,FALSE)) | AG33: =IF(AG35="","",IF(AG35>500,'(Linked) Hazard Risk Number HRN'!$C$37,IF(AG35>50,'(Linked) Hazard Risk Number HRN'!$C$36,IF(AG35>25,'(Linked) Hazard Risk Number HRN'!$C$35,IF(AG35>5,'(Linked) Hazard Risk Number HRN'!$C$34,IF(AG35>0,'(Linked) Hazard Risk Number HRN'!$C$33,""))))))
K34: Monthly | L34: =IF(ISBLANK(K34),"",VLOOKUP(K34,'(Linked) Hazard Risk Number HRN'!$B$16:$C$26,2,FALSE)) | N34: Low or very low speed event e.g. <250 mm/s, time to hazard ≥3s, and/or enough time to escape | O34: =IF(ISBLANK(N34),"",VLOOKUP(N34,'(Linked) PLr Probability Factor'!$B$12:$C$14,2,FALSE)) | P34: B | Q34: =COUNTIF((O33:O37), "B") -> 0 | R34: =Q34 -> 0 | S34: =IF(ISBLANK(K34),"",IF(L34<5,"F1","F2")) | V34: Monthly | W34: =IF(ISBLANK(V34),"",VLOOKUP(V34,'(Linked) Hazard Risk Number HRN'!$B$16:$C$26,2,FALSE)) | Z34: Monthly | AA34: =IF(ISBLANK(Z34),"",VLOOKUP(Z34,'(Linked) Hazard Risk Number HRN'!$B$16:$C$26,2,FALSE)) | AE34: Monthly | AF34: =IF(ISBLANK(AE34),"",VLOOKUP(AE34,'(Linked) Hazard Risk Number HRN'!$B$16:$C$26,2,FALSE))
K35: Unlikely but could occur | L35: =IF(ISBLANK(K35),"",VLOOKUP(K35,'(Linked) Hazard Risk Number HRN'!$D$6:$E$14,2,FALSE)) | M35: =IF(OR(ISBLANK(K33),ISBLANK(K34),ISBLANK(K35),ISBLANK(K36)),"",L33*L34*L35*L36) | N35: Occasionally/rarely possible (possible in <50% of the cases) | O35: =IF(ISBLANK(N35),"",VLOOKUP(N35,'(Linked) PLr Probability Factor'!$B$17:$C$20,2,FALSE)) | P35: A | Q35: =COUNTIF((O33:O37), "A") -> 0 | R35: =Q35 -> 0 | T35: {=IF(OR(ISBLANK(K33),ISBLANK(K34),ISBLANK(N34),ISBLANK(N35),ISBLANK(N36)),"",INDEX(INDEX('(Linked) PLr Probability Factor'!C$33:$F$44,0,4),MATCH(S33&S34&S37,INDEX('(Linked) PLr Probability Factor'!C$33:$F$44,0,1)&INDEX('(Linked) PLr Probability Factor'!C$33:$F$44,0,2)&INDEX('(Linked) PLr Probability Factor'!C$33:$F$44,0,3),0)))} | V35: Almost impossible, possible only under extreme circumstances | W35: =IF(ISBLANK(V35),"",VLOOKUP(V35,'(Linked) Hazard Risk Number HRN'!$D$6:$E$14,2,FALSE)) | X35: =IF(OR(ISBLANK(V33),ISBLANK(V34),ISBLANK(V35),ISBLANK(V36)),"",W33*W34*W35*W36) | Z35: Almost impossible, possible only under extreme circumstances | AA35: =IF(ISBLANK(Z35),"",VLOOKUP(Z35,'(Linked) Hazard Risk Number HRN'!$D$6:$E$14,2,FALSE)) | AB35: =IF(OR(ISBLANK(Z33),ISBLANK(Z34),ISBLANK(Z35),ISBLANK(Z36)),"",AA33*AA34*AA35*AA36) | AE35: Almost impossible, possible only under extreme circumstances | AF35: =IF(ISBLANK(AE35),"",VLOOKUP(AE35,'(Linked) Hazard Risk Number HRN'!$D$6:$E$14,2,FALSE)) | AG35: =IF(OR(ISBLANK(AE33),ISBLANK(AE34),ISBLANK(AE35),ISBLANK(AE36)),"",AF33*AF34*AF35*AF36)
K36: 1 to 2 persons | L36: =IF(ISBLANK(K36),"",VLOOKUP(K36,'(Linked) Hazard Risk Number HRN'!$D$17:$E$22,2,FALSE)) | N36: Occasionally/rare recognition of the hazard (possible in <50% of the cases) | O36: =IF(ISBLANK(N36),"",VLOOKUP(N36,'(Linked) PLr Probability Factor'!$B$23:$C$26,2,FALSE)) | P36: Total | Q36: =SUM(R33:R35) -> 0 | R36: =Q36 -> 0 | V36: 1 to 2 persons | W36: =IF(ISBLANK(V36),"",VLOOKUP(V36,'(Linked) Hazard Risk Number HRN'!$D$17:$E$22,2,FALSE)) | Z36: 1 to 2 persons | AA36: =IF(ISBLANK(Z36),"",VLOOKUP(Z36,'(Linked) Hazard Risk Number HRN'!$D$17:$E$22,2,FALSE)) | AE36: 1 to 2 persons | AF36: =IF(ISBLANK(AE36),"",VLOOKUP(AE36,'(Linked) Hazard Risk Number HRN'!$D$17:$E$22,2,FALSE))
N37: Medium to high complexity (e.g. troubleshooting, hold-to-run setup) | O37: =IF(ISBLANK(N37),"",VLOOKUP(N37,'(Linked) PLr Probability Factor'!$B$29:$C$32,2,FALSE)) | S37: =IF(OR(ISBLANK(N34),ISBLANK(N35),ISBLANK(N36)),"",IF(R33>0,"P2",IF(AND(R33=0,R34>2),"P2",IF(AND(R33=0,R34=2),"P2",IF(AND(R33=0,AND(R34<2,R35>1)),"P1"," ")))))
B38: 7 | C38: Lockout/Tryout (LOTO) | D38: Neumático - Categoría de control de seguridad | H38: X | K38: Moderate: Significant medical attention (severe laceration), physical therapy (restricted duties <2 weeks) | L38: =IF(ISBLANK(K38),"",VLOOKUP(K38,'(Linked) Hazard Risk Number HRN'!$B$6:$C$13,2,FALSE)) | M38: =IF(M40="","",IF(M40>500,'(Linked) Hazard Risk Number HRN'!$C$37,IF(M40>50,'(Linked) Hazard Risk Number HRN'!$C$36,IF(M40>25,'(Linked) Hazard Risk Number HRN'!$C$35,IF(M40>5,'(Linked) Hazard Risk Number HRN'!$C$34,IF(M40>0,'(Linked) Hazard Risk Number HRN'!$C$33,"")))))) | N38: Unskilled person | O38: =IF(ISBLANK(N38),"",VLOOKUP(N38,'(Linked) PLr Probability Factor'!$B$7:$C$8,2,FALSE)) | P38: C | Q38: =COUNTIF((O38:O42), "C") -> 0 | R38: =Q38 -> 0 | S38: =IF(ISBLANK(K38),"",IF(L38<2,"S1","S2")) | U38: Aislamiento neumático: válvula de seguridad; Bloquear/sangrado | V38: Negligible: No first aid (scratch / bruise) | W38: =IF(ISBLANK(V38),"",VLOOKUP(V38,'(Linked) Hazard Risk Number HRN'!$B$6:$C$13,2,FALSE)) | X38: =IF(X40="","",IF(X40>500,'(Linked) Hazard Risk Number HRN'!$C$37,IF(X40>50,'(Linked) Hazard Risk Number HRN'!$C$36,IF(X40>25,'(Linked) Hazard Risk Number HRN'!$C$35,IF(X40>5,'(Linked) Hazard Risk Number HRN'!$C$34,IF(X40>0,'(Linked) Hazard Risk Number HRN'!$C$33,"")))))) | Y38: Mantenimiento: Procedimiento/SOP/LOTO | Z38: Negligible: No first aid (scratch / bruise) | AA38: =IF(ISBLANK(Z38),"",VLOOKUP(Z38,'(Linked) Hazard Risk Number HRN'!$B$6:$C$13,2,FALSE)) | AB38: =IF(AB40="","",IF(AB40>500,'(Linked) Hazard Risk Number HRN'!$C$37,IF(AB40>50,'(Linked) Hazard Risk Number HRN'!$C$36,IF(AB40>25,'(Linked) Hazard Risk Number HRN'!$C$35,IF(AB40>5,'(Linked) Hazard Risk Number HRN'!$C$34,IF(AB40>0,'(Linked) Hazard Risk Number HRN'!$C$33,"")))))) | AC38: Aislamiento neumático: válvula de seguridad; Bloquear/sangrado | AE38: Negligible: No first aid (scratch / bruise) | AF38: =IF(ISBLANK(AE38),"",VLOOKUP(AE38,'(Linked) Hazard Risk Number HRN'!$B$6:$C$13,2,FALSE)) | AG38: =IF(AG40="","",IF(AG40>500,'(Linked) Hazard Risk Number HRN'!$C$37,IF(AG40>50,'(Linked) Hazard Risk Number HRN'!$C$36,IF(AG40>25,'(Linked) Hazard Risk Number HRN'!$C$35,IF(AG40>5,'(Linked) Hazard Risk Number HRN'!$C$34,IF(AG40>0,'(Linked) Hazard Risk Number HRN'!$C$33,""))))))
K39: Monthly | L39: =IF(ISBLANK(K39),"",VLOOKUP(K39,'(Linked) Hazard Risk Number HRN'!$B$16:$C$26,2,FALSE)) | N39: Low or very low speed event e.g. <250 mm/s, time to hazard ≥3s, and/or enough time to escape | O39: =IF(ISBLANK(N39),"",VLOOKUP(N39,'(Linked) PLr Probability Factor'!$B$12:$C$14,2,FALSE)) | P39: B | Q39: =COUNTIF((O38:O42), "B") -> 0 | R39: =Q39 -> 0 | S39: =IF(ISBLANK(K39),"",IF(L39<5,"F1","F2")) | V39: Monthly | W39: =IF(ISBLANK(V39),"",VLOOKUP(V39,'(Linked) Hazard Risk Number HRN'!$B$16:$C$26,2,FALSE)) | Z39: Monthly | AA39: =IF(ISBLANK(Z39),"",VLOOKUP(Z39,'(Linked) Hazard Risk Number HRN'!$B$16:$C$26,2,FALSE)) | AE39: Monthly | AF39: =IF(ISBLANK(AE39),"",VLOOKUP(AE39,'(Linked) Hazard Risk Number HRN'!$B$16:$C$26,2,FALSE))
K40: Unlikely but could occur | L40: =IF(ISBLANK(K40),"",VLOOKUP(K40,'(Linked) Hazard Risk Number HRN'!$D$6:$E$14,2,FALSE)) | M40: =IF(OR(ISBLANK(K38),ISBLANK(K39),ISBLANK(K40),ISBLANK(K41)),"",L38*L39*L40*L41) | N40: Easily possible (possible in ≥ 50% of the cases) | O40: =IF(ISBLANK(N40),"",VLOOKUP(N40,'(Linked) PLr Probability Factor'!$B$17:$C$20,2,FALSE)) | P40: A | Q40: =COUNTIF((O38:O42), "A") -> 0 | R40: =Q40 -> 0 | T40: {=IF(OR(ISBLANK(K38),ISBLANK(K39),ISBLANK(N39),ISBLANK(N40),ISBLANK(N41)),"",INDEX(INDEX('(Linked) PLr Probability Factor'!C$33:$F$44,0,4),MATCH(S38&S39&S42,INDEX('(Linked) PLr Probability Factor'!C$33:$F$44,0,1)&INDEX('(Linked) PLr Probability Factor'!C$33:$F$44,0,2)&INDEX('(Linked) PLr Probability Factor'!C$33:$F$44,0,3),0)))} | V40: Almost impossible, possible only under extreme circumstances | W40: =IF(ISBLANK(V40),"",VLOOKUP(V40,'(Linked) Hazard Risk Number HRN'!$D$6:$E$14,2,FALSE)) | X40: =IF(OR(ISBLANK(V38),ISBLANK(V39),ISBLANK(V40),ISBLANK(V41)),"",W38*W39*W40*W41) | Z40: Almost impossible, possible only under extreme circumstances | AA40: =IF(ISBLANK(Z40),"",VLOOKUP(Z40,'(Linked) Hazard Risk Number HRN'!$D$6:$E$14,2,FALSE)) | AB40: =IF(OR(ISBLANK(Z38),ISBLANK(Z39),ISBLANK(Z40),ISBLANK(Z41)),"",AA38*AA39*AA40*AA41) | AE40: Almost impossible, possible only under extreme circumstances | AF40: =IF(ISBLANK(AE40),"",VLOOKUP(AE40,'(Linked) Hazard Risk Number HRN'!$D$6:$E$14,2,FALSE)) | AG40: =IF(OR(ISBLANK(AE38),ISBLANK(AE39),ISBLANK(AE40),ISBLANK(AE41)),"",AF38*AF39*AF40*AF41)
K41: 1 to 2 persons | L41: =IF(ISBLANK(K41),"",VLOOKUP(K41,'(Linked) Hazard Risk Number HRN'!$D$17:$E$22,2,FALSE)) | N41: Easy recognition of the hazard (possible in ≥ 50% of the cases) | O41: =IF(ISBLANK(N41),"",VLOOKUP(N41,'(Linked) PLr Probability Factor'!$B$23:$C$26,2,FALSE)) | P41: Total | Q41: =SUM(R38:R40) -> 0 | R41: =Q41 -> 0 | V41: 1 to 2 persons | W41: =IF(ISBLANK(V41),"",VLOOKUP(V41,'(Linked) Hazard Risk Number HRN'!$D$17:$E$22,2,FALSE)) | Z41: 1 to 2 persons | AA41: =IF(ISBLANK(Z41),"",VLOOKUP(Z41,'(Linked) Hazard Risk Number HRN'!$D$17:$E$22,2,FALSE)) | AE41: 1 to 2 persons | AF41: =IF(ISBLANK(AE41),"",VLOOKUP(AE41,'(Linked) Hazard Risk Number HRN'!$D$17:$E$22,2,FALSE))
N42: Medium to high complexity (e.g. troubleshooting, hold-to-run setup) | O42: =IF(ISBLANK(N42),"",VLOOKUP(N42,'(Linked) PLr Probability Factor'!$B$29:$C$32,2,FALSE)) | S42: =IF(OR(ISBLANK(N39),ISBLANK(N40),ISBLANK(N41)),"",IF(R38>0,"P2",IF(AND(R38=0,R39>2),"P2",IF(AND(R38=0,R39=2),"P2",IF(AND(R38=0,AND(R39<2,R40>1)),"P1"," ")))))
B43: 8 | C43: Mantenimiento correctivo/Solución de problemas | D43: Elec - partes activas | H43: X | K43: Extreme: Immediate hospitalization, emergency surgery, permanent loss of limb/eyesight/function, long-term disability | L43: =IF(ISBLANK(K43),"",VLOOKUP(K43,'(Linked) Hazard Risk Number HRN'!$B$6:$C$13,2,FALSE)) | M43: =IF(M45="","",IF(M45>500,'(Linked) Hazard Risk Number HRN'!$C$37,IF(M45>50,'(Linked) Hazard Risk Number HRN'!$C$36,IF(M45>25,'(Linked) Hazard Risk Number HRN'!$C$35,IF(M45>5,'(Linked) Hazard Risk Number HRN'!$C$34,IF(M45>0,'(Linked) Hazard Risk Number HRN'!$C$33,"")))))) | N43: Unskilled person | O43: =IF(ISBLANK(N43),"",VLOOKUP(N43,'(Linked) PLr Probability Factor'!$B$7:$C$8,2,FALSE)) | P43: C | Q43: =COUNTIF((O43:O47), "C") -> 0 | R43: =Q43 -> 0 | S43: =IF(ISBLANK(K43),"",IF(L43<2,"S1","S2")) | U43: Ninguno | V43: Extreme: Immediate hospitalization, emergency surgery, permanent loss of limb/eyesight/function, long-term disability | W43: =IF(ISBLANK(V43),"",VLOOKUP(V43,'(Linked) Hazard Risk Number HRN'!$B$6:$C$13,2,FALSE)) | X43: =IF(X45="","",IF(X45>500,'(Linked) Hazard Risk Number HRN'!$C$37,IF(X45>50,'(Linked) Hazard Risk Number HRN'!$C$36,IF(X45>25,'(Linked) Hazard Risk Number HRN'!$C$35,IF(X45>5,'(Linked) Hazard Risk Number HRN'!$C$34,IF(X45>0,'(Linked) Hazard Risk Number HRN'!$C$33,"")))))) | Y43: Mantenimiento: Procedimiento/SOP/LOTO | Z43: Extreme: Immediate hospitalization, emergency surgery, permanent loss of limb/eyesight/function, long-term disability | AA43: =IF(ISBLANK(Z43),"",VLOOKUP(Z43,'(Linked) Hazard Risk Number HRN'!$B$6:$C$13,2,FALSE)) | AB43: =IF(AB45="","",IF(AB45>500,'(Linked) Hazard Risk Number HRN'!$C$37,IF(AB45>50,'(Linked) Hazard Risk Number HRN'!$C$36,IF(AB45>25,'(Linked) Hazard Risk Number HRN'!$C$35,IF(AB45>5,'(Linked) Hazard Risk Number HRN'!$C$34,IF(AB45>0,'(Linked) Hazard Risk Number HRN'!$C$33,"")))))) | AC43: Ninguno | AE43: Extreme: Immediate hospitalization, emergency surgery, permanent loss of limb/eyesight/function, long-term disability | AF43: =IF(ISBLANK(AE43),"",VLOOKUP(AE43,'(Linked) Hazard Risk Number HRN'!$B$6:$C$13,2,FALSE)) | AG43: =IF(AG45="","",IF(AG45>500,'(Linked) Hazard Risk Number HRN'!$C$37,IF(AG45>50,'(Linked) Hazard Risk Number HRN'!$C$36,IF(AG45>25,'(Linked) Hazard Risk Number HRN'!$C$35,IF(AG45>5,'(Linked) Hazard Risk Number HRN'!$C$34,IF(AG45>0,'(Linked) Hazard Risk Number HRN'!$C$33,""))))))
K44: Monthly | L44: =IF(ISBLANK(K44),"",VLOOKUP(K44,'(Linked) Hazard Risk Number HRN'!$B$16:$C$26,2,FALSE)) | N44: Low or very low speed event e.g. <250 mm/s, time to hazard ≥3s, and/or enough time to escape | O44: =IF(ISBLANK(N44),"",VLOOKUP(N44,'(Linked) PLr Probability Factor'!$B$12:$C$14,2,FALSE)) | P44: B | Q44: =COUNTIF((O43:O47), "B") -> 0 | R44: =Q44 -> 0 | S44: =IF(ISBLANK(K44),"",IF(L44<5,"F1","F2")) | V44: Monthly | W44: =IF(ISBLANK(V44),"",VLOOKUP(V44,'(Linked) Hazard Risk Number HRN'!$B$16:$C$26,2,FALSE)) | Z44: Monthly | AA44: =IF(ISBLANK(Z44),"",VLOOKUP(Z44,'(Linked) Hazard Risk Number HRN'!$B$16:$C$26,2,FALSE)) | AE44: Monthly | AF44: =IF(ISBLANK(AE44),"",VLOOKUP(AE44,'(Linked) Hazard Risk Number HRN'!$B$16:$C$26,2,FALSE))
K45: Unlikely but could occur | L45: =IF(ISBLANK(K45),"",VLOOKUP(K45,'(Linked) Hazard Risk Number HRN'!$D$6:$E$14,2,FALSE)) | M45: =IF(OR(ISBLANK(K43),ISBLANK(K44),ISBLANK(K45),ISBLANK(K46)),"",L43*L44*L45*L46) | N45: Occasionally/rarely possible (possible in <50% of the cases) | O45: =IF(ISBLANK(N45),"",VLOOKUP(N45,'(Linked) PLr Probability Factor'!$B$17:$C$20,2,FALSE)) | P45: A | Q45: =COUNTIF((O43:O47), "A") -> 0 | R45: =Q45 -> 0 | T45: {=IF(OR(ISBLANK(K43),ISBLANK(K44),ISBLANK(N44),ISBLANK(N45),ISBLANK(N46)),"",INDEX(INDEX('(Linked) PLr Probability Factor'!C$33:$F$44,0,4),MATCH(S43&S44&S47,INDEX('(Linked) PLr Probability Factor'!C$33:$F$44,0,1)&INDEX('(Linked) PLr Probability Factor'!C$33:$F$44,0,2)&INDEX('(Linked) PLr Probability Factor'!C$33:$F$44,0,3),0)))} | V45: Almost impossible, possible only under extreme circumstances | W45: =IF(ISBLANK(V45),"",VLOOKUP(V45,'(Linked) Hazard Risk Number HRN'!$D$6:$E$14,2,FALSE)) | X45: =IF(OR(ISBLANK(V43),ISBLANK(V44),ISBLANK(V45),ISBLANK(V46)),"",W43*W44*W45*W46) | Z45: Almost impossible, possible only under extreme circumstances | AA45: =IF(ISBLANK(Z45),"",VLOOKUP(Z45,'(Linked) Hazard Risk Number HRN'!$D$6:$E$14,2,FALSE)) | AB45: =IF(OR(ISBLANK(Z43),ISBLANK(Z44),ISBLANK(Z45),ISBLANK(Z46)),"",AA43*AA44*AA45*AA46) | AE45: Almost impossible, possible only under extreme circumstances | AF45: =IF(ISBLANK(AE45),"",VLOOKUP(AE45,'(Linked) Hazard Risk Number HRN'!$D$6:$E$14,2,FALSE)) | AG45: =IF(OR(ISBLANK(AE43),ISBLANK(AE44),ISBLANK(AE45),ISBLANK(AE46)),"",AF43*AF44*AF45*AF46)
K46: 1 to 2 persons | L46: =IF(ISBLANK(K46),"",VLOOKUP(K46,'(Linked) Hazard Risk Number HRN'!$D$17:$E$22,2,FALSE)) | N46: Occasionally/rare recognition of the hazard (possible in <50% of the cases) | O46: =IF(ISBLANK(N46),"",VLOOKUP(N46,'(Linked) PLr Probability Factor'!$B$23:$C$26,2,FALSE)) | P46: Total | Q46: =SUM(R43:R45) -> 0 | R46: =Q46 -> 0 | V46: 1 to 2 persons | W46: =IF(ISBLANK(V46),"",VLOOKUP(V46,'(Linked) Hazard Risk Number HRN'!$D$17:$E$22,2,FALSE)) | Z46: 1 to 2 persons | AA46: =IF(ISBLANK(Z46),"",VLOOKUP(Z46,'(Linked) Hazard Risk Number HRN'!$D$17:$E$22,2,FALSE)) | AE46: 1 to 2 persons | AF46: =IF(ISBLANK(AE46),"",VLOOKUP(AE46,'(Linked) Hazard Risk Number HRN'!$D$17:$E$22,2,FALSE))
N47: Medium to high complexity (e.g. troubleshooting, hold-to-run setup) | O47: =IF(ISBLANK(N47),"",VLOOKUP(N47,'(Linked) PLr Probability Factor'!$B$29:$C$32,2,FALSE)) | S47: =IF(OR(ISBLANK(N44),ISBLANK(N45),ISBLANK(N46)),"",IF(R43>0,"P2",IF(AND(R43=0,R44>2),"P2",IF(AND(R43=0,R44=2),"P2",IF(AND(R43=0,AND(R44<2,R45>1)),"P1"," ")))))
B48: 9 | C48: Manejo de materiales | D48: Ergonomía | G48: X | K48: Minor: Medical attention( prescription medication, couple of stitches, skin glue) (fit for normal duties) | L48: =IF(ISBLANK(K48),"",VLOOKUP(K48,'(Linked) Hazard Risk Number HRN'!$B$6:$C$13,2,FALSE)) | M48: =IF(M50="","",IF(M50>500,'(Linked) Hazard Risk Number HRN'!$C$37,IF(M50>50,'(Linked) Hazard Risk Number HRN'!$C$36,IF(M50>25,'(Linked) Hazard Risk Number HRN'!$C$35,IF(M50>5,'(Linked) Hazard Risk Number HRN'!$C$34,IF(M50>0,'(Linked) Hazard Risk Number HRN'!$C$33,"")))))) | N48: Unskilled person | O48: =IF(ISBLANK(N48),"",VLOOKUP(N48,'(Linked) PLr Probability Factor'!$B$7:$C$8,2,FALSE)) | P48: C | Q48: =COUNTIF((O48:O52), "C") -> 0 | R48: =Q48 -> 0 | S48: =IF(ISBLANK(K48),"",IF(L48<2,"S1","S2")) | U48: Ninguno | V48: Negligible: No first aid (scratch / bruise) | W48: =IF(ISBLANK(V48),"",VLOOKUP(V48,'(Linked) Hazard Risk Number HRN'!$B$6:$C$13,2,FALSE)) | X48: =IF(X50="","",IF(X50>500,'(Linked) Hazard Risk Number HRN'!$C$37,IF(X50>50,'(Linked) Hazard Risk Number HRN'!$C$36,IF(X50>25,'(Linked) Hazard Risk Number HRN'!$C$35,IF(X50>5,'(Linked) Hazard Risk Number HRN'!$C$34,IF(X50>0,'(Linked) Hazard Risk Number HRN'!$C$33,"")))))) | Y48: Evaluación EHS (ergo, ruido, químico, radiación) | Z48: Negligible: No first aid (scratch / bruise) | AA48: =IF(ISBLANK(Z48),"",VLOOKUP(Z48,'(Linked) Hazard Risk Number HRN'!$B$6:$C$13,2,FALSE)) | AB48: =IF(AB50="","",IF(AB50>500,'(Linked) Hazard Risk Number HRN'!$C$37,IF(AB50>50,'(Linked) Hazard Risk Number HRN'!$C$36,IF(AB50>25,'(Linked) Hazard Risk Number HRN'!$C$35,IF(AB50>5,'(Linked) Hazard Risk Number HRN'!$C$34,IF(AB50>0,'(Linked) Hazard Risk Number HRN'!$C$33,"")))))) | AC48: Ninguno | AE48: Negligible: No first aid (scratch / bruise) | AF48: =IF(ISBLANK(AE48),"",VLOOKUP(AE48,'(Linked) Hazard Risk Number HRN'!$B$6:$C$13,2,FALSE)) | AG48: =IF(AG50="","",IF(AG50>500,'(Linked) Hazard Risk Number HRN'!$C$37,IF(AG50>50,'(Linked) Hazard Risk Number HRN'!$C$36,IF(AG50>25,'(Linked) Hazard Risk Number HRN'!$C$35,IF(AG50>5,'(Linked) Hazard Risk Number HRN'!$C$34,IF(AG50>0,'(Linked) Hazard Risk Number HRN'!$C$33,""))))))
K49: Constantly or Greater than once each 15 minutes | L49: =IF(ISBLANK(K49),"",VLOOKUP(K49,'(Linked) Hazard Risk Number HRN'!$B$16:$C$26,2,FALSE)) | N49: Low or very low speed event e.g. <250 mm/s, time to hazard ≥3s, and/or enough time to escape | O49: =IF(ISBLANK(N49),"",VLOOKUP(N49,'(Linked) PLr Probability Factor'!$B$12:$C$14,2,FALSE)) | P49: B | Q49: =COUNTIF((O48:O52), "B") -> 0 | R49: =Q49 -> 0 | S49: =IF(ISBLANK(K49),"",IF(L49<5,"F1","F2")) | V49: Constantly or Greater than once each 15 minutes | W49: =IF(ISBLANK(V49),"",VLOOKUP(V49,'(Linked) Hazard Risk Number HRN'!$B$16:$C$26,2,FALSE)) | Z49: Constantly or Greater than once each 15 minutes | AA49: =IF(ISBLANK(Z49),"",VLOOKUP(Z49,'(Linked) Hazard Risk Number HRN'!$B$16:$C$26,2,FALSE)) | AE49: Constantly or Greater than once each 15 minutes | AF49: =IF(ISBLANK(AE49),"",VLOOKUP(AE49,'(Linked) Hazard Risk Number HRN'!$B$16:$C$26,2,FALSE))
K50: Even chance, could happen | L50: =IF(ISBLANK(K50),"",VLOOKUP(K50,'(Linked) Hazard Risk Number HRN'!$D$6:$E$14,2,FALSE)) | M50: =IF(OR(ISBLANK(K48),ISBLANK(K49),ISBLANK(K50),ISBLANK(K51)),"",L48*L49*L50*L51) | N50: Easily possible (possible in ≥ 50% of the cases) | O50: =IF(ISBLANK(N50),"",VLOOKUP(N50,'(Linked) PLr Probability Factor'!$B$17:$C$20,2,FALSE)) | P50: A | Q50: =COUNTIF((O48:O52), "A") -> 0 | R50: =Q50 -> 0 | T50: {=IF(OR(ISBLANK(K48),ISBLANK(K49),ISBLANK(N49),ISBLANK(N50),ISBLANK(N51)),"",INDEX(INDEX('(Linked) PLr Probability Factor'!C$33:$F$44,0,4),MATCH(S48&S49&S52,INDEX('(Linked) PLr Probability Factor'!C$33:$F$44,0,1)&INDEX('(Linked) PLr Probability Factor'!C$33:$F$44,0,2)&INDEX('(Linked) PLr Probability Factor'!C$33:$F$44,0,3),0)))} | V50: Possible but unusual | W50: =IF(ISBLANK(V50),"",VLOOKUP(V50,'(Linked) Hazard Risk Number HRN'!$D$6:$E$14,2,FALSE)) | X50: =IF(OR(ISBLANK(V48),ISBLANK(V49),ISBLANK(V50),ISBLANK(V51)),"",W48*W49*W50*W51) | Z50: Possible but unusual | AA50: =IF(ISBLANK(Z50),"",VLOOKUP(Z50,'(Linked) Hazard Risk Number HRN'!$D$6:$E$14,2,FALSE)) | AB50: =IF(OR(ISBLANK(Z48),ISBLANK(Z49),ISBLANK(Z50),ISBLANK(Z51)),"",AA48*AA49*AA50*AA51) | AE50: Possible but unusual | AF50: =IF(ISBLANK(AE50),"",VLOOKUP(AE50,'(Linked) Hazard Risk Number HRN'!$D$6:$E$14,2,FALSE)) | AG50: =IF(OR(ISBLANK(AE48),ISBLANK(AE49),ISBLANK(AE50),ISBLANK(AE51)),"",AF48*AF49*AF50*AF51)
K51: 1 to 2 persons | L51: =IF(ISBLANK(K51),"",VLOOKUP(K51,'(Linked) Hazard Risk Number HRN'!$D$17:$E$22,2,FALSE)) | N51: Easy recognition of the hazard (possible in ≥ 50% of the cases) | O51: =IF(ISBLANK(N51),"",VLOOKUP(N51,'(Linked) PLr Probability Factor'!$B$23:$C$26,2,FALSE)) | P51: Total | Q51: =SUM(R48:R50) -> 0 | R51: =Q51 -> 0 | V51: 1 to 2 persons | W51: =IF(ISBLANK(V51),"",VLOOKUP(V51,'(Linked) Hazard Risk Number HRN'!$D$17:$E$22,2,FALSE)) | Z51: 1 to 2 persons | AA51: =IF(ISBLANK(Z51),"",VLOOKUP(Z51,'(Linked) Hazard Risk Number HRN'!$D$17:$E$22,2,FALSE)) | AE51: 1 to 2 persons | AF51: =IF(ISBLANK(AE51),"",VLOOKUP(AE51,'(Linked) Hazard Risk Number HRN'!$D$17:$E$22,2,FALSE))
N52: Low complexity / no interaction (e.g. adjust clamps, load a workpiece) | O52: =IF(ISBLANK(N52),"",VLOOKUP(N52,'(Linked) PLr Probability Factor'!$B$29:$C$32,2,FALSE)) | S52: =IF(OR(ISBLANK(N49),ISBLANK(N50),ISBLANK(N51)),"",IF(R48>0,"P2",IF(AND(R48=0,R49>2),"P2",IF(AND(R48=0,R49=2),"P2",IF(AND(R48=0,AND(R49<2,R50>1)),"P1"," ")))))
B53: 10 | L53: =IF(ISBLANK(K53),"",VLOOKUP(K53,'(Linked) Hazard Risk Number HRN'!$B$6:$C$13,2,FALSE)) | M53: =IF(M55="","",IF(M55>500,'(Linked) Hazard Risk Number HRN'!$C$37,IF(M55>50,'(Linked) Hazard Risk Number HRN'!$C$36,IF(M55>25,'(Linked) Hazard Risk Number HRN'!$C$35,IF(M55>5,'(Linked) Hazard Risk Number HRN'!$C$34,IF(M55>0,'(Linked) Hazard Risk Number HRN'!$C$33,"")))))) | O53: =IF(ISBLANK(N53),"",VLOOKUP(N53,'(Linked) PLr Probability Factor'!$B$7:$C$8,2,FALSE)) | P53: C | Q53: =COUNTIF((O53:O57), "C") -> 0 | R53: =Q53 -> 0 | S53: =IF(ISBLANK(K53),"",IF(L53<2,"S1","S2")) | W53: =IF(ISBLANK(V53),"",VLOOKUP(V53,'(Linked) Hazard Risk Number HRN'!$B$6:$C$13,2,FALSE)) | X53: =IF(X55="","",IF(X55>500,'(Linked) Hazard Risk Number HRN'!$C$37,IF(X55>50,'(Linked) Hazard Risk Number HRN'!$C$36,IF(X55>25,'(Linked) Hazard Risk Number HRN'!$C$35,IF(X55>5,'(Linked) Hazard Risk Number HRN'!$C$34,IF(X55>0,'(Linked) Hazard Risk Number HRN'!$C$33,"")))))) | AA53: =IF(ISBLANK(Z53),"",VLOOKUP(Z53,'(Linked) Hazard Risk Number HRN'!$B$6:$C$13,2,FALSE)) | AB53: =IF(AB55="","",IF(AB55>500,'(Linked) Hazard Risk Number HRN'!$C$37,IF(AB55>50,'(Linked) Hazard Risk Number HRN'!$C$36,IF(AB55>25,'(Linked) Hazard Risk Number HRN'!$C$35,IF(AB55>5,'(Linked) Hazard Risk Number HRN'!$C$34,IF(AB55>0,'(Linked) Hazard Risk Number HRN'!$C$33,"")))))) | AF53: =IF(ISBLANK(AE53),"",VLOOKUP(AE53,'(Linked) Hazard Risk Number HRN'!$B$6:$C$13,2,FALSE)) | AG53: =IF(AG55="","",IF(AG55>500,'(Linked) Hazard Risk Number HRN'!$C$37,IF(AG55>50,'(Linked) Hazard Risk Number HRN'!$C$36,IF(AG55>25,'(Linked) Hazard Risk Number HRN'!$C$35,IF(AG55>5,'(Linked) Hazard Risk Number HRN'!$C$34,IF(AG55>0,'(Linked) Hazard Risk Number HRN'!$C$33,""))))))
L54: =IF(ISBLANK(K54),"",VLOOKUP(K54,'(Linked) Hazard Risk Number HRN'!$B$16:$C$26,2,FALSE)) | O54: =IF(ISBLANK(N54),"",VLOOKUP(N54,'(Linked) PLr Probability Factor'!$B$12:$C$14,2,FALSE)) | P54: B | Q54: =COUNTIF((O53:O57), "B") -> 0 | R54: =Q54 -> 0 | S54: =IF(ISBLANK(K54),"",IF(L54<5,"F1","F2")) | W54: =IF(ISBLANK(V54),"",VLOOKUP(V54,'(Linked) Hazard Risk Number HRN'!$B$16:$C$26,2,FALSE)) | AA54: =IF(ISBLANK(Z54),"",VLOOKUP(Z54,'(Linked) Hazard Risk Number HRN'!$B$16:$C$26,2,FALSE)) | AF54: =IF(ISBLANK(AE54),"",VLOOKUP(AE54,'(Linked) Hazard Risk Number HRN'!$B$16:$C$26,2,FALSE))
L55: =IF(ISBLANK(K55),"",VLOOKUP(K55,'(Linked) Hazard Risk Number HRN'!$D$6:$E$14,2,FALSE)) | M55: =IF(OR(ISBLANK(K53),ISBLANK(K54),ISBLANK(K55),ISBLANK(K56)),"",L53*L54*L55*L56) | O55: =IF(ISBLANK(N55),"",VLOOKUP(N55,'(Linked) PLr Probability Factor'!$B$17:$C$20,2,FALSE)) | P55: A | Q55: =COUNTIF((O53:O57), "A") -> 0 | R55: =Q55 -> 0 | T55: {=IF(OR(ISBLANK(K53),ISBLANK(K54),ISBLANK(N54),ISBLANK(N55),ISBLANK(N56)),"",INDEX(INDEX('(Linked) PLr Probability Factor'!C$33:$F$44,0,4),MATCH(S53&S54&S57,INDEX('(Linked) PLr Probability Factor'!C$33:$F$44,0,1)&INDEX('(Linked) PLr Probability Factor'!C$33:$F$44,0,2)&INDEX('(Linked) PLr Probability Factor'!C$33:$F$44,0,3),0)))} | W55: =IF(ISBLANK(V55),"",VLOOKUP(V55,'(Linked) Hazard Risk Number HRN'!$D$6:$E$14,2,FALSE)) | X55: =IF(OR(ISBLANK(V53),ISBLANK(V54),ISBLANK(V55),ISBLANK(V56)),"",W53*W54*W55*W56) | AA55: =IF(ISBLANK(Z55),"",VLOOKUP(Z55,'(Linked) Hazard Risk Number HRN'!$D$6:$E$14,2,FALSE)) | AB55: =IF(OR(ISBLANK(Z53),ISBLANK(Z54),ISBLANK(Z55),ISBLANK(Z56)),"",AA53*AA54*AA55*AA56) | AF55: =IF(ISBLANK(AE55),"",VLOOKUP(AE55,'(Linked) Hazard Risk Number HRN'!$D$6:$E$14,2,FALSE)) | AG55: =IF(OR(ISBLANK(AE53),ISBLANK(AE54),ISBLANK(AE55),ISBLANK(AE56)),"",AF53*AF54*AF55*AF56)
L56: =IF(ISBLANK(K56),"",VLOOKUP(K56,'(Linked) Hazard Risk Number HRN'!$D$17:$E$22,2,FALSE)) | O56: =IF(ISBLANK(N56),"",VLOOKUP(N56,'(Linked) PLr Probability Factor'!$B$23:$C$26,2,FALSE)) | P56: Total | Q56: =SUM(R53:R55) -> 0 | R56: =Q56 -> 0 | W56: =IF(ISBLANK(V56),"",VLOOKUP(V56,'(Linked) Hazard Risk Number HRN'!$D$17:$E$22,2,FALSE)) | AA56: =IF(ISBLANK(Z56),"",VLOOKUP(Z56,'(Linked) Hazard Risk Number HRN'!$D$17:$E$22,2,FALSE)) | AF56: =IF(ISBLANK(AE56),"",VLOOKUP(AE56,'(Linked) Hazard Risk Number HRN'!$D$17:$E$22,2,FALSE))
O57: =IF(ISBLANK(N57),"",VLOOKUP(N57,'(Linked) PLr Probability Factor'!$B$29:$C$32,2,FALSE)) | S57: =IF(OR(ISBLANK(N54),ISBLANK(N55),ISBLANK(N56)),"",IF(R53>0,"P2",IF(AND(R53=0,R54>2),"P2",IF(AND(R53=0,R54=2),"P2",IF(AND(R53=0,AND(R54<2,R55>1)),"P1"," ")))))
B58: 11 | L58: =IF(ISBLANK(K58),"",VLOOKUP(K58,'(Linked) Hazard Risk Number HRN'!$B$6:$C$13,2,FALSE)) | M58: =IF(M60="","",IF(M60>500,'(Linked) Hazard Risk Number HRN'!$C$37,IF(M60>50,'(Linked) Hazard Risk Number HRN'!$C$36,IF(M60>25,'(Linked) Hazard Risk Number HRN'!$C$35,IF(M60>5,'(Linked) Hazard Risk Number HRN'!$C$34,IF(M60>0,'(Linked) Hazard Risk Number HRN'!$C$33,"")))))) | O58: =IF(ISBLANK(N58),"",VLOOKUP(N58,'(Linked) PLr Probability Factor'!$B$7:$C$8,2,FALSE)) | P58: C | Q58: =COUNTIF((O58:O62), "C") -> 0 | R58: =Q58 -> 0 | S58: =IF(ISBLANK(K58),"",IF(L58<2,"S1","S2")) | W58: =IF(ISBLANK(V58),"",VLOOKUP(V58,'(Linked) Hazard Risk Number HRN'!$B$6:$C$13,2,FALSE)) | X58: =IF(X60="","",IF(X60>500,'(Linked) Hazard Risk Number HRN'!$C$37,IF(X60>50,'(Linked) Hazard Risk Number HRN'!$C$36,IF(X60>25,'(Linked) Hazard Risk Number HRN'!$C$35,IF(X60>5,'(Linked) Hazard Risk Number HRN'!$C$34,IF(X60>0,'(Linked) Hazard Risk Number HRN'!$C$33,"")))))) | AA58: =IF(ISBLANK(Z58),"",VLOOKUP(Z58,'(Linked) Hazard Risk Number HRN'!$B$6:$C$13,2,FALSE)) | AB58: =IF(AB60="","",IF(AB60>500,'(Linked) Hazard Risk Number HRN'!$C$37,IF(AB60>50,'(Linked) Hazard Risk Number HRN'!$C$36,IF(AB60>25,'(Linked) Hazard Risk Number HRN'!$C$35,IF(AB60>5,'(Linked) Hazard Risk Number HRN'!$C$34,IF(AB60>0,'(Linked) Hazard Risk Number HRN'!$C$33,"")))))) | AF58: =IF(ISBLANK(AE58),"",VLOOKUP(AE58,'(Linked) Hazard Risk Number HRN'!$B$6:$C$13,2,FALSE)) | AG58: =IF(AG60="","",IF(AG60>500,'(Linked) Hazard Risk Number HRN'!$C$37,IF(AG60>50,'(Linked) Hazard Risk Number HRN'!$C$36,IF(AG60>25,'(Linked) Hazard Risk Number HRN'!$C$35,IF(AG60>5,'(Linked) Hazard Risk Number HRN'!$C$34,IF(AG60>0,'(Linked) Hazard Risk Number HRN'!$C$33,""))))))
L59: =IF(ISBLANK(K59),"",VLOOKUP(K59,'(Linked) Hazard Risk Number HRN'!$B$16:$C$26,2,FALSE)) | O59: =IF(ISBLANK(N59),"",VLOOKUP(N59,'(Linked) PLr Probability Factor'!$B$12:$C$14,2,FALSE)) | P59: B | Q59: =COUNTIF((O58:O62), "B") -> 0 | R59: =Q59 -> 0 | S59: =IF(ISBLANK(K59),"",IF(L59<5,"F1","F2")) | W59: =IF(ISBLANK(V59),"",VLOOKUP(V59,'(Linked) Hazard Risk Number HRN'!$B$16:$C$26,2,FALSE)) | AA59: =IF(ISBLANK(Z59),"",VLOOKUP(Z59,'(Linked) Hazard Risk Number HRN'!$B$16:$C$26,2,FALSE)) | AF59: =IF(ISBLANK(AE59),"",VLOOKUP(AE59,'(Linked) Hazard Risk Number HRN'!$B$16:$C$26,2,FALSE))
L60: =IF(ISBLANK(K60),"",VLOOKUP(K60,'(Linked) Hazard Risk Number HRN'!$D$6:$E$14,2,FALSE)) | M60: =IF(OR(ISBLANK(K58),ISBLANK(K59),ISBLANK(K60),ISBLANK(K61)),"",L58*L59*L60*L61) | O60: =IF(ISBLANK(N60),"",VLOOKUP(N60,'(Linked) PLr Probability Factor'!$B$17:$C$20,2,FALSE)) | P60: A | Q60: =COUNTIF((O58:O62), "A") -> 0 | R60: =Q60 -> 0 | T60: {=IF(OR(ISBLANK(K58),ISBLANK(K59),ISBLANK(N59),ISBLANK(N60),ISBLANK(N61)),"",INDEX(INDEX('(Linked) PLr Probability Factor'!C$33:$F$44,0,4),MATCH(S58&S59&S62,INDEX('(Linked) PLr Probability Factor'!C$33:$F$44,0,1)&INDEX('(Linked) PLr Probability Factor'!C$33:$F$44,0,2)&INDEX('(Linked) PLr Probability Factor'!C$33:$F$44,0,3),0)))} | W60: =IF(ISBLANK(V60),"",VLOOKUP(V60,'(Linked) Hazard Risk Number HRN'!$D$6:$E$14,2,FALSE)) | X60: =IF(OR(ISBLANK(V58),ISBLANK(V59),ISBLANK(V60),ISBLANK(V61)),"",W58*W59*W60*W61) | AA60: =IF(ISBLANK(Z60),"",VLOOKUP(Z60,'(Linked) Hazard Risk Number HRN'!$D$6:$E$14,2,FALSE)) | AB60: =IF(OR(ISBLANK(Z58),ISBLANK(Z59),ISBLANK(Z60),ISBLANK(Z61)),"",AA58*AA59*AA60*AA61) | AF60: =IF(ISBLANK(AE60),"",VLOOKUP(AE60,'(Linked) Hazard Risk Number HRN'!$D$6:$E$14,2,FALSE)) | AG60: =IF(OR(ISBLANK(AE58),ISBLANK(AE59),ISBLANK(AE60),ISBLANK(AE61)),"",AF58*AF59*AF60*AF61)
L61: =IF(ISBLANK(K61),"",VLOOKUP(K61,'(Linked) Hazard Risk Number HRN'!$D$17:$E$22,2,FALSE)) | O61: =IF(ISBLANK(N61),"",VLOOKUP(N61,'(Linked) PLr Probability Factor'!$B$23:$C$26,2,FALSE)) | P61: Total | Q61: =SUM(R58:R60) -> 0 | R61: =Q61 -> 0 | W61: =IF(ISBLANK(V61),"",VLOOKUP(V61,'(Linked) Hazard Risk Number HRN'!$D$17:$E$22,2,FALSE)) | AA61: =IF(ISBLANK(Z61),"",VLOOKUP(Z61,'(Linked) Hazard Risk Number HRN'!$D$17:$E$22,2,FALSE)) | AF61: =IF(ISBLANK(AE61),"",VLOOKUP(AE61,'(Linked) Hazard Risk Number HRN'!$D$17:$E$22,2,FALSE))
O62: =IF(ISBLANK(N62),"",VLOOKUP(N62,'(Linked) PLr Probability Factor'!$B$29:$C$32,2,FALSE)) | S62: =IF(OR(ISBLANK(N59),ISBLANK(N60),ISBLANK(N61)),"",IF(R58>0,"P2",IF(AND(R58=0,R59>2),"P2",IF(AND(R58=0,R59=2),"P2",IF(AND(R58=0,AND(R59<2,R60>1)),"P1"," ")))))
B63: 12 | L63: =IF(ISBLANK(K63),"",VLOOKUP(K63,'(Linked) Hazard Risk Number HRN'!$B$6:$C$13,2,FALSE)) | M63: =IF(M65="","",IF(M65>500,'(Linked) Hazard Risk Number HRN'!$C$37,IF(M65>50,'(Linked) Hazard Risk Number HRN'!$C$36,IF(M65>25,'(Linked) Hazard Risk Number HRN'!$C$35,IF(M65>5,'(Linked) Hazard Risk Number HRN'!$C$34,IF(M65>0,'(Linked) Hazard Risk Number HRN'!$C$33,"")))))) | O63: =IF(ISBLANK(N63),"",VLOOKUP(N63,'(Linked) PLr Probability Factor'!$B$7:$C$8,2,FALSE)) | P63: C | Q63: =COUNTIF((O63:O67), "C") -> 0 | R63: =Q63 -> 0 | S63: =IF(ISBLANK(K63),"",IF(L63<2,"S1","S2")) | W63: =IF(ISBLANK(V63),"",VLOOKUP(V63,'(Linked) Hazard Risk Number HRN'!$B$6:$C$13,2,FALSE)) | X63: =IF(X65="","",IF(X65>500,'(Linked) Hazard Risk Number HRN'!$C$37,IF(X65>50,'(Linked) Hazard Risk Number HRN'!$C$36,IF(X65>25,'(Linked) Hazard Risk Number HRN'!$C$35,IF(X65>5,'(Linked) Hazard Risk Number HRN'!$C$34,IF(X65>0,'(Linked) Hazard Risk Number HRN'!$C$33,"")))))) | AA63: =IF(ISBLANK(Z63),"",VLOOKUP(Z63,'(Linked) Hazard Risk Number HRN'!$B$6:$C$13,2,FALSE)) | AB63: =IF(AB65="","",IF(AB65>500,'(Linked) Hazard Risk Number HRN'!$C$37,IF(AB65>50,'(Linked) Hazard Risk Number HRN'!$C$36,IF(AB65>25,'(Linked) Hazard Risk Number HRN'!$C$35,IF(AB65>5,'(Linked) Hazard Risk Number HRN'!$C$34,IF(AB65>0,'(Linked) Hazard Risk Number HRN'!$C$33,"")))))) | AF63: =IF(ISBLANK(AE63),"",VLOOKUP(AE63,'(Linked) Hazard Risk Number HRN'!$B$6:$C$13,2,FALSE)) | AG63: =IF(AG65="","",IF(AG65>500,'(Linked) Hazard Risk Number HRN'!$C$37,IF(AG65>50,'(Linked) Hazard Risk Number HRN'!$C$36,IF(AG65>25,'(Linked) Hazard Risk Number HRN'!$C$35,IF(AG65>5,'(Linked) Hazard Risk Number HRN'!$C$34,IF(AG65>0,'(Linked) Hazard Risk Number HRN'!$C$33,""))))))
L64: =IF(ISBLANK(K64),"",VLOOKUP(K64,'(Linked) Hazard Risk Number HRN'!$B$16:$C$26,2,FALSE)) | O64: =IF(ISBLANK(N64),"",VLOOKUP(N64,'(Linked) PLr Probability Factor'!$B$12:$C$14,2,FALSE)) | P64: B | Q64: =COUNTIF((O63:O67), "B") -> 0 | R64: =Q64 -> 0 | S64: =IF(ISBLANK(K64),"",IF(L64<5,"F1","F2")) | W64: =IF(ISBLANK(V64),"",VLOOKUP(V64,'(Linked) Hazard Risk Number HRN'!$B$16:$C$26,2,FALSE)) | AA64: =IF(ISBLANK(Z64),"",VLOOKUP(Z64,'(Linked) Hazard Risk Number HRN'!$B$16:$C$26,2,FALSE)) | AF64: =IF(ISBLANK(AE64),"",VLOOKUP(AE64,'(Linked) Hazard Risk Number HRN'!$B$16:$C$26,2,FALSE))
L65: =IF(ISBLANK(K65),"",VLOOKUP(K65,'(Linked) Hazard Risk Number HRN'!$D$6:$E$14,2,FALSE)) | M65: =IF(OR(ISBLANK(K63),ISBLANK(K64),ISBLANK(K65),ISBLANK(K66)),"",L63*L64*L65*L66) | O65: =IF(ISBLANK(N65),"",VLOOKUP(N65,'(Linked) PLr Probability Factor'!$B$17:$C$20,2,FALSE)) | P65: A | Q65: =COUNTIF((O63:O67), "A") -> 0 | R65: =Q65 -> 0 | T65: {=IF(OR(ISBLANK(K63),ISBLANK(K64),ISBLANK(N64),ISBLANK(N65),ISBLANK(N66)),"",INDEX(INDEX('(Linked) PLr Probability Factor'!C$33:$F$44,0,4),MATCH(S63&S64&S67,INDEX('(Linked) PLr Probability Factor'!C$33:$F$44,0,1)&INDEX('(Linked) PLr Probability Factor'!C$33:$F$44,0,2)&INDEX('(Linked) PLr Probability Factor'!C$33:$F$44,0,3),0)))} | W65: =IF(ISBLANK(V65),"",VLOOKUP(V65,'(Linked) Hazard Risk Number HRN'!$D$6:$E$14,2,FALSE)) | X65: =IF(OR(ISBLANK(V63),ISBLANK(V64),ISBLANK(V65),ISBLANK(V66)),"",W63*W64*W65*W66) | AA65: =IF(ISBLANK(Z65),"",VLOOKUP(Z65,'(Linked) Hazard Risk Number HRN'!$D$6:$E$14,2,FALSE)) | AB65: =IF(OR(ISBLANK(Z63),ISBLANK(Z64),ISBLANK(Z65),ISBLANK(Z66)),"",AA63*AA64*AA65*AA66) | AF65: =IF(ISBLANK(AE65),"",VLOOKUP(AE65,'(Linked) Hazard Risk Number HRN'!$D$6:$E$14,2,FALSE)) | AG65: =IF(OR(ISBLANK(AE63),ISBLANK(AE64),ISBLANK(AE65),ISBLANK(AE66)),"",AF63*AF64*AF65*AF66)
L66: =IF(ISBLANK(K66),"",VLOOKUP(K66,'(Linked) Hazard Risk Number HRN'!$D$17:$E$22,2,FALSE)) | O66: =IF(ISBLANK(N66),"",VLOOKUP(N66,'(Linked) PLr Probability Factor'!$B$23:$C$26,2,FALSE)) | P66: Total | Q66: =SUM(R63:R65) -> 0 | R66: =Q66 -> 0 | W66: =IF(ISBLANK(V66),"",VLOOKUP(V66,'(Linked) Hazard Risk Number HRN'!$D$17:$E$22,2,FALSE)) | AA66: =IF(ISBLANK(Z66),"",VLOOKUP(Z66,'(Linked) Hazard Risk Number HRN'!$D$17:$E$22,2,FALSE)) | AF66: =IF(ISBLANK(AE66),"",VLOOKUP(AE66,'(Linked) Hazard Risk Number HRN'!$D$17:$E$22,2,FALSE))
O67: =IF(ISBLANK(N67),"",VLOOKUP(N67,'(Linked) PLr Probability Factor'!$B$29:$C$32,2,FALSE)) | S67: =IF(OR(ISBLANK(N64),ISBLANK(N65),ISBLANK(N66)),"",IF(R63>0,"P2",IF(AND(R63=0,R64>2),"P2",IF(AND(R63=0,R64=2),"P2",IF(AND(R63=0,AND(R64<2,R65>1)),"P1"," ")))))
B68: 13 | L68: =IF(ISBLANK(K68),"",VLOOKUP(K68,'(Linked) Hazard Risk Number HRN'!$B$6:$C$13,2,FALSE)) | M68: =IF(M70="","",IF(M70>500,'(Linked) Hazard Risk Number HRN'!$C$37,IF(M70>50,'(Linked) Hazard Risk Number HRN'!$C$36,IF(M70>25,'(Linked) Hazard Risk Number HRN'!$C$35,IF(M70>5,'(Linked) Hazard Risk Number HRN'!$C$34,IF(M70>0,'(Linked) Hazard Risk Number HRN'!$C$33,"")))))) | O68: =IF(ISBLANK(N68),"",VLOOKUP(N68,'(Linked) PLr Probability Factor'!$B$7:$C$8,2,FALSE)) | P68: C | Q68: =COUNTIF((O68:O72), "C") -> 0 | R68: =Q68 -> 0 | S68: =IF(ISBLANK(K68),"",IF(L68<2,"S1","S2")) | W68: =IF(ISBLANK(V68),"",VLOOKUP(V68,'(Linked) Hazard Risk Number HRN'!$B$6:$C$13,2,FALSE)) | X68: =IF(X70="","",IF(X70>500,'(Linked) Hazard Risk Number HRN'!$C$37,IF(X70>50,'(Linked) Hazard Risk Number HRN'!$C$36,IF(X70>25,'(Linked) Hazard Risk Number HRN'!$C$35,IF(X70>5,'(Linked) Hazard Risk Number HRN'!$C$34,IF(X70>0,'(Linked) Hazard Risk Number HRN'!$C$33,"")))))) | AA68: =IF(ISBLANK(Z68),"",VLOOKUP(Z68,'(Linked) Hazard Risk Number HRN'!$B$6:$C$13,2,FALSE)) | AB68: =IF(AB70="","",IF(AB70>500,'(Linked) Hazard Risk Number HRN'!$C$37,IF(AB70>50,'(Linked) Hazard Risk Number HRN'!$C$36,IF(AB70>25,'(Linked) Hazard Risk Number HRN'!$C$35,IF(AB70>5,'(Linked) Hazard Risk Number HRN'!$C$34,IF(AB70>0,'(Linked) Hazard Risk Number HRN'!$C$33,"")))))) | AF68: =IF(ISBLANK(AE68),"",VLOOKUP(AE68,'(Linked) Hazard Risk Number HRN'!$B$6:$C$13,2,FALSE)) | AG68: =IF(AG70="","",IF(AG70>500,'(Linked) Hazard Risk Number HRN'!$C$37,IF(AG70>50,'(Linked) Hazard Risk Number HRN'!$C$36,IF(AG70>25,'(Linked) Hazard Risk Number HRN'!$C$35,IF(AG70>5,'(Linked) Hazard Risk Number HRN'!$C$34,IF(AG70>0,'(Linked) Hazard Risk Number HRN'!$C$33,""))))))
L69: =IF(ISBLANK(K69),"",VLOOKUP(K69,'(Linked) Hazard Risk Number HRN'!$B$16:$C$26,2,FALSE)) | O69: =IF(ISBLANK(N69),"",VLOOKUP(N69,'(Linked) PLr Probability Factor'!$B$12:$C$14,2,FALSE)) | P69: B | Q69: =COUNTIF((O68:O72), "B") -> 0 | R69: =Q69 -> 0 | S69: =IF(ISBLANK(K69),"",IF(L69<5,"F1","F2")) | W69: =IF(ISBLANK(V69),"",VLOOKUP(V69,'(Linked) Hazard Risk Number HRN'!$B$16:$C$26,2,FALSE)) | AA69: =IF(ISBLANK(Z69),"",VLOOKUP(Z69,'(Linked) Hazard Risk Number HRN'!$B$16:$C$26,2,FALSE)) | AF69: =IF(ISBLANK(AE69),"",VLOOKUP(AE69,'(Linked) Hazard Risk Number HRN'!$B$16:$C$26,2,FALSE))
L70: =IF(ISBLANK(K70),"",VLOOKUP(K70,'(Linked) Hazard Risk Number HRN'!$D$6:$E$14,2,FALSE)) | M70: =IF(OR(ISBLANK(K68),ISBLANK(K69),ISBLANK(K70),ISBLANK(K71)),"",L68*L69*L70*L71) | O70: =IF(ISBLANK(N70),"",VLOOKUP(N70,'(Linked) PLr Probability Factor'!$B$17:$C$20,2,FALSE)) | P70: A | Q70: =COUNTIF((O68:O72), "A") -> 0 | R70: =Q70 -> 0 | T70: {=IF(OR(ISBLANK(K68),ISBLANK(K69),ISBLANK(N69),ISBLANK(N70),ISBLANK(N71)),"",INDEX(INDEX('(Linked) PLr Probability Factor'!C$33:$F$44,0,4),MATCH(S68&S69&S72,INDEX('(Linked) PLr Probability Factor'!C$33:$F$44,0,1)&INDEX('(Linked) PLr Probability Factor'!C$33:$F$44,0,2)&INDEX('(Linked) PLr Probability Factor'!C$33:$F$44,0,3),0)))} | W70: =IF(ISBLANK(V70),"",VLOOKUP(V70,'(Linked) Hazard Risk Number HRN'!$D$6:$E$14,2,FALSE)) | X70: =IF(OR(ISBLANK(V68),ISBLANK(V69),ISBLANK(V70),ISBLANK(V71)),"",W68*W69*W70*W71) | AA70: =IF(ISBLANK(Z70),"",VLOOKUP(Z70,'(Linked) Hazard Risk Number HRN'!$D$6:$E$14,2,FALSE)) | AB70: =IF(OR(ISBLANK(Z68),ISBLANK(Z69),ISBLANK(Z70),ISBLANK(Z71)),"",AA68*AA69*AA70*AA71) | AF70: =IF(ISBLANK(AE70),"",VLOOKUP(AE70,'(Linked) Hazard Risk Number HRN'!$D$6:$E$14,2,FALSE)) | AG70: =IF(OR(ISBLANK(AE68),ISBLANK(AE69),ISBLANK(AE70),ISBLANK(AE71)),"",AF68*AF69*AF70*AF71)
L71: =IF(ISBLANK(K71),"",VLOOKUP(K71,'(Linked) Hazard Risk Number HRN'!$D$17:$E$22,2,FALSE)) | O71: =IF(ISBLANK(N71),"",VLOOKUP(N71,'(Linked) PLr Probability Factor'!$B$23:$C$26,2,FALSE)) | P71: Total | Q71: =SUM(R68:R70) -> 0 | R71: =Q71 -> 0 | W71: =IF(ISBLANK(V71),"",VLOOKUP(V71,'(Linked) Hazard Risk Number HRN'!$D$17:$E$22,2,FALSE)) | AA71: =IF(ISBLANK(Z71),"",VLOOKUP(Z71,'(Linked) Hazard Risk Number HRN'!$D$17:$E$22,2,FALSE)) | AF71: =IF(ISBLANK(AE71),"",VLOOKUP(AE71,'(Linked) Hazard Risk Number HRN'!$D$17:$E$22,2,FALSE))
O72: =IF(ISBLANK(N72),"",VLOOKUP(N72,'(Linked) PLr Probability Factor'!$B$29:$C$32,2,FALSE)) | S72: =IF(OR(ISBLANK(N69),ISBLANK(N70),ISBLANK(N71)),"",IF(R68>0,"P2",IF(AND(R68=0,R69>2),"P2",IF(AND(R68=0,R69=2),"P2",IF(AND(R68=0,AND(R69<2,R70>1)),"P1"," ")))))
B73: 14 | L73: =IF(ISBLANK(K73),"",VLOOKUP(K73,'(Linked) Hazard Risk Number HRN'!$B$6:$C$13,2,FALSE)) | M73: =IF(M75="","",IF(M75>500,'(Linked) Hazard Risk Number HRN'!$C$37,IF(M75>50,'(Linked) Hazard Risk Number HRN'!$C$36,IF(M75>25,'(Linked) Hazard Risk Number HRN'!$C$35,IF(M75>5,'(Linked) Hazard Risk Number HRN'!$C$34,IF(M75>0,'(Linked) Hazard Risk Number HRN'!$C$33,"")))))) | O73: =IF(ISBLANK(N73),"",VLOOKUP(N73,'(Linked) PLr Probability Factor'!$B$7:$C$8,2,FALSE)) | P73: C | Q73: =COUNTIF((O73:O77), "C") -> 0 | R73: =Q73 -> 0 | S73: =IF(ISBLANK(K73),"",IF(L73<2,"S1","S2")) | W73: =IF(ISBLANK(V73),"",VLOOKUP(V73,'(Linked) Hazard Risk Number HRN'!$B$6:$C$13,2,FALSE)) | X73: =IF(X75="","",IF(X75>500,'(Linked) Hazard Risk Number HRN'!$C$37,IF(X75>50,'(Linked) Hazard Risk Number HRN'!$C$36,IF(X75>25,'(Linked) Hazard Risk Number HRN'!$C$35,IF(X75>5,'(Linked) Hazard Risk Number HRN'!$C$34,IF(X75>0,'(Linked) Hazard Risk Number HRN'!$C$33,"")))))) | AA73: =IF(ISBLANK(Z73),"",VLOOKUP(Z73,'(Linked) Hazard Risk Number HRN'!$B$6:$C$13,2,FALSE)) | AB73: =IF(AB75="","",IF(AB75>500,'(Linked) Hazard Risk Number HRN'!$C$37,IF(AB75>50,'(Linked) Hazard Risk Number HRN'!$C$36,IF(AB75>25,'(Linked) Hazard Risk Number HRN'!$C$35,IF(AB75>5,'(Linked) Hazard Risk Number HRN'!$C$34,IF(AB75>0,'(Linked) Hazard Risk Number HRN'!$C$33,"")))))) | AF73: =IF(ISBLANK(AE73),"",VLOOKUP(AE73,'(Linked) Hazard Risk Number HRN'!$B$6:$C$13,2,FALSE)) | AG73: =IF(AG75="","",IF(AG75>500,'(Linked) Hazard Risk Number HRN'!$C$37,IF(AG75>50,'(Linked) Hazard Risk Number HRN'!$C$36,IF(AG75>25,'(Linked) Hazard Risk Number HRN'!$C$35,IF(AG75>5,'(Linked) Hazard Risk Number HRN'!$C$34,IF(AG75>0,'(Linked) Hazard Risk Number HRN'!$C$33,""))))))
L74: =IF(ISBLANK(K74),"",VLOOKUP(K74,'(Linked) Hazard Risk Number HRN'!$B$16:$C$26,2,FALSE)) | O74: =IF(ISBLANK(N74),"",VLOOKUP(N74,'(Linked) PLr Probability Factor'!$B$12:$C$14,2,FALSE)) | P74: B | Q74: =COUNTIF((O73:O77), "B") -> 0 | R74: =Q74 -> 0 | S74: =IF(ISBLANK(K74),"",IF(L74<5,"F1","F2")) | W74: =IF(ISBLANK(V74),"",VLOOKUP(V74,'(Linked) Hazard Risk Number HRN'!$B$16:$C$26,2,FALSE)) | AA74: =IF(ISBLANK(Z74),"",VLOOKUP(Z74,'(Linked) Hazard Risk Number HRN'!$B$16:$C$26,2,FALSE)) | AF74: =IF(ISBLANK(AE74),"",VLOOKUP(AE74,'(Linked) Hazard Risk Number HRN'!$B$16:$C$26,2,FALSE))
L75: =IF(ISBLANK(K75),"",VLOOKUP(K75,'(Linked) Hazard Risk Number HRN'!$D$6:$E$14,2,FALSE)) | M75: =IF(OR(ISBLANK(K73),ISBLANK(K74),ISBLANK(K75),ISBLANK(K76)),"",L73*L74*L75*L76) | O75: =IF(ISBLANK(N75),"",VLOOKUP(N75,'(Linked) PLr Probability Factor'!$B$17:$C$20,2,FALSE)) | P75: A | Q75: =COUNTIF((O73:O77), "A") -> 0 | R75: =Q75 -> 0 | T75: {=IF(OR(ISBLANK(K73),ISBLANK(K74),ISBLANK(N74),ISBLANK(N75),ISBLANK(N76)),"",INDEX(INDEX('(Linked) PLr Probability Factor'!C$33:$F$44,0,4),MATCH(S73&S74&S77,INDEX('(Linked) PLr Probability Factor'!C$33:$F$44,0,1)&INDEX('(Linked) PLr Probability Factor'!C$33:$F$44,0,2)&INDEX('(Linked) PLr Probability Factor'!C$33:$F$44,0,3),0)))} | W75: =IF(ISBLANK(V75),"",VLOOKUP(V75,'(Linked) Hazard Risk Number HRN'!$D$6:$E$14,2,FALSE)) | X75: =IF(OR(ISBLANK(V73),ISBLANK(V74),ISBLANK(V75),ISBLANK(V76)),"",W73*W74*W75*W76) | AA75: =IF(ISBLANK(Z75),"",VLOOKUP(Z75,'(Linked) Hazard Risk Number HRN'!$D$6:$E$14,2,FALSE)) | AB75: =IF(OR(ISBLANK(Z73),ISBLANK(Z74),ISBLANK(Z75),ISBLANK(Z76)),"",AA73*AA74*AA75*AA76) | AF75: =IF(ISBLANK(AE75),"",VLOOKUP(AE75,'(Linked) Hazard Risk Number HRN'!$D$6:$E$14,2,FALSE)) | AG75: =IF(OR(ISBLANK(AE73),ISBLANK(AE74),ISBLANK(AE75),ISBLANK(AE76)),"",AF73*AF74*AF75*AF76)
L76: =IF(ISBLANK(K76),"",VLOOKUP(K76,'(Linked) Hazard Risk Number HRN'!$D$17:$E$22,2,FALSE)) | O76: =IF(ISBLANK(N76),"",VLOOKUP(N76,'(Linked) PLr Probability Factor'!$B$23:$C$26,2,FALSE)) | P76: Total | Q76: =SUM(R73:R75) -> 0 | R76: =Q76 -> 0 | W76: =IF(ISBLANK(V76),"",VLOOKUP(V76,'(Linked) Hazard Risk Number HRN'!$D$17:$E$22,2,FALSE)) | AA76: =IF(ISBLANK(Z76),"",VLOOKUP(Z76,'(Linked) Hazard Risk Number HRN'!$D$17:$E$22,2,FALSE)) | AF76: =IF(ISBLANK(AE76),"",VLOOKUP(AE76,'(Linked) Hazard Risk Number HRN'!$D$17:$E$22,2,FALSE))
O77: =IF(ISBLANK(N77),"",VLOOKUP(N77,'(Linked) PLr Probability Factor'!$B$29:$C$32,2,FALSE)) | S77: =IF(OR(ISBLANK(N74),ISBLANK(N75),ISBLANK(N76)),"",IF(R73>0,"P2",IF(AND(R73=0,R74>2),"P2",IF(AND(R73=0,R74=2),"P2",IF(AND(R73=0,AND(R74<2,R75>1)),"P1"," ")))))
B78: 15 | L78: =IF(ISBLANK(K78),"",VLOOKUP(K78,'(Linked) Hazard Risk Number HRN'!$B$6:$C$13,2,FALSE)) | M78: =IF(M80="","",IF(M80>500,'(Linked) Hazard Risk Number HRN'!$C$37,IF(M80>50,'(Linked) Hazard Risk Number HRN'!$C$36,IF(M80>25,'(Linked) Hazard Risk Number HRN'!$C$35,IF(M80>5,'(Linked) Hazard Risk Number HRN'!$C$34,IF(M80>0,'(Linked) Hazard Risk Number HRN'!$C$33,"")))))) | O78: =IF(ISBLANK(N78),"",VLOOKUP(N78,'(Linked) PLr Probability Factor'!$B$7:$C$8,2,FALSE)) | P78: C | Q78: =COUNTIF((O78:O82), "C") -> 0 | R78: =Q78 -> 0 | S78: =IF(ISBLANK(K78),"",IF(L78<2,"S1","S2")) | W78: =IF(ISBLANK(V78),"",VLOOKUP(V78,'(Linked) Hazard Risk Number HRN'!$B$6:$C$13,2,FALSE)) | X78: =IF(X80="","",IF(X80>500,'(Linked) Hazard Risk Number HRN'!$C$37,IF(X80>50,'(Linked) Hazard Risk Number HRN'!$C$36,IF(X80>25,'(Linked) Hazard Risk Number HRN'!$C$35,IF(X80>5,'(Linked) Hazard Risk Number HRN'!$C$34,IF(X80>0,'(Linked) Hazard Risk Number HRN'!$C$33,"")))))) | AA78: =IF(ISBLANK(Z78),"",VLOOKUP(Z78,'(Linked) Hazard Risk Number HRN'!$B$6:$C$13,2,FALSE)) | AB78: =IF(AB80="","",IF(AB80>500,'(Linked) Hazard Risk Number HRN'!$C$37,IF(AB80>50,'(Linked) Hazard Risk Number HRN'!$C$36,IF(AB80>25,'(Linked) Hazard Risk Number HRN'!$C$35,IF(AB80>5,'(Linked) Hazard Risk Number HRN'!$C$34,IF(AB80>0,'(Linked) Hazard Risk Number HRN'!$C$33,"")))))) | AF78: =IF(ISBLANK(AE78),"",VLOOKUP(AE78,'(Linked) Hazard Risk Number HRN'!$B$6:$C$13,2,FALSE)) | AG78: =IF(AG80="","",IF(AG80>500,'(Linked) Hazard Risk Number HRN'!$C$37,IF(AG80>50,'(Linked) Hazard Risk Number HRN'!$C$36,IF(AG80>25,'(Linked) Hazard Risk Number HRN'!$C$35,IF(AG80>5,'(Linked) Hazard Risk Number HRN'!$C$34,IF(AG80>0,'(Linked) Hazard Risk Number HRN'!$C$33,""))))))
L79: =IF(ISBLANK(K79),"",VLOOKUP(K79,'(Linked) Hazard Risk Number HRN'!$B$16:$C$26,2,FALSE)) | O79: =IF(ISBLANK(N79),"",VLOOKUP(N79,'(Linked) PLr Probability Factor'!$B$12:$C$14,2,FALSE)) | P79: B | Q79: =COUNTIF((O78:O82), "B") -> 0 | R79: =Q79 -> 0 | S79: =IF(ISBLANK(K79),"",IF(L79<5,"F1","F2")) | W79: =IF(ISBLANK(V79),"",VLOOKUP(V79,'(Linked) Hazard Risk Number HRN'!$B$16:$C$26,2,FALSE)) | AA79: =IF(ISBLANK(Z79),"",VLOOKUP(Z79,'(Linked) Hazard Risk Number HRN'!$B$16:$C$26,2,FALSE)) | AF79: =IF(ISBLANK(AE79),"",VLOOKUP(AE79,'(Linked) Hazard Risk Number HRN'!$B$16:$C$26,2,FALSE))
L80: =IF(ISBLANK(K80),"",VLOOKUP(K80,'(Linked) Hazard Risk Number HRN'!$D$6:$E$14,2,FALSE)) | M80: =IF(OR(ISBLANK(K78),ISBLANK(K79),ISBLANK(K80),ISBLANK(K81)),"",L78*L79*L80*L81) | O80: =IF(ISBLANK(N80),"",VLOOKUP(N80,'(Linked) PLr Probability Factor'!$B$17:$C$20,2,FALSE)) | P80: A | Q80: =COUNTIF((O78:O82), "A") -> 0 | R80: =Q80 -> 0 | T80: {=IF(OR(ISBLANK(K78),ISBLANK(K79),ISBLANK(N79),ISBLANK(N80),ISBLANK(N81)),"",INDEX(INDEX('(Linked) PLr Probability Factor'!C$33:$F$44,0,4),MATCH(S78&S79&S82,INDEX('(Linked) PLr Probability Factor'!C$33:$F$44,0,1)&INDEX('(Linked) PLr Probability Factor'!C$33:$F$44,0,2)&INDEX('(Linked) PLr Probability Factor'!C$33:$F$44,0,3),0)))} | W80: =IF(ISBLANK(V80),"",VLOOKUP(V80,'(Linked) Hazard Risk Number HRN'!$D$6:$E$14,2,FALSE)) | X80: =IF(OR(ISBLANK(V78),ISBLANK(V79),ISBLANK(V80),ISBLANK(V81)),"",W78*W79*W80*W81) | AA80: =IF(ISBLANK(Z80),"",VLOOKUP(Z80,'(Linked) Hazard Risk Number HRN'!$D$6:$E$14,2,FALSE)) | AB80: =IF(OR(ISBLANK(Z78),ISBLANK(Z79),ISBLANK(Z80),ISBLANK(Z81)),"",AA78*AA79*AA80*AA81) | AF80: =IF(ISBLANK(AE80),"",VLOOKUP(AE80,'(Linked) Hazard Risk Number HRN'!$D$6:$E$14,2,FALSE)) | AG80: =IF(OR(ISBLANK(AE78),ISBLANK(AE79),ISBLANK(AE80),ISBLANK(AE81)),"",AF78*AF79*AF80*AF81)
L81: =IF(ISBLANK(K81),"",VLOOKUP(K81,'(Linked) Hazard Risk Number HRN'!$D$17:$E$22,2,FALSE)) | O81: =IF(ISBLANK(N81),"",VLOOKUP(N81,'(Linked) PLr Probability Factor'!$B$23:$C$26,2,FALSE)) | P81: Total | Q81: =SUM(R78:R80) -> 0 | R81: =Q81 -> 0 | W81: =IF(ISBLANK(V81),"",VLOOKUP(V81,'(Linked) Hazard Risk Number HRN'!$D$17:$E$22,2,FALSE)) | AA81: =IF(ISBLANK(Z81),"",VLOOKUP(Z81,'(Linked) Hazard Risk Number HRN'!$D$17:$E$22,2,FALSE)) | AF81: =IF(ISBLANK(AE81),"",VLOOKUP(AE81,'(Linked) Hazard Risk Number HRN'!$D$17:$E$22,2,FALSE))
O82: =IF(ISBLANK(N82),"",VLOOKUP(N82,'(Linked) PLr Probability Factor'!$B$29:$C$32,2,FALSE)) | S82: =IF(OR(ISBLANK(N79),ISBLANK(N80),ISBLANK(N81)),"",IF(R78>0,"P2",IF(AND(R78=0,R79>2),"P2",IF(AND(R78=0,R79=2),"P2",IF(AND(R78=0,AND(R79<2,R80>1)),"P1"," ")))))
B83: 16 | L83: =IF(ISBLANK(K83),"",VLOOKUP(K83,'(Linked) Hazard Risk Number HRN'!$B$6:$C$13,2,FALSE)) | M83: =IF(M85="","",IF(M85>500,'(Linked) Hazard Risk Number HRN'!$C$37,IF(M85>50,'(Linked) Hazard Risk Number HRN'!$C$36,IF(M85>25,'(Linked) Hazard Risk Number HRN'!$C$35,IF(M85>5,'(Linked) Hazard Risk Number HRN'!$C$34,IF(M85>0,'(Linked) Hazard Risk Number HRN'!$C$33,"")))))) | O83: =IF(ISBLANK(N83),"",VLOOKUP(N83,'(Linked) PLr Probability Factor'!$B$7:$C$8,2,FALSE)) | P83: C | Q83: =COUNTIF((O83:O87), "C") -> 0 | R83: =Q83 -> 0 | S83: =IF(ISBLANK(K83),"",IF(L83<2,"S1","S2")) | W83: =IF(ISBLANK(V83),"",VLOOKUP(V83,'(Linked) Hazard Risk Number HRN'!$B$6:$C$13,2,FALSE)) | X83: =IF(X85="","",IF(X85>500,'(Linked) Hazard Risk Number HRN'!$C$37,IF(X85>50,'(Linked) Hazard Risk Number HRN'!$C$36,IF(X85>25,'(Linked) Hazard Risk Number HRN'!$C$35,IF(X85>5,'(Linked) Hazard Risk Number HRN'!$C$34,IF(X85>0,'(Linked) Hazard Risk Number HRN'!$C$33,"")))))) | AA83: =IF(ISBLANK(Z83),"",VLOOKUP(Z83,'(Linked) Hazard Risk Number HRN'!$B$6:$C$13,2,FALSE)) | AB83: =IF(AB85="","",IF(AB85>500,'(Linked) Hazard Risk Number HRN'!$C$37,IF(AB85>50,'(Linked) Hazard Risk Number HRN'!$C$36,IF(AB85>25,'(Linked) Hazard Risk Number HRN'!$C$35,IF(AB85>5,'(Linked) Hazard Risk Number HRN'!$C$34,IF(AB85>0,'(Linked) Hazard Risk Number HRN'!$C$33,"")))))) | AF83: =IF(ISBLANK(AE83),"",VLOOKUP(AE83,'(Linked) Hazard Risk Number HRN'!$B$6:$C$13,2,FALSE)) | AG83: =IF(AG85="","",IF(AG85>500,'(Linked) Hazard Risk Number HRN'!$C$37,IF(AG85>50,'(Linked) Hazard Risk Number HRN'!$C$36,IF(AG85>25,'(Linked) Hazard Risk Number HRN'!$C$35,IF(AG85>5,'(Linked) Hazard Risk Number HRN'!$C$34,IF(AG85>0,'(Linked) Hazard Risk Number HRN'!$C$33,""))))))
L84: =IF(ISBLANK(K84),"",VLOOKUP(K84,'(Linked) Hazard Risk Number HRN'!$B$16:$C$26,2,FALSE)) | O84: =IF(ISBLANK(N84),"",VLOOKUP(N84,'(Linked) PLr Probability Factor'!$B$12:$C$14,2,FALSE)) | P84: B | Q84: =COUNTIF((O83:O87), "B") -> 0 | R84: =Q84 -> 0 | S84: =IF(ISBLANK(K84),"",IF(L84<5,"F1","F2")) | W84: =IF(ISBLANK(V84),"",VLOOKUP(V84,'(Linked) Hazard Risk Number HRN'!$B$16:$C$26,2,FALSE)) | AA84: =IF(ISBLANK(Z84),"",VLOOKUP(Z84,'(Linked) Hazard Risk Number HRN'!$B$16:$C$26,2,FALSE)) | AF84: =IF(ISBLANK(AE84),"",VLOOKUP(AE84,'(Linked) Hazard Risk Number HRN'!$B$16:$C$26,2,FALSE))
L85: =IF(ISBLANK(K85),"",VLOOKUP(K85,'(Linked) Hazard Risk Number HRN'!$D$6:$E$14,2,FALSE)) | M85: =IF(OR(ISBLANK(K83),ISBLANK(K84),ISBLANK(K85),ISBLANK(K86)),"",L83*L84*L85*L86) | O85: =IF(ISBLANK(N85),"",VLOOKUP(N85,'(Linked) PLr Probability Factor'!$B$17:$C$20,2,FALSE)) | P85: A | Q85: =COUNTIF((O83:O87), "A") -> 0 | R85: =Q85 -> 0 | T85: {=IF(OR(ISBLANK(K83),ISBLANK(K84),ISBLANK(N84),ISBLANK(N85),ISBLANK(N86)),"",INDEX(INDEX('(Linked) PLr Probability Factor'!C$33:$F$44,0,4),MATCH(S83&S84&S87,INDEX('(Linked) PLr Probability Factor'!C$33:$F$44,0,1)&INDEX('(Linked) PLr Probability Factor'!C$33:$F$44,0,2)&INDEX('(Linked) PLr Probability Factor'!C$33:$F$44,0,3),0)))} | W85: =IF(ISBLANK(V85),"",VLOOKUP(V85,'(Linked) Hazard Risk Number HRN'!$D$6:$E$14,2,FALSE)) | X85: =IF(OR(ISBLANK(V83),ISBLANK(V84),ISBLANK(V85),ISBLANK(V86)),"",W83*W84*W85*W86) | AA85: =IF(ISBLANK(Z85),"",VLOOKUP(Z85,'(Linked) Hazard Risk Number HRN'!$D$6:$E$14,2,FALSE)) | AB85: =IF(OR(ISBLANK(Z83),ISBLANK(Z84),ISBLANK(Z85),ISBLANK(Z86)),"",AA83*AA84*AA85*AA86) | AF85: =IF(ISBLANK(AE85),"",VLOOKUP(AE85,'(Linked) Hazard Risk Number HRN'!$D$6:$E$14,2,FALSE)) | AG85: =IF(OR(ISBLANK(AE83),ISBLANK(AE84),ISBLANK(AE85),ISBLANK(AE86)),"",AF83*AF84*AF85*AF86)
L86: =IF(ISBLANK(K86),"",VLOOKUP(K86,'(Linked) Hazard Risk Number HRN'!$D$17:$E$22,2,FALSE)) | O86: =IF(ISBLANK(N86),"",VLOOKUP(N86,'(Linked) PLr Probability Factor'!$B$23:$C$26,2,FALSE)) | P86: Total | Q86: =SUM(R83:R85) -> 0 | R86: =Q86 -> 0 | W86: =IF(ISBLANK(V86),"",VLOOKUP(V86,'(Linked) Hazard Risk Number HRN'!$D$17:$E$22,2,FALSE)) | AA86: =IF(ISBLANK(Z86),"",VLOOKUP(Z86,'(Linked) Hazard Risk Number HRN'!$D$17:$E$22,2,FALSE)) | AF86: =IF(ISBLANK(AE86),"",VLOOKUP(AE86,'(Linked) Hazard Risk Number HRN'!$D$17:$E$22,2,FALSE))
O87: =IF(ISBLANK(N87),"",VLOOKUP(N87,'(Linked) PLr Probability Factor'!$B$29:$C$32,2,FALSE)) | S87: =IF(OR(ISBLANK(N84),ISBLANK(N85),ISBLANK(N86)),"",IF(R83>0,"P2",IF(AND(R83=0,R84>2),"P2",IF(AND(R83=0,R84=2),"P2",IF(AND(R83=0,AND(R84<2,R85>1)),"P1"," ")))))
B88: 17 | L88: =IF(ISBLANK(K88),"",VLOOKUP(K88,'(Linked) Hazard Risk Number HRN'!$B$6:$C$13,2,FALSE)) | M88: =IF(M90="","",IF(M90>500,'(Linked) Hazard Risk Number HRN'!$C$37,IF(M90>50,'(Linked) Hazard Risk Number HRN'!$C$36,IF(M90>25,'(Linked) Hazard Risk Number HRN'!$C$35,IF(M90>5,'(Linked) Hazard Risk Number HRN'!$C$34,IF(M90>0,'(Linked) Hazard Risk Number HRN'!$C$33,"")))))) | O88: =IF(ISBLANK(N88),"",VLOOKUP(N88,'(Linked) PLr Probability Factor'!$B$7:$C$8,2,FALSE)) | P88: C | Q88: =COUNTIF((O88:O92), "C") -> 0 | R88: =Q88 -> 0 | S88: =IF(ISBLANK(K88),"",IF(L88<2,"S1","S2")) | W88: =IF(ISBLANK(V88),"",VLOOKUP(V88,'(Linked) Hazard Risk Number HRN'!$B$6:$C$13,2,FALSE)) | X88: =IF(X90="","",IF(X90>500,'(Linked) Hazard Risk Number HRN'!$C$37,IF(X90>50,'(Linked) Hazard Risk Number HRN'!$C$36,IF(X90>25,'(Linked) Hazard Risk Number HRN'!$C$35,IF(X90>5,'(Linked) Hazard Risk Number HRN'!$C$34,IF(X90>0,'(Linked) Hazard Risk Number HRN'!$C$33,"")))))) | AA88: =IF(ISBLANK(Z88),"",VLOOKUP(Z88,'(Linked) Hazard Risk Number HRN'!$B$6:$C$13,2,FALSE)) | AB88: =IF(AB90="","",IF(AB90>500,'(Linked) Hazard Risk Number HRN'!$C$37,IF(AB90>50,'(Linked) Hazard Risk Number HRN'!$C$36,IF(AB90>25,'(Linked) Hazard Risk Number HRN'!$C$35,IF(AB90>5,'(Linked) Hazard Risk Number HRN'!$C$34,IF(AB90>0,'(Linked) Hazard Risk Number HRN'!$C$33,"")))))) | AF88: =IF(ISBLANK(AE88),"",VLOOKUP(AE88,'(Linked) Hazard Risk Number HRN'!$B$6:$C$13,2,FALSE)) | AG88: =IF(AG90="","",IF(AG90>500,'(Linked) Hazard Risk Number HRN'!$C$37,IF(AG90>50,'(Linked) Hazard Risk Number HRN'!$C$36,IF(AG90>25,'(Linked) Hazard Risk Number HRN'!$C$35,IF(AG90>5,'(Linked) Hazard Risk Number HRN'!$C$34,IF(AG90>0,'(Linked) Hazard Risk Number HRN'!$C$33,""))))))
L89: =IF(ISBLANK(K89),"",VLOOKUP(K89,'(Linked) Hazard Risk Number HRN'!$B$16:$C$26,2,FALSE)) | O89: =IF(ISBLANK(N89),"",VLOOKUP(N89,'(Linked) PLr Probability Factor'!$B$12:$C$14,2,FALSE)) | P89: B | Q89: =COUNTIF((O88:O92), "B") -> 0 | R89: =Q89 -> 0 | S89: =IF(ISBLANK(K89),"",IF(L89<5,"F1","F2")) | W89: =IF(ISBLANK(V89),"",VLOOKUP(V89,'(Linked) Hazard Risk Number HRN'!$B$16:$C$26,2,FALSE)) | AA89: =IF(ISBLANK(Z89),"",VLOOKUP(Z89,'(Linked) Hazard Risk Number HRN'!$B$16:$C$26,2,FALSE)) | AF89: =IF(ISBLANK(AE89),"",VLOOKUP(AE89,'(Linked) Hazard Risk Number HRN'!$B$16:$C$26,2,FALSE))
L90: =IF(ISBLANK(K90),"",VLOOKUP(K90,'(Linked) Hazard Risk Number HRN'!$D$6:$E$14,2,FALSE)) | M90: =IF(OR(ISBLANK(K88),ISBLANK(K89),ISBLANK(K90),ISBLANK(K91)),"",L88*L89*L90*L91) | O90: =IF(ISBLANK(N90),"",VLOOKUP(N90,'(Linked) PLr Probability Factor'!$B$17:$C$20,2,FALSE)) | P90: A | Q90: =COUNTIF((O88:O92), "A") -> 0 | R90: =Q90 -> 0 | T90: {=IF(OR(ISBLANK(K88),ISBLANK(K89),ISBLANK(N89),ISBLANK(N90),ISBLANK(N91)),"",INDEX(INDEX('(Linked) PLr Probability Factor'!C$33:$F$44,0,4),MATCH(S88&S89&S92,INDEX('(Linked) PLr Probability Factor'!C$33:$F$44,0,1)&INDEX('(Linked) PLr Probability Factor'!C$33:$F$44,0,2)&INDEX('(Linked) PLr Probability Factor'!C$33:$F$44,0,3),0)))} | W90: =IF(ISBLANK(V90),"",VLOOKUP(V90,'(Linked) Hazard Risk Number HRN'!$D$6:$E$14,2,FALSE)) | X90: =IF(OR(ISBLANK(V88),ISBLANK(V89),ISBLANK(V90),ISBLANK(V91)),"",W88*W89*W90*W91) | AA90: =IF(ISBLANK(Z90),"",VLOOKUP(Z90,'(Linked) Hazard Risk Number HRN'!$D$6:$E$14,2,FALSE)) | AB90: =IF(OR(ISBLANK(Z88),ISBLANK(Z89),ISBLANK(Z90),ISBLANK(Z91)),"",AA88*AA89*AA90*AA91) | AF90: =IF(ISBLANK(AE90),"",VLOOKUP(AE90,'(Linked) Hazard Risk Number HRN'!$D$6:$E$14,2,FALSE)) | AG90: =IF(OR(ISBLANK(AE88),ISBLANK(AE89),ISBLANK(AE90),ISBLANK(AE91)),"",AF88*AF89*AF90*AF91)
L91: =IF(ISBLANK(K91),"",VLOOKUP(K91,'(Linked) Hazard Risk Number HRN'!$D$17:$E$22,2,FALSE)) | O91: =IF(ISBLANK(N91),"",VLOOKUP(N91,'(Linked) PLr Probability Factor'!$B$23:$C$26,2,FALSE)) | P91: Total | Q91: =SUM(R88:R90) -> 0 | R91: =Q91 -> 0 | W91: =IF(ISBLANK(V91),"",VLOOKUP(V91,'(Linked) Hazard Risk Number HRN'!$D$17:$E$22,2,FALSE)) | AA91: =IF(ISBLANK(Z91),"",VLOOKUP(Z91,'(Linked) Hazard Risk Number HRN'!$D$17:$E$22,2,FALSE)) | AF91: =IF(ISBLANK(AE91),"",VLOOKUP(AE91,'(Linked) Hazard Risk Number HRN'!$D$17:$E$22,2,FALSE))
O92: =IF(ISBLANK(N92),"",VLOOKUP(N92,'(Linked) PLr Probability Factor'!$B$29:$C$32,2,FALSE)) | S92: =IF(OR(ISBLANK(N89),ISBLANK(N90),ISBLANK(N91)),"",IF(R88>0,"P2",IF(AND(R88=0,R89>2),"P2",IF(AND(R88=0,R89=2),"P2",IF(AND(R88=0,AND(R89<2,R90>1)),"P1"," ")))))
B93: 18 | L93: =IF(ISBLANK(K93),"",VLOOKUP(K93,'(Linked) Hazard Risk Number HRN'!$B$6:$C$13,2,FALSE)) | M93: =IF(M95="","",IF(M95>500,'(Linked) Hazard Risk Number HRN'!$C$37,IF(M95>50,'(Linked) Hazard Risk Number HRN'!$C$36,IF(M95>25,'(Linked) Hazard Risk Number HRN'!$C$35,IF(M95>5,'(Linked) Hazard Risk Number HRN'!$C$34,IF(M95>0,'(Linked) Hazard Risk Number HRN'!$C$33,"")))))) | O93: =IF(ISBLANK(N93),"",VLOOKUP(N93,'(Linked) PLr Probability Factor'!$B$7:$C$8,2,FALSE)) | P93: C | Q93: =COUNTIF((O93:O97), "C") -> 0 | R93: =Q93 -> 0 | S93: =IF(ISBLANK(K93),"",IF(L93<2,"S1","S2")) | W93: =IF(ISBLANK(V93),"",VLOOKUP(V93,'(Linked) Hazard Risk Number HRN'!$B$6:$C$13,2,FALSE)) | X93: =IF(X95="","",IF(X95>500,'(Linked) Hazard Risk Number HRN'!$C$37,IF(X95>50,'(Linked) Hazard Risk Number HRN'!$C$36,IF(X95>25,'(Linked) Hazard Risk Number HRN'!$C$35,IF(X95>5,'(Linked) Hazard Risk Number HRN'!$C$34,IF(X95>0,'(Linked) Hazard Risk Number HRN'!$C$33,"")))))) | AA93: =IF(ISBLANK(Z93),"",VLOOKUP(Z93,'(Linked) Hazard Risk Number HRN'!$B$6:$C$13,2,FALSE)) | AB93: =IF(AB95="","",IF(AB95>500,'(Linked) Hazard Risk Number HRN'!$C$37,IF(AB95>50,'(Linked) Hazard Risk Number HRN'!$C$36,IF(AB95>25,'(Linked) Hazard Risk Number HRN'!$C$35,IF(AB95>5,'(Linked) Hazard Risk Number HRN'!$C$34,IF(AB95>0,'(Linked) Hazard Risk Number HRN'!$C$33,"")))))) | AF93: =IF(ISBLANK(AE93),"",VLOOKUP(AE93,'(Linked) Hazard Risk Number HRN'!$B$6:$C$13,2,FALSE)) | AG93: =IF(AG95="","",IF(AG95>500,'(Linked) Hazard Risk Number HRN'!$C$37,IF(AG95>50,'(Linked) Hazard Risk Number HRN'!$C$36,IF(AG95>25,'(Linked) Hazard Risk Number HRN'!$C$35,IF(AG95>5,'(Linked) Hazard Risk Number HRN'!$C$34,IF(AG95>0,'(Linked) Hazard Risk Number HRN'!$C$33,""))))))
L94: =IF(ISBLANK(K94),"",VLOOKUP(K94,'(Linked) Hazard Risk Number HRN'!$B$16:$C$26,2,FALSE)) | O94: =IF(ISBLANK(N94),"",VLOOKUP(N94,'(Linked) PLr Probability Factor'!$B$12:$C$14,2,FALSE)) | P94: B | Q94: =COUNTIF((O93:O97), "B") -> 0 | R94: =Q94 -> 0 | S94: =IF(ISBLANK(K94),"",IF(L94<5,"F1","F2")) | W94: =IF(ISBLANK(V94),"",VLOOKUP(V94,'(Linked) Hazard Risk Number HRN'!$B$16:$C$26,2,FALSE)) | AA94: =IF(ISBLANK(Z94),"",VLOOKUP(Z94,'(Linked) Hazard Risk Number HRN'!$B$16:$C$26,2,FALSE)) | AF94: =IF(ISBLANK(AE94),"",VLOOKUP(AE94,'(Linked) Hazard Risk Number HRN'!$B$16:$C$26,2,FALSE))
L95: =IF(ISBLANK(K95),"",VLOOKUP(K95,'(Linked) Hazard Risk Number HRN'!$D$6:$E$14,2,FALSE)) | M95: =IF(OR(ISBLANK(K93),ISBLANK(K94),ISBLANK(K95),ISBLANK(K96)),"",L93*L94*L95*L96) | O95: =IF(ISBLANK(N95),"",VLOOKUP(N95,'(Linked) PLr Probability Factor'!$B$17:$C$20,2,FALSE)) | P95: A | Q95: =COUNTIF((O93:O97), "A") -> 0 | R95: =Q95 -> 0 | T95: {=IF(OR(ISBLANK(K93),ISBLANK(K94),ISBLANK(N94),ISBLANK(N95),ISBLANK(N96)),"",INDEX(INDEX('(Linked) PLr Probability Factor'!C$33:$F$44,0,4),MATCH(S93&S94&S97,INDEX('(Linked) PLr Probability Factor'!C$33:$F$44,0,1)&INDEX('(Linked) PLr Probability Factor'!C$33:$F$44,0,2)&INDEX('(Linked) PLr Probability Factor'!C$33:$F$44,0,3),0)))} | W95: =IF(ISBLANK(V95),"",VLOOKUP(V95,'(Linked) Hazard Risk Number HRN'!$D$6:$E$14,2,FALSE)) | X95: =IF(OR(ISBLANK(V93),ISBLANK(V94),ISBLANK(V95),ISBLANK(V96)),"",W93*W94*W95*W96) | AA95: =IF(ISBLANK(Z95),"",VLOOKUP(Z95,'(Linked) Hazard Risk Number HRN'!$D$6:$E$14,2,FALSE)) | AB95: =IF(OR(ISBLANK(Z93),ISBLANK(Z94),ISBLANK(Z95),ISBLANK(Z96)),"",AA93*AA94*AA95*AA96) | AF95: =IF(ISBLANK(AE95),"",VLOOKUP(AE95,'(Linked) Hazard Risk Number HRN'!$D$6:$E$14,2,FALSE)) | AG95: =IF(OR(ISBLANK(AE93),ISBLANK(AE94),ISBLANK(AE95),ISBLANK(AE96)),"",AF93*AF94*AF95*AF96)
L96: =IF(ISBLANK(K96),"",VLOOKUP(K96,'(Linked) Hazard Risk Number HRN'!$D$17:$E$22,2,FALSE)) | O96: =IF(ISBLANK(N96),"",VLOOKUP(N96,'(Linked) PLr Probability Factor'!$B$23:$C$26,2,FALSE)) | P96: Total | Q96: =SUM(R93:R95) -> 0 | R96: =Q96 -> 0 | W96: =IF(ISBLANK(V96),"",VLOOKUP(V96,'(Linked) Hazard Risk Number HRN'!$D$17:$E$22,2,FALSE)) | AA96: =IF(ISBLANK(Z96),"",VLOOKUP(Z96,'(Linked) Hazard Risk Number HRN'!$D$17:$E$22,2,FALSE)) | AF96: =IF(ISBLANK(AE96),"",VLOOKUP(AE96,'(Linked) Hazard Risk Number HRN'!$D$17:$E$22,2,FALSE))
O97: =IF(ISBLANK(N97),"",VLOOKUP(N97,'(Linked) PLr Probability Factor'!$B$29:$C$32,2,FALSE)) | S97: =IF(OR(ISBLANK(N94),ISBLANK(N95),ISBLANK(N96)),"",IF(R93>0,"P2",IF(AND(R93=0,R94>2),"P2",IF(AND(R93=0,R94=2),"P2",IF(AND(R93=0,AND(R94<2,R95>1)),"P1"," ")))))
B98: 19 | L98: =IF(ISBLANK(K98),"",VLOOKUP(K98,'(Linked) Hazard Risk Number HRN'!$B$6:$C$13,2,FALSE)) | M98: =IF(M100="","",IF(M100>500,'(Linked) Hazard Risk Number HRN'!$C$37,IF(M100>50,'(Linked) Hazard Risk Number HRN'!$C$36,IF(M100>25,'(Linked) Hazard Risk Number HRN'!$C$35,IF(M100>5,'(Linked) Hazard Risk Number HRN'!$C$34,IF(M100>0,'(Linked) Hazard Risk Number HRN'!$C$33,"")))))) | O98: =IF(ISBLANK(N98),"",VLOOKUP(N98,'(Linked) PLr Probability Factor'!$B$7:$C$8,2,FALSE)) | P98: C | Q98: =COUNTIF((O98:O102), "C") -> 0 | R98: =Q98 -> 0 | S98: =IF(ISBLANK(K98),"",IF(L98<2,"S1","S2")) | W98: =IF(ISBLANK(V98),"",VLOOKUP(V98,'(Linked) Hazard Risk Number HRN'!$B$6:$C$13,2,FALSE)) | X98: =IF(X100="","",IF(X100>500,'(Linked) Hazard Risk Number HRN'!$C$37,IF(X100>50,'(Linked) Hazard Risk Number HRN'!$C$36,IF(X100>25,'(Linked) Hazard Risk Number HRN'!$C$35,IF(X100>5,'(Linked) Hazard Risk Number HRN'!$C$34,IF(X100>0,'(Linked) Hazard Risk Number HRN'!$C$33,"")))))) | AA98: =IF(ISBLANK(Z98),"",VLOOKUP(Z98,'(Linked) Hazard Risk Number HRN'!$B$6:$C$13,2,FALSE)) | AB98: =IF(AB100="","",IF(AB100>500,'(Linked) Hazard Risk Number HRN'!$C$37,IF(AB100>50,'(Linked) Hazard Risk Number HRN'!$C$36,IF(AB100>25,'(Linked) Hazard Risk Number HRN'!$C$35,IF(AB100>5,'(Linked) Hazard Risk Number HRN'!$C$34,IF(AB100>0,'(Linked) Hazard Risk Number HRN'!$C$33,"")))))) | AF98: =IF(ISBLANK(AE98),"",VLOOKUP(AE98,'(Linked) Hazard Risk Number HRN'!$B$6:$C$13,2,FALSE)) | AG98: =IF(AG100="","",IF(AG100>500,'(Linked) Hazard Risk Number HRN'!$C$37,IF(AG100>50,'(Linked) Hazard Risk Number HRN'!$C$36,IF(AG100>25,'(Linked) Hazard Risk Number HRN'!$C$35,IF(AG100>5,'(Linked) Hazard Risk Number HRN'!$C$34,IF(AG100>0,'(Linked) Hazard Risk Number HRN'!$C$33,""))))))
L99: =IF(ISBLANK(K99),"",VLOOKUP(K99,'(Linked) Hazard Risk Number HRN'!$B$16:$C$26,2,FALSE)) | O99: =IF(ISBLANK(N99),"",VLOOKUP(N99,'(Linked) PLr Probability Factor'!$B$12:$C$14,2,FALSE)) | P99: B | Q99: =COUNTIF((O98:O102), "B") -> 0 | R99: =Q99 -> 0 | S99: =IF(ISBLANK(K99),"",IF(L99<5,"F1","F2")) | W99: =IF(ISBLANK(V99),"",VLOOKUP(V99,'(Linked) Hazard Risk Number HRN'!$B$16:$C$26,2,FALSE)) | AA99: =IF(ISBLANK(Z99),"",VLOOKUP(Z99,'(Linked) Hazard Risk Number HRN'!$B$16:$C$26,2,FALSE)) | AF99: =IF(ISBLANK(AE99),"",VLOOKUP(AE99,'(Linked) Hazard Risk Number HRN'!$B$16:$C$26,2,FALSE))
L100: =IF(ISBLANK(K100),"",VLOOKUP(K100,'(Linked) Hazard Risk Number HRN'!$D$6:$E$14,2,FALSE)) | M100: =IF(OR(ISBLANK(K98),ISBLANK(K99),ISBLANK(K100),ISBLANK(K101)),"",L98*L99*L100*L101) | O100: =IF(ISBLANK(N100),"",VLOOKUP(N100,'(Linked) PLr Probability Factor'!$B$17:$C$20,2,FALSE)) | P100: A | Q100: =COUNTIF((O98:O102), "A") -> 0 | R100: =Q100 -> 0 | T100: {=IF(OR(ISBLANK(K98),ISBLANK(K99),ISBLANK(N99),ISBLANK(N100),ISBLANK(N101)),"",INDEX(INDEX('(Linked) PLr Probability Factor'!C$33:$F$44,0,4),MATCH(S98&S99&S102,INDEX('(Linked) PLr Probability Factor'!C$33:$F$44,0,1)&INDEX('(Linked) PLr Probability Factor'!C$33:$F$44,0,2)&INDEX('(Linked) PLr Probability Factor'!C$33:$F$44,0,3),0)))} | W100: =IF(ISBLANK(V100),"",VLOOKUP(V100,'(Linked) Hazard Risk Number HRN'!$D$6:$E$14,2,FALSE)) | X100: =IF(OR(ISBLANK(V98),ISBLANK(V99),ISBLANK(V100),ISBLANK(V101)),"",W98*W99*W100*W101) | AA100: =IF(ISBLANK(Z100),"",VLOOKUP(Z100,'(Linked) Hazard Risk Number HRN'!$D$6:$E$14,2,FALSE)) | AB100: =IF(OR(ISBLANK(Z98),ISBLANK(Z99),ISBLANK(Z100),ISBLANK(Z101)),"",AA98*AA99*AA100*AA101) | AF100: =IF(ISBLANK(AE100),"",VLOOKUP(AE100,'(Linked) Hazard Risk Number HRN'!$D$6:$E$14,2,FALSE)) | AG100: =IF(OR(ISBLANK(AE98),ISBLANK(AE99),ISBLANK(AE100),ISBLANK(AE101)),"",AF98*AF99*AF100*AF101)
L101: =IF(ISBLANK(K101),"",VLOOKUP(K101,'(Linked) Hazard Risk Number HRN'!$D$17:$E$22,2,FALSE)) | O101: =IF(ISBLANK(N101),"",VLOOKUP(N101,'(Linked) PLr Probability Factor'!$B$23:$C$26,2,FALSE)) | P101: Total | Q101: =SUM(R98:R100) -> 0 | R101: =Q101 -> 0 | W101: =IF(ISBLANK(V101),"",VLOOKUP(V101,'(Linked) Hazard Risk Number HRN'!$D$17:$E$22,2,FALSE)) | AA101: =IF(ISBLANK(Z101),"",VLOOKUP(Z101,'(Linked) Hazard Risk Number HRN'!$D$17:$E$22,2,FALSE)) | AF101: =IF(ISBLANK(AE101),"",VLOOKUP(AE101,'(Linked) Hazard Risk Number HRN'!$D$17:$E$22,2,FALSE))
O102: =IF(ISBLANK(N102),"",VLOOKUP(N102,'(Linked) PLr Probability Factor'!$B$29:$C$32,2,FALSE)) | S102: =IF(OR(ISBLANK(N99),ISBLANK(N100),ISBLANK(N101)),"",IF(R98>0,"P2",IF(AND(R98=0,R99>2),"P2",IF(AND(R98=0,R99=2),"P2",IF(AND(R98=0,AND(R99<2,R100>1)),"P1"," ")))))
...

Sheet ActionLog
A1: REEVALUACIÓN CON LAS SALVAGUARDAS EXISTENTES | G1: CONTROLES PROPUESTOS PARA REDUCIR EL RIESGO A UN NIVEL ACEPTABLE | H1: ELEMENTOS DE ACCIÓN
A2: HAZARD # | B2: Condition of Use (TASK) | C2: Hazard(s) / Failure Mode | D2: Mitigación actual | E2: HRN actual | F2: Nivel de riesgo actual | G2: Mitigación propuesta | H2: Comentarios, plan de acción, actualizaciones. | I2: Propietario de la tarea | J2: Fecha objetivo | K2: Fecha real | L2: Estado
A3: =IF(ISBLANK('MRA Full Assessment'!B8),"",'MRA Full Assessment'!B8) -> 1 | B3: =IF(ISBLANK('MRA Full Assessment'!C8),"",'MRA Full Assessment'!C8) | C3: =IF(ISBLANK('MRA Full Assessment'!D8),"",'MRA Full Assessment'!D8) | D3: =IF(ISBLANK('MRA Full Assessment'!E8),"",'MRA Full Assessment'!E8) | E3: =IF(ISBLANK('MRA Full Assessment'!F8),"",'MRA Full Assessment'!F8) | F3: =IF(ISBLANK('MRA Full Assessment'!G8),"",'MRA Full Assessment'!G8) | G3: =IF(ISBLANK('MRA Full Assessment'!H8),"",'MRA Full Assessment'!H8) | H3: =IF(ISBLANK('MRA Full Assessment'!I8),"",'MRA Full Assessment'!I8) | ... L3: =IF(ISBLANK('MRA Full Assessment'!M8),"",'MRA Full Assessment'!M8)
A4: =IF(ISBLANK('MRA Full Assessment'!B13),"",'MRA Full Assessment'!B13) -> 2 | B4: =IF(ISBLANK('MRA Full Assessment'!C9),"",'MRA Full Assessment'!C9) | C4: =IF(ISBLANK('MRA Full Assessment'!D9),"",'MRA Full Assessment'!D9) | D4: =IF(ISBLANK('MRA Full Assessment'!E9),"",'MRA Full Assessment'!E9) | E4: =IF(ISBLANK('MRA Full Assessment'!F9),"",'MRA Full Assessment'!F9) | F4: =IF(ISBLANK('MRA Full Assessment'!G9),"",'MRA Full Assessment'!G9) | G4: =IF(ISBLANK('MRA Full Assessment'!H9),"",'MRA Full Assessment'!H9) | H4: =IF(ISBLANK('MRA Full Assessment'!I9),"",'MRA Full Assessment'!I9) | I4: =IF(ISBLANK('MRA Full Assessment'!J9),"",'MRA Full Assessment'!J9) | ... L4: =IF(ISBLANK('MRA Full Assessment'!M9),"",'MRA Full Assessment'!M9)
A5: =IF(ISBLANK('MRA Full Assessment'!B18),"",'MRA Full Assessment'!B18) -> 3 | B5: =IF(ISBLANK('MRA Full Assessment'!C10),"",'MRA Full Assessment'!C10) | C5: =IF(ISBLANK('MRA Full Assessment'!D10),"",'MRA Full Assessment'!D10) | D5: =IF(ISBLANK('MRA Full Assessment'!E10),"",'MRA Full Assessment'!E10) | E5: =IF(ISBLANK('MRA Full Assessment'!F10),"",'MRA Full Assessment'!F10) | F5: =IF(ISBLANK('MRA Full Assessment'!G10),"",'MRA Full Assessment'!G10) | G5: =IF(ISBLANK('MRA Full Assessment'!H10),"",'MRA Full Assessment'!H10) | H5: =IF(ISBLANK('MRA Full Assessment'!I10),"",'MRA Full Assessment'!I10) | I5: =IF(ISBLANK('MRA Full Assessment'!J10),"",'MRA Full Assessment'!J10) | ... L5: =IF(ISBLANK('MRA Full Assessment'!M10),"",'MRA Full Assessment'!M10)
A6: =IF(ISBLANK('MRA Full Assessment'!B23),"",'MRA Full Assessment'!B23) -> 4 | B6: =IF(ISBLANK('MRA Full Assessment'!C11),"",'MRA Full Assessment'!C11) | C6: =IF(ISBLANK('MRA Full Assessment'!D11),"",'MRA Full Assessment'!D11) | D6: =IF(ISBLANK('MRA Full Assessment'!E11),"",'MRA Full Assessment'!E11) | E6: =IF(ISBLANK('MRA Full Assessment'!F11),"",'MRA Full Assessment'!F11) | F6: =IF(ISBLANK('MRA Full Assessment'!G11),"",'MRA Full Assessment'!G11) | G6: =IF(ISBLANK('MRA Full Assessment'!H11),"",'MRA Full Assessment'!H11) | H6: =IF(ISBLANK('MRA Full Assessment'!I11),"",'MRA Full Assessment'!I11) | I6: =IF(ISBLANK('MRA Full Assessment'!J11),"",'MRA Full Assessment'!J11) | ... L6: =IF(ISBLANK('MRA Full Assessment'!M11),"",'MRA Full Assessment'!M11)
A7: =IF(ISBLANK('MRA Full Assessment'!B28),"",'MRA Full Assessment'!B28) -> 5 | B7: =IF(ISBLANK('MRA Full Assessment'!C12),"",'MRA Full Assessment'!C12) | C7: =IF(ISBLANK('MRA Full Assessment'!D12),"",'MRA Full Assessment'!D12) | D7: =IF(ISBLANK('MRA Full Assessment'!E12),"",'MRA Full Assessment'!E12) | E7: =IF(ISBLANK('MRA Full Assessment'!F12),"",'MRA Full Assessment'!F12) | F7: =IF(ISBLANK('MRA Full Assessment'!G12),"",'MRA Full Assessment'!G12) | G7: =IF(ISBLANK('MRA Full Assessment'!H12),"",'MRA Full Assessment'!H12) | H7: =IF(ISBLANK('MRA Full Assessment'!I12),"",'MRA Full Assessment'!I12) | I7: =IF(ISBLANK('MRA Full Assessment'!J12),"",'MRA Full Assessment'!J12) | ... L7: =IF(ISBLANK('MRA Full Assessment'!M12),"",'MRA Full Assessment'!M12)
A8: =IF(ISBLANK('MRA Full Assessment'!B33),"",'MRA Full Assessment'!B33) -> 6 | B8: =IF(ISBLANK('MRA Full Assessment'!C13),"",'MRA Full Assessment'!C13) | C8: =IF(ISBLANK('MRA Full Assessment'!D13),"",'MRA Full Assessment'!D13) | D8: =IF(ISBLANK('MRA Full Assessment'!E13),"",'MRA Full Assessment'!E13) | E8: =IF(ISBLANK('MRA Full Assessment'!F13),"",'MRA Full Assessment'!F13) | F8: =IF(ISBLANK('MRA Full Assessment'!G13),"",'MRA Full Assessment'!G13) | G8: =IF(ISBLANK('MRA Full Assessment'!H13),"",'MRA Full Assessment'!H13) | H8: =IF(ISBLANK('MRA Full Assessment'!I13),"",'MRA Full Assessment'!I13) | I8: =IF(ISBLANK('MRA Full Assessment'!J13),"",'MRA Full Assessment'!J13) | ... L8: =IF(ISBLANK('MRA Full Assessment'!M13),"",'MRA Full Assessment'!M13)
A9: =IF(ISBLANK('MRA Full Assessment'!B38),"",'MRA Full Assessment'!B38) -> 7 | B9: =IF(ISBLANK('MRA Full Assessment'!C14),"",'MRA Full Assessment'!C14) | C9: =IF(ISBLANK('MRA Full Assessment'!D14),"",'MRA Full Assessment'!D14) | D9: =IF(ISBLANK('MRA Full Assessment'!E14),"",'MRA Full Assessment'!E14) | E9: =IF(ISBLANK('MRA Full Assessment'!F14),"",'MRA Full Assessment'!F14) | F9: =IF(ISBLANK('MRA Full Assessment'!G14),"",'MRA Full Assessment'!G14) | G9: =IF(ISBLANK('MRA Full Assessment'!H14),"",'MRA Full Assessment'!H14) | H9: =IF(ISBLANK('MRA Full Assessment'!I14),"",'MRA Full Assessment'!I14) | I9: =IF(ISBLANK('MRA Full Assessment'!J14),"",'MRA Full Assessment'!J14) | ... L9: =IF(ISBLANK('MRA Full Assessment'!M14),"",'MRA Full Assessment'!M14)
A10: =IF(ISBLANK('MRA Full Assessment'!B43),"",'MRA Full Assessment'!B43) -> 8 | B10: =IF(ISBLANK('MRA Full Assessment'!C15),"",'MRA Full Assessment'!C15) | C10: =IF(ISBLANK('MRA Full Assessment'!D15),"",'MRA Full Assessment'!D15) | D10: =IF(ISBLANK('MRA Full Assessment'!E15),"",'MRA Full Assessment'!E15) | E10: =IF(ISBLANK('MRA Full Assessment'!F15),"",'MRA Full Assessment'!F15) | F10: =IF(ISBLANK('MRA Full Assessment'!G15),"",'MRA Full Assessment'!G15) | G10: =IF(ISBLANK('MRA Full Assessment'!H15),"",'MRA Full Assessment'!H15) | H10: =IF(ISBLANK('MRA Full Assessment'!I15),"",'MRA Full Assessment'!I15) | I10: =IF(ISBLANK('MRA Full Assessment'!J15),"",'MRA Full Assessment'!J15) | ... L10: =IF(ISBLANK('MRA Full Assessment'!M15),"",'MRA Full Assessment'!M15)
A11: =IF(ISBLANK('MRA Full Assessment'!B48),"",'MRA Full Assessment'!B48) -> 9 | B11: =IF(ISBLANK('MRA Full Assessment'!C16),"",'MRA Full Assessment'!C16) | C11: =IF(ISBLANK('MRA Full Assessment'!D16),"",'MRA Full Assessment'!D16) | D11: =IF(ISBLANK('MRA Full Assessment'!E16),"",'MRA Full Assessment'!E16) | E11: =IF(ISBLANK('MRA Full Assessment'!F16),"",'MRA Full Assessment'!F16) | F11: =IF(ISBLANK('MRA Full Assessment'!G16),"",'MRA Full Assessment'!G16) | G11: =IF(ISBLANK('MRA Full Assessment'!H16),"",'MRA Full Assessment'!H16) | H11: =IF(ISBLANK('MRA Full Assessment'!I16),"",'MRA Full Assessment'!I16) | I11: =IF(ISBLANK('MRA Full Assessment'!J16),"",'MRA Full Assessment'!J16) | ... L11: =IF(ISBLANK('MRA Full Assessment'!M16),"",'MRA Full Assessment'!M16)
A12: =IF(ISBLANK('MRA Full Assessment'!B53),"",'MRA Full Assessment'!B53) -> 10 | B12: =IF(ISBLANK('MRA Full Assessment'!C17),"",'MRA Full Assessment'!C17) | C12: =IF(ISBLANK('MRA Full Assessment'!D17),"",'MRA Full Assessment'!D17) | D12: =IF(ISBLANK('MRA Full Assessment'!E17),"",'MRA Full Assessment'!E17) | E12: =IF(ISBLANK('MRA Full Assessment'!F17),"",'MRA Full Assessment'!F17) | F12: =IF(ISBLANK('MRA Full Assessment'!G17),"",'MRA Full Assessment'!G17) | G12: =IF(ISBLANK('MRA Full Assessment'!H17),"",'MRA Full Assessment'!H17) | H12: =IF(ISBLANK('MRA Full Assessment'!I17),"",'MRA Full Assessment'!I17) | I12: =IF(ISBLANK('MRA Full Assessment'!J17),"",'MRA Full Assessment'!J17) | ... L12: =IF(ISBLANK('MRA Full Assessment'!M17),"",'MRA Full Assessment'!M17)
A13: =IF(ISBLANK('MRA Full Assessment'!B58),"",'MRA Full Assessment'!B58) -> 11 | B13: =IF(ISBLANK('MRA Full Assessment'!C18),"",'MRA Full Assessment'!C18) | C13: =IF(ISBLANK('MRA Full Assessment'!D18),"",'MRA Full Assessment'!D18) | D13: =IF(ISBLANK('MRA Full Assessment'!E18),"",'MRA Full Assessment'!E18) | E13: =IF(ISBLANK('MRA Full Assessment'!F18),"",'MRA Full Assessment'!F18) | F13: =IF(ISBLANK('MRA Full Assessment'!G18),"",'MRA Full Assessment'!G18) | G13: =IF(ISBLANK('MRA Full Assessment'!H18),"",'MRA Full Assessment'!H18) | H13: =IF(ISBLANK('MRA Full Assessment'!I18),"",'MRA Full Assessment'!I18) | I13: =IF(ISBLANK('MRA Full Assessment'!J18),"",'MRA Full Assessment'!J18) | ... L13: =IF(ISBLANK('MRA Full Assessment'!M18),"",'MRA Full Assessment'!M18)
A14: =IF(ISBLANK('MRA Full Assessment'!B63),"",'MRA Full Assessment'!B63) -> 12 | B14: =IF(ISBLANK('MRA Full Assessment'!C19),"",'MRA Full Assessment'!C19) | C14: =IF(ISBLANK('MRA Full Assessment'!D19),"",'MRA Full Assessment'!D19) | D14: =IF(ISBLANK('MRA Full Assessment'!E19),"",'MRA Full Assessment'!E19) | E14: =IF(ISBLANK('MRA Full Assessment'!F19),"",'MRA Full Assessment'!F19) | F14: =IF(ISBLANK('MRA Full Assessment'!G19),"",'MRA Full Assessment'!G19) | G14: =IF(ISBLANK('MRA Full Assessment'!H19),"",'MRA Full Assessment'!H19) | H14: =IF(ISBLANK('MRA Full Assessment'!I19),"",'MRA Full Assessment'!I19) | I14: =IF(ISBLANK('MRA Full Assessment'!J19),"",'MRA Full Assessment'!J19) | ... L14: =IF(ISBLANK('MRA Full Assessment'!M19),"",'MRA Full Assessment'!M19)
A15: =IF(ISBLANK('MRA Full Assessment'!B68),"",'MRA Full Assessment'!B68) -> 13 | B15: =IF(ISBLANK('MRA Full Assessment'!C20),"",'MRA Full Assessment'!C20) | C15: =IF(ISBLANK('MRA Full Assessment'!D20),"",'MRA Full Assessment'!D20) | D15: =IF(ISBLANK('MRA Full Assessment'!E20),"",'MRA Full Assessment'!E20) | E15: =IF(ISBLANK('MRA Full Assessment'!F20),"",'MRA Full Assessment'!F20) | F15: =IF(ISBLANK('MRA Full Assessment'!G20),"",'MRA Full Assessment'!G20) | G15: =IF(ISBLANK('MRA Full Assessment'!H20),"",'MRA Full Assessment'!H20) | H15: =IF(ISBLANK('MRA Full Assessment'!I20),"",'MRA Full Assessment'!I20) | I15: =IF(ISBLANK('MRA Full Assessment'!J20),"",'MRA Full Assessment'!J20) | ... L15: =IF(ISBLANK('MRA Full Assessment'!M20),"",'MRA Full Assessment'!M20)
A16: =IF(ISBLANK('MRA Full Assessment'!B73),"",'MRA Full Assessment'!B73) -> 14 | B16: =IF(ISBLANK('MRA Full Assessment'!C21),"",'MRA Full Assessment'!C21) | C16: =IF(ISBLANK('MRA Full Assessment'!D21),"",'MRA Full Assessment'!D21) | D16: =IF(ISBLANK('MRA Full Assessment'!E21),"",'MRA Full Assessment'!E21) | E16: =IF(ISBLANK('MRA Full Assessment'!F21),"",'MRA Full Assessment'!F21) | F16: =IF(ISBLANK('MRA Full Assessment'!G21),"",'MRA Full Assessment'!G21) | G16: =IF(ISBLANK('MRA Full Assessment'!H21),"",'MRA Full Assessment'!H21) | H16: =IF(ISBLANK('MRA Full Assessment'!I21),"",'MRA Full Assessment'!I21) | I16: =IF(ISBLANK('MRA Full Assessment'!J21),"",'MRA Full Assessment'!J21) | ... L16: =IF(ISBLANK('MRA Full Assessment'!M21),"",'MRA Full Assessment'!M21)
A17: =IF(ISBLANK('MRA Full Assessment'!B78),"",'MRA Full Assessment'!B78) -> 15 | B17: =IF(ISBLANK('MRA Full Assessment'!C22),"",'MRA Full Assessment'!C22) | C17: =IF(ISBLANK('MRA Full Assessment'!D22),"",'MRA Full Assessment'!D22) | D17: =IF(ISBLANK('MRA Full Assessment'!E22),"",'MRA Full Assessment'!E22) | E17: =IF(ISBLANK('MRA Full Assessment'!F22),"",'MRA Full Assessment'!F22) | F17: =IF(ISBLANK('MRA Full Assessment'!G22),"",'MRA Full Assessment'!G22) | G17: =IF(ISBLANK('MRA Full Assessment'!H22),"",'MRA Full Assessment'!H22) | H17: =IF(ISBLANK('MRA Full Assessment'!I22),"",'MRA Full Assessment'!I22) | I17: =IF(ISBLANK('MRA Full Assessment'!J22),"",'MRA Full Assessment'!J22) | ... L17: =IF(ISBLANK('MRA Full Assessment'!M22),"",'MRA Full Assessment'!M22)
A18: =IF(ISBLANK('MRA Full Assessment'!B83),"",'MRA Full Assessment'!B83) -> 16 | B18: =IF(ISBLANK('MRA Full Assessment'!C23),"",'MRA Full Assessment'!C23) | C18: =IF(ISBLANK('MRA Full Assessment'!D23),"",'MRA Full Assessment'!D23) | D18: =IF(ISBLANK('MRA Full Assessment'!E23),"",'MRA Full Assessment'!E23) | E18: =IF(ISBLANK('MRA Full Assessment'!F23),"",'MRA Full Assessment'!F23) | F18: =IF(ISBLANK('MRA Full Assessment'!G23),"",'MRA Full Assessment'!G23) | G18: =IF(ISBLANK('MRA Full Assessment'!H23),"",'MRA Full Assessment'!H23) | H18: =IF(ISBLANK('MRA Full Assessment'!I23),"",'MRA Full Assessment'!I23) | I18: =IF(ISBLANK('MRA Full Assessment'!J23),"",'MRA Full Assessment'!J23) | ... L18: =IF(ISBLANK('MRA Full Assessment'!M23),"",'MRA Full Assessment'!M23)
A19: =IF(ISBLANK('MRA Full Assessment'!B88),"",'MRA Full Assessment'!B88) -> 17 | B19: =IF(ISBLANK('MRA Full Assessment'!C24),"",'MRA Full Assessment'!C24) | C19: =IF(ISBLANK('MRA Full Assessment'!D24),"",'MRA Full Assessment'!D24) | D19: =IF(ISBLANK('MRA Full Assessment'!E24),"",'MRA Full Assessment'!E24) | E19: =IF(ISBLANK('MRA Full Assessment'!F24),"",'MRA Full Assessment'!F24) | F19: =IF(ISBLANK('MRA Full Assessment'!G24),"",'MRA Full Assessment'!G24) | G19: =IF(ISBLANK('MRA Full Assessment'!H24),"",'MRA Full Assessment'!H24) | H19: =IF(ISBLANK('MRA Full Assessment'!I24),"",'MRA Full Assessment'!I24) | I19: =IF(ISBLANK('MRA Full Assessment'!J24),"",'MRA Full Assessment'!J24) | ... L19: =IF(ISBLANK('MRA Full Assessment'!M24),"",'MRA Full Assessment'!M24)
A20: =IF(ISBLANK('MRA Full Assessment'!B93),"",'MRA Full Assessment'!B93) -> 18 | B20: =IF(ISBLANK('MRA Full Assessment'!C25),"",'MRA Full Assessment'!C25) | C20: =IF(ISBLANK('MRA Full Assessment'!D25),"",'MRA Full Assessment'!D25) | D20: =IF(ISBLANK('MRA Full Assessment'!E25),"",'MRA Full Assessment'!E25) | E20: =IF(ISBLANK('MRA Full Assessment'!F25),"",'MRA Full Assessment'!F25) | F20: =IF(ISBLANK('MRA Full Assessment'!G25),"",'MRA Full Assessment'!G25) | G20: =IF(ISBLANK('MRA Full Assessment'!H25),"",'MRA Full Assessment'!H25) | H20: =IF(ISBLANK('MRA Full Assessment'!I25),"",'MRA Full Assessment'!I25) | I20: =IF(ISBLANK('MRA Full Assessment'!J25),"",'MRA Full Assessment'!J25) | ... L20: =IF(ISBLANK('MRA Full Assessment'!M25),"",'MRA Full Assessment'!M25)
A21: =IF(ISBLANK('MRA Full Assessment'!B98),"",'MRA Full Assessment'!B98) -> 19 | B21: =IF(ISBLANK('MRA Full Assessment'!C26),"",'MRA Full Assessment'!C26) | C21: =IF(ISBLANK('MRA Full Assessment'!D26),"",'MRA Full Assessment'!D26) | D21: =IF(ISBLANK('MRA Full Assessment'!E26),"",'MRA Full Assessment'!E26) | E21: =IF(ISBLANK('MRA Full Assessment'!F26),"",'MRA Full Assessment'!F26) | F21: =IF(ISBLANK('MRA Full Assessment'!G26),"",'MRA Full Assessment'!G26) | G21: =IF(ISBLANK('MRA Full Assessment'!H26),"",'MRA Full Assessment'!H26) | H21: =IF(ISBLANK('MRA Full Assessment'!I26),"",'MRA Full Assessment'!I26) | I21: =IF(ISBLANK('MRA Full Assessment'!J26),"",'MRA Full Assessment'!J26) | ... L21: =IF(ISBLANK('MRA Full Assessment'!M26),"",'MRA Full Assessment'!M26)
A22: =IF(ISBLANK('MRA Full Assessment'!B103),"",'MRA Full Assessment'!B103) -> 20 | B22: =IF(ISBLANK('MRA Full Assessment'!C103),"",'MRA Full Assessment'!C103) | C22: =IF(ISBLANK('MRA Full Assessment'!D103),"",'MRA Full Assessment'!D103) | D22: =IF(ISBLANK('MRA Full Assessment'!$U$103),"",'MRA Full Assessment'!$U$103) | E22: ='MRA Full Assessment'!$X$105 | F22: ='MRA Full Assessment'!$X$103 | G22: =IF(ISBLANK('MRA Full Assessment'!$Y$103),"",'MRA Full Assessment'!$Y$103)
A23: =IF(ISBLANK('MRA Full Assessment'!B108),"",'MRA Full Assessment'!B108) -> 21 | B23: =IF(ISBLANK('MRA Full Assessment'!C108),"",'MRA Full Assessment'!C108) | C23: =IF(ISBLANK('MRA Full Assessment'!D108),"",'MRA Full Assessment'!D108) | D23: =IF(ISBLANK('MRA Full Assessment'!$U$108),"",'MRA Full Assessment'!$U$108) | E23: ='MRA Full Assessment'!$X$110 | F23: ='MRA Full Assessment'!$X$108 | G23: =IF(ISBLANK('MRA Full Assessment'!$Y$108),"",'MRA Full Assessment'!$Y$108)
A24: =IF(ISBLANK('MRA Full Assessment'!B113),"",'MRA Full Assessment'!B113) -> 22 | B24: =IF(ISBLANK('MRA Full Assessment'!C113),"",'MRA Full Assessment'!C113) | C24: =IF(ISBLANK('MRA Full Assessment'!D113),"",'MRA Full Assessment'!D113) | D24: =IF(ISBLANK('MRA Full Assessment'!$U$113),"",'MRA Full Assessment'!$U$113) | E24: ='MRA Full Assessment'!$X$115 | F24: ='MRA Full Assessment'!$X$113 | G24: =IF(ISBLANK('MRA Full Assessment'!$Y$113),"",'MRA Full Assessment'!$Y$113)
A25: =IF(ISBLANK('MRA Full Assessment'!B118),"",'MRA Full Assessment'!B118) -> 23 | B25: =IF(ISBLANK('MRA Full Assessment'!C118),"",'MRA Full Assessment'!C118) | C25: =IF(ISBLANK('MRA Full Assessment'!D118),"",'MRA Full Assessment'!D118) | D25: =IF(ISBLANK('MRA Full Assessment'!$U$118),"",'MRA Full Assessment'!$U$118) | E25: ='MRA Full Assessment'!$X$120 | F25: ='MRA Full Assessment'!$X$118 | G25: =IF(ISBLANK('MRA Full Assessment'!$Y$118),"",'MRA Full Assessment'!$Y$118)
A26: =IF(ISBLANK('MRA Full Assessment'!B123),"",'MRA Full Assessment'!B123) -> 24 | B26: =IF(ISBLANK('MRA Full Assessment'!C123),"",'MRA Full Assessment'!C123) | C26: =IF(ISBLANK('MRA Full Assessment'!D123),"",'MRA Full Assessment'!D123) | D26: =IF(ISBLANK('MRA Full Assessment'!$U$123),"",'MRA Full Assessment'!$U$123) | E26: ='MRA Full Assessment'!$X$125 | F26: ='MRA Full Assessment'!$X$123 | G26: =IF(ISBLANK('MRA Full Assessment'!$Y$123),"",'MRA Full Assessment'!$Y$123)
A27: =IF(ISBLANK('MRA Full Assessment'!B128),"",'MRA Full Assessment'!B128) -> 25 | B27: =IF(ISBLANK('MRA Full Assessment'!C128),"",'MRA Full Assessment'!C128) | C27: =IF(ISBLANK('MRA Full Assessment'!D128),"",'MRA Full Assessment'!D128) | D27: =IF(ISBLANK('MRA Full Assessment'!$U$128),"",'MRA Full Assessment'!$U$128) | E27: ='MRA Full Assessment'!$X$130 | F27: ='MRA Full Assessment'!$X$128 | G27: =IF(ISBLANK('MRA Full Assessment'!$Y$128),"",'MRA Full Assessment'!$Y$128)
A28: =IF(ISBLANK('MRA Full Assessment'!B133),"",'MRA Full Assessment'!B133) -> 26 | B28: =IF(ISBLANK('MRA Full Assessment'!C133),"",'MRA Full Assessment'!C133) | C28: =IF(ISBLANK('MRA Full Assessment'!D133),"",'MRA Full Assessment'!D133) | D28: =IF(ISBLANK('MRA Full Assessment'!$U$133),"",'MRA Full Assessment'!$U$133) | E28: ='MRA Full Assessment'!$X$135 | F28: ='MRA Full Assessment'!$X$133 | G28: =IF(ISBLANK('MRA Full Assessment'!$Y$133),"",'MRA Full Assessment'!$Y$133)
A29: =IF(ISBLANK('MRA Full Assessment'!B138),"",'MRA Full Assessment'!B138) -> 27 | B29: =IF(ISBLANK('MRA Full Assessment'!C138),"",'MRA Full Assessment'!C138) | C29: =IF(ISBLANK('MRA Full Assessment'!D138),"",'MRA Full Assessment'!D138) | D29: =IF(ISBLANK('MRA Full Assessment'!$U$138),"",'MRA Full Assessment'!$U$138) | E29: ='MRA Full Assessment'!$X$140 | F29: ='MRA Full Assessment'!$X$138 | G29: =IF(ISBLANK('MRA Full Assessment'!$Y$138),"",'MRA Full Assessment'!$Y$138)
A30: =IF(ISBLANK('MRA Full Assessment'!B143),"",'MRA Full Assessment'!B143) -> 28 | B30: =IF(ISBLANK('MRA Full Assessment'!C143),"",'MRA Full Assessment'!C143) | C30: =IF(ISBLANK('MRA Full Assessment'!D143),"",'MRA Full Assessment'!D143) | D30: =IF(ISBLANK('MRA Full Assessment'!$U$143),"",'MRA Full Assessment'!$U$143) | E30: ='MRA Full Assessment'!$X$145 | F30: ='MRA Full Assessment'!$X$143 | G30: =IF(ISBLANK('MRA Full Assessment'!$Y$143),"",'MRA Full Assessment'!$Y$143)
A31: =IF(ISBLANK('MRA Full Assessment'!B148),"",'MRA Full Assessment'!B148) -> 29 | B31: =IF(ISBLANK('MRA Full Assessment'!C148),"",'MRA Full Assessment'!C148) | C31: =IF(ISBLANK('MRA Full Assessment'!D148),"",'MRA Full Assessment'!D148) | D31: =IF(ISBLANK('MRA Full Assessment'!$U$148),"",'MRA Full Assessment'!$U$148) | E31: ='MRA Full Assessment'!$X$150 | F31: ='MRA Full Assessment'!$X$148 | G31: =IF(ISBLANK('MRA Full Assessment'!$Y$148),"",'MRA Full Assessment'!$Y$148)
A32: =IF(ISBLANK('MRA Full Assessment'!B153),"",'MRA Full Assessment'!B153) -> 30 | B32: =IF(ISBLANK('MRA Full Assessment'!C153),"",'MRA Full Assessment'!C153) | C32: =IF(ISBLANK('MRA Full Assessment'!D153),"",'MRA Full Assessment'!D153) | D32: =IF(ISBLANK('MRA Full Assessment'!$U$153),"",'MRA Full Assessment'!$U$153) | E32: ='MRA Full Assessment'!$X$155 | F32: ='MRA Full Assessment'!$X$153 | G32: =IF(ISBLANK('MRA Full Assessment'!$Y$153),"",'MRA Full Assessment'!$Y$153)
A33: =IF(ISBLANK('MRA Full Assessment'!B158),"",'MRA Full Assessment'!B158) -> 31 | B33: =IF(ISBLANK('MRA Full Assessment'!C158),"",'MRA Full Assessment'!C158) | C33: =IF(ISBLANK('MRA Full Assessment'!D158),"",'MRA Full Assessment'!D158) | D33: =IF(ISBLANK('MRA Full Assessment'!$U$158),"",'MRA Full Assessment'!$U$158) | E33: ='MRA Full Assessment'!$X$160 | F33: ='MRA Full Assessment'!$X$158 | G33: =IF(ISBLANK('MRA Full Assessment'!$Y$158),"",'MRA Full Assessment'!$Y$158)
A34: =IF(ISBLANK('MRA Full Assessment'!B163),"",'MRA Full Assessment'!B163) -> 32 | B34: =IF(ISBLANK('MRA Full Assessment'!C163),"",'MRA Full Assessment'!C163) | C34: =IF(ISBLANK('MRA Full Assessment'!D163),"",'MRA Full Assessment'!D163) | D34: =IF(ISBLANK('MRA Full Assessment'!$U$163),"",'MRA Full Assessment'!$U$163) | E34: ='MRA Full Assessment'!$X$165 | F34: ='MRA Full Assessment'!$X$163 | G34: =IF(ISBLANK('MRA Full Assessment'!$Y$163),"",'MRA Full Assessment'!$Y$163)
A35: =IF(ISBLANK('MRA Full Assessment'!B168),"",'MRA Full Assessment'!B168) -> 33 | B35: =IF(ISBLANK('MRA Full Assessment'!C168),"",'MRA Full Assessment'!C168) | C35: =IF(ISBLANK('MRA Full Assessment'!D168),"",'MRA Full Assessment'!D168) | D35: =IF(ISBLANK('MRA Full Assessment'!$U$168),"",'MRA Full Assessment'!$U$168) | E35: ='MRA Full Assessment'!$X$170 | F35: ='MRA Full Assessment'!$X$168 | G35: =IF(ISBLANK('MRA Full Assessment'!$Y$168),"",'MRA Full Assessment'!$Y$168)
A36: =IF(ISBLANK('MRA Full Assessment'!B173),"",'MRA Full Assessment'!B173) -> 34 | B36: =IF(ISBLANK('MRA Full Assessment'!C173),"",'MRA Full Assessment'!C173) | C36: =IF(ISBLANK('MRA Full Assessment'!D173),"",'MRA Full Assessment'!D173) | D36: =IF(ISBLANK('MRA Full Assessment'!$U$173),"",'MRA Full Assessment'!$U$173) | E36: ='MRA Full Assessment'!$X$175 | F36: ='MRA Full Assessment'!$X$173 | G36: =IF(ISBLANK('MRA Full Assessment'!$Y$173),"",'MRA Full Assessment'!$Y$173)
A37: =IF(ISBLANK('MRA Full Assessment'!B178),"",'MRA Full Assessment'!B178) -> 35 | B37: =IF(ISBLANK('MRA Full Assessment'!C178),"",'MRA Full Assessment'!C178) | C37: =IF(ISBLANK('MRA Full Assessment'!D178),"",'MRA Full Assessment'!D178) | D37: =IF(ISBLANK('MRA Full Assessment'!$U$178),"",'MRA Full Assessment'!$U$178) | E37: ='MRA Full Assessment'!$X$180 | F37: ='MRA Full Assessment'!$X$178 | G37: =IF(ISBLANK('MRA Full Assessment'!$Y$178),"",'MRA Full Assessment'!$Y$178)
A38: =IF(ISBLANK('MRA Full Assessment'!B183),"",'MRA Full Assessment'!B183) -> 36 | B38: =IF(ISBLANK('MRA Full Assessment'!C183),"",'MRA Full Assessment'!C183) | C38: =IF(ISBLANK('MRA Full Assessment'!D183),"",'MRA Full Assessment'!D183) | D38: =IF(ISBLANK('MRA Full Assessment'!$U$183),"",'MRA Full Assessment'!$U$183) | E38: ='MRA Full Assessment'!$X$185 | F38: ='MRA Full Assessment'!$X$183 | G38: =IF(ISBLANK('MRA Full Assessment'!$Y$183),"",'MRA Full Assessment'!$Y$183)
A39: =IF(ISBLANK('MRA Full Assessment'!B188),"",'MRA Full Assessment'!B188) -> 37 | B39: =IF(ISBLANK('MRA Full Assessment'!C188),"",'MRA Full Assessment'!C188) | C39: =IF(ISBLANK('MRA Full Assessment'!D188),"",'MRA Full Assessment'!D188) | D39: =IF(ISBLANK('MRA Full Assessment'!$U$188),"",'MRA Full Assessment'!$U$188) | E39: ='MRA Full Assessment'!$X$190 | F39: ='MRA Full Assessment'!$X$188 | G39: =IF(ISBLANK('MRA Full Assessment'!$Y$188),"",'MRA Full Assessment'!$Y$188)
A40: =IF(ISBLANK('MRA Full Assessment'!B193),"",'MRA Full Assessment'!B193) -> 38 | B40: =IF(ISBLANK('MRA Full Assessment'!C193),"",'MRA Full Assessment'!C193) | C40: =IF(ISBLANK('MRA Full Assessment'!D193),"",'MRA Full Assessment'!D193) | D40: =IF(ISBLANK('MRA Full Assessment'!$U$193),"",'MRA Full Assessment'!$U$193) | E40: ='MRA Full Assessment'!$X$195 | F40: ='MRA Full Assessment'!$X$193 | G40: =IF(ISBLANK('MRA Full Assessment'!$Y$193),"",'MRA Full Assessment'!$Y$193)
A41: =IF(ISBLANK('MRA Full Assessment'!B198),"",'MRA Full Assessment'!B198) -> 39 | B41: =IF(ISBLANK('MRA Full Assessment'!C198),"",'MRA Full Assessment'!C198) | C41: =IF(ISBLANK('MRA Full Assessment'!D198),"",'MRA Full Assessment'!D198) | D41: =IF(ISBLANK('MRA Full Assessment'!$U$198),"",'MRA Full Assessment'!$U$198) | E41: ='MRA Full Assessment'!$X$200 | F41: ='MRA Full Assessment'!$X$198 | G41: =IF(ISBLANK('MRA Full Assessment'!$Y$198),"",'MRA Full Assessment'!$Y$198)
A42: =IF(ISBLANK('MRA Full Assessment'!B203),"",'MRA Full Assessment'!B203) -> 40 | B42: =IF(ISBLANK('MRA Full Assessment'!C203),"",'MRA Full Assessment'!C203) | C42: =IF(ISBLANK('MRA Full Assessment'!D203),"",'MRA Full Assessment'!D203) | D42: =IF(ISBLANK('MRA Full Assessment'!$U$203),"",'MRA Full Assessment'!$U$203) | E42: ='MRA Full Assessment'!$X$205 | F42: ='MRA Full Assessment'!$X$203 | G42: =IF(ISBLANK('MRA Full Assessment'!$Y$203),"",'MRA Full Assessment'!$Y$203)
A43: =IF(ISBLANK('MRA Full Assessment'!B208),"",'MRA Full Assessment'!B208) -> 41 | B43: =IF(ISBLANK('MRA Full Assessment'!C208),"",'MRA Full Assessment'!C208) | C43: =IF(ISBLANK('MRA Full Assessment'!D208),"",'MRA Full Assessment'!D208) | D43: =IF(ISBLANK('MRA Full Assessment'!$U$208),"",'MRA Full Assessment'!$U$208) | E43: ='MRA Full Assessment'!$X$210 | F43: ='MRA Full Assessment'!$X$208 | G43: =IF(ISBLANK('MRA Full Assessment'!$Y$208),"",'MRA Full Assessment'!$Y$208)
A44: =IF(ISBLANK('MRA Full Assessment'!B213),"",'MRA Full Assessment'!B213) -> 42 | B44: =IF(ISBLANK('MRA Full Assessment'!C213),"",'MRA Full Assessment'!C213) | C44: =IF(ISBLANK('MRA Full Assessment'!D213),"",'MRA Full Assessment'!D213) | D44: =IF(ISBLANK('MRA Full Assessment'!$U$213),"",'MRA Full Assessment'!$U$213) | E44: ='MRA Full Assessment'!$X$215 | F44: ='MRA Full Assessment'!$X$213 | G44: =IF(ISBLANK('MRA Full Assessment'!$Y$213),"",'MRA Full Assessment'!$Y$213)
A45: =IF(ISBLANK('MRA Full Assessment'!B218),"",'MRA Full Assessment'!B218) -> 43 | B45: =IF(ISBLANK('MRA Full Assessment'!C218),"",'MRA Full Assessment'!C218) | C45: =IF(ISBLANK('MRA Full Assessment'!D218),"",'MRA Full Assessment'!D218) | D45: =IF(ISBLANK('MRA Full Assessment'!$U$218),"",'MRA Full Assessment'!$U$218) | E45: ='MRA Full Assessment'!$X$220 | F45: ='MRA Full Assessment'!$X$218 | G45: =IF(ISBLANK('MRA Full Assessment'!$Y$218),"",'MRA Full Assessment'!$Y$218)
A46: =IF(ISBLANK('MRA Full Assessment'!B223),"",'MRA Full Assessment'!B223) -> 44 | B46: =IF(ISBLANK('MRA Full Assessment'!C223),"",'MRA Full Assessment'!C223) | C46: =IF(ISBLANK('MRA Full Assessment'!D223),"",'MRA Full Assessment'!D223) | D46: =IF(ISBLANK('MRA Full Assessment'!$U$223),"",'MRA Full Assessment'!$U$223) | E46: ='MRA Full Assessment'!$X$225 | F46: ='MRA Full Assessment'!$X$223 | G46: =IF(ISBLANK('MRA Full Assessment'!$Y$223),"",'MRA Full Assessment'!$Y$223)
A47: =IF(ISBLANK('MRA Full Assessment'!B228),"",'MRA Full Assessment'!B228) -> 45 | B47: =IF(ISBLANK('MRA Full Assessment'!C228),"",'MRA Full Assessment'!C228) | C47: =IF(ISBLANK('MRA Full Assessment'!D228),"",'MRA Full Assessment'!D228) | D47: =IF(ISBLANK('MRA Full Assessment'!$U$228),"",'MRA Full Assessment'!$U$228) | E47: ='MRA Full Assessment'!$X$230 | F47: ='MRA Full Assessment'!$X$228 | G47: =IF(ISBLANK('MRA Full Assessment'!$Y$228),"",'MRA Full Assessment'!$Y$228)
A48: =IF(ISBLANK('MRA Full Assessment'!B233),"",'MRA Full Assessment'!B233) -> 46 | B48: =IF(ISBLANK('MRA Full Assessment'!C233),"",'MRA Full Assessment'!C233) | C48: =IF(ISBLANK('MRA Full Assessment'!D233),"",'MRA Full Assessment'!D233) | D48: =IF(ISBLANK('MRA Full Assessment'!$U$233),"",'MRA Full Assessment'!$U$233) | E48: ='MRA Full Assessment'!$X$235 | F48: ='MRA Full Assessment'!$X$233 | G48: =IF(ISBLANK('MRA Full Assessment'!$Y$233),"",'MRA Full Assessment'!$Y$233)
A49: =IF(ISBLANK('MRA Full Assessment'!B238),"",'MRA Full Assessment'!B238) -> 47 | B49: =IF(ISBLANK('MRA Full Assessment'!C238),"",'MRA Full Assessment'!C238) | C49: =IF(ISBLANK('MRA Full Assessment'!D238),"",'MRA Full Assessment'!D238) | D49: =IF(ISBLANK('MRA Full Assessment'!$U$238),"",'MRA Full Assessment'!$U$238) | E49: ='MRA Full Assessment'!$X$240 | F49: ='MRA Full Assessment'!$X$238 | G49: =IF(ISBLANK('MRA Full Assessment'!$Y$238),"",'MRA Full Assessment'!$Y$238)
A50: =IF(ISBLANK('MRA Full Assessment'!B243),"",'MRA Full Assessment'!B243) -> 48 | B50: =IF(ISBLANK('MRA Full Assessment'!C243),"",'MRA Full Assessment'!C243) | C50: =IF(ISBLANK('MRA Full Assessment'!D243),"",'MRA Full Assessment'!D243) | D50: =IF(ISBLANK('MRA Full Assessment'!$U$243),"",'MRA Full Assessment'!$U$243) | E50: ='MRA Full Assessment'!$X$245 | F50: ='MRA Full Assessment'!$X$243 | G50: =IF(ISBLANK('MRA Full Assessment'!$Y$243),"",'MRA Full Assessment'!$Y$243)
A51: =IF(ISBLANK('MRA Full Assessment'!B248),"",'MRA Full Assessment'!B248) -> 49 | B51: =IF(ISBLANK('MRA Full Assessment'!C248),"",'MRA Full Assessment'!C248) | C51: =IF(ISBLANK('MRA Full Assessment'!D248),"",'MRA Full Assessment'!D248) | D51: =IF(ISBLANK('MRA Full Assessment'!$U$248),"",'MRA Full Assessment'!$U$248) | E51: ='MRA Full Assessment'!$X$250 | F51: ='MRA Full Assessment'!$X$248 | G51: =IF(ISBLANK('MRA Full Assessment'!$Y$248),"",'MRA Full Assessment'!$Y$248)
A52: =IF(ISBLANK('MRA Full Assessment'!B253),"",'MRA Full Assessment'!B253) -> 50 | B52: =IF(ISBLANK('MRA Full Assessment'!C253),"",'MRA Full Assessment'!C253) | C52: =IF(ISBLANK('MRA Full Assessment'!D253),"",'MRA Full Assessment'!D253) | D52: =IF(ISBLANK('MRA Full Assessment'!$U$253),"",'MRA Full Assessment'!$U$253) | E52: ='MRA Full Assessment'!$X$255 | F52: ='MRA Full Assessment'!$X$253 | G52: =IF(ISBLANK('MRA Full Assessment'!$Y$253),"",'MRA Full Assessment'!$Y$253)
A53: =IF(ISBLANK('MRA Full Assessment'!B258),"",'MRA Full Assessment'!B258) -> 51 | B53: =IF(ISBLANK('MRA Full Assessment'!C258),"",'MRA Full Assessment'!C258) | C53: =IF(ISBLANK('MRA Full Assessment'!D258),"",'MRA Full Assessment'!D258) | D53: =IF(ISBLANK('MRA Full Assessment'!$U$258),"",'MRA Full Assessment'!$U$258) | E53: ='MRA Full Assessment'!$X$260 | F53: ='MRA Full Assessment'!$X$258 | G53: =IF(ISBLANK('MRA Full Assessment'!$Y$258),"",'MRA Full Assessment'!$Y$258)
A54: =IF(ISBLANK('MRA Full Assessment'!B263),"",'MRA Full Assessment'!B263) -> 52 | B54: =IF(ISBLANK('MRA Full Assessment'!C263),"",'MRA Full Assessment'!C263) | C54: =IF(ISBLANK('MRA Full Assessment'!D263),"",'MRA Full Assessment'!D263) | D54: =IF(ISBLANK('MRA Full Assessment'!$U$263),"",'MRA Full Assessment'!$U$263) | E54: ='MRA Full Assessment'!$X$265 | F54: ='MRA Full Assessment'!$X$263 | G54: =IF(ISBLANK('MRA Full Assessment'!$Y$263),"",'MRA Full Assessment'!$Y$263)
A55: =IF(ISBLANK('MRA Full Assessment'!B268),"",'MRA Full Assessment'!B268) -> 53 | B55: =IF(ISBLANK('MRA Full Assessment'!C268),"",'MRA Full Assessment'!C268) | C55: =IF(ISBLANK('MRA Full Assessment'!D268),"",'MRA Full Assessment'!D268) | D55: =IF(ISBLANK('MRA Full Assessment'!$U$268),"",'MRA Full Assessment'!$U$268) | E55: ='MRA Full Assessment'!$X$270 | F55: ='MRA Full Assessment'!$X$268 | G55: =IF(ISBLANK('MRA Full Assessment'!$Y$268),"",'MRA Full Assessment'!$Y$268)
A56: =IF(ISBLANK('MRA Full Assessment'!B273),"",'MRA Full Assessment'!B273) -> 54 | B56: =IF(ISBLANK('MRA Full Assessment'!C273),"",'MRA Full Assessment'!C273) | C56: =IF(ISBLANK('MRA Full Assessment'!D273),"",'MRA Full Assessment'!D273) | D56: =IF(ISBLANK('MRA Full Assessment'!$U$273),"",'MRA Full Assessment'!$U$273) | E56: ='MRA Full Assessment'!$X$275 | F56: ='MRA Full Assessment'!$X$273 | G56: =IF(ISBLANK('MRA Full Assessment'!$Y$273),"",'MRA Full Assessment'!$Y$273)
A57: =IF(ISBLANK('MRA Full Assessment'!B278),"",'MRA Full Assessment'!B278) -> 55 | B57: =IF(ISBLANK('MRA Full Assessment'!C278),"",'MRA Full Assessment'!C278) | C57: =IF(ISBLANK('MRA Full Assessment'!D278),"",'MRA Full Assessment'!D278) | D57: =IF(ISBLANK('MRA Full Assessment'!$U$278),"",'MRA Full Assessment'!$U$278) | E57: ='MRA Full Assessment'!$X$280 | F57: ='MRA Full Assessment'!$X$278 | G57: =IF(ISBLANK('MRA Full Assessment'!$Y$278),"",'MRA Full Assessment'!$Y$278)
A58: =IF(ISBLANK('MRA Full Assessment'!B283),"",'MRA Full Assessment'!B283) -> 56 | B58: =IF(ISBLANK('MRA Full Assessment'!C283),"",'MRA Full Assessment'!C283) | C58: =IF(ISBLANK('MRA Full Assessment'!D283),"",'MRA Full Assessment'!D283) | D58: =IF(ISBLANK('MRA Full Assessment'!$U$283),"",'MRA Full Assessment'!$U$283) | E58: ='MRA Full Assessment'!$X$285 | F58: ='MRA Full Assessment'!$X$283 | G58: =IF(ISBLANK('MRA Full Assessment'!$Y$283),"",'MRA Full Assessment'!$Y$283)
A59: =IF(ISBLANK('MRA Full Assessment'!B288),"",'MRA Full Assessment'!B288) -> 57 | B59: =IF(ISBLANK('MRA Full Assessment'!C288),"",'MRA Full Assessment'!C288) | C59: =IF(ISBLANK('MRA Full Assessment'!D288),"",'MRA Full Assessment'!D288) | D59: =IF(ISBLANK('MRA Full Assessment'!$U$288),"",'MRA Full Assessment'!$U$288) | E59: ='MRA Full Assessment'!$X$290 | F59: ='MRA Full Assessment'!$X$288 | G59: =IF(ISBLANK('MRA Full Assessment'!$Y$288),"",'MRA Full Assessment'!$Y$288)
A60: =IF(ISBLANK('MRA Full Assessment'!B293),"",'MRA Full Assessment'!B293) -> 58 | B60: =IF(ISBLANK('MRA Full Assessment'!C293),"",'MRA Full Assessment'!C293) | C60: =IF(ISBLANK('MRA Full Assessment'!D293),"",'MRA Full Assessment'!D293) | D60: =IF(ISBLANK('MRA Full Assessment'!$U$293),"",'MRA Full Assessment'!$U$293) | E60: ='MRA Full Assessment'!$X$295 | F60: ='MRA Full Assessment'!$X$293 | G60: =IF(ISBLANK('MRA Full Assessment'!$Y$293),"",'MRA Full Assessment'!$Y$293)
A61: =IF(ISBLANK('MRA Full Assessment'!B298),"",'MRA Full Assessment'!B298) -> 59 | B61: =IF(ISBLANK('MRA Full Assessment'!C298),"",'MRA Full Assessment'!C298) | C61: =IF(ISBLANK('MRA Full Assessment'!D298),"",'MRA Full Assessment'!D298) | D61: =IF(ISBLANK('MRA Full Assessment'!$U$298),"",'MRA Full Assessment'!$U$298) | E61: ='MRA Full Assessment'!$X$300 | F61: ='MRA Full Assessment'!$X$298 | G61: =IF(ISBLANK('MRA Full Assessment'!$Y$298),"",'MRA Full Assessment'!$Y$298)
A62: =IF(ISBLANK('MRA Full Assessment'!B303),"",'MRA Full Assessment'!B303) -> 60 | B62: =IF(ISBLANK('MRA Full Assessment'!C303),"",'MRA Full Assessment'!C303) | C62: =IF(ISBLANK('MRA Full Assessment'!D303),"",'MRA Full Assessment'!D303) | D62: =IF(ISBLANK('MRA Full Assessment'!$U$303),"",'MRA Full Assessment'!$U$303) | E62: ='MRA Full Assessment'!$X$305 | F62: ='MRA Full Assessment'!$X$303 | G62: =IF(ISBLANK('MRA Full Assessment'!$Y$303),"",'MRA Full Assessment'!$Y$303)
A63: =IF(ISBLANK('MRA Full Assessment'!B308),"",'MRA Full Assessment'!B308) -> 61 | B63: =IF(ISBLANK('MRA Full Assessment'!C308),"",'MRA Full Assessment'!C308) | C63: =IF(ISBLANK('MRA Full Assessment'!D308),"",'MRA Full Assessment'!D308) | D63: =IF(ISBLANK('MRA Full Assessment'!$U$308),"",'MRA Full Assessment'!$U$308) | E63: ='MRA Full Assessment'!$X$310 | F63: ='MRA Full Assessment'!$X$308 | G63: =IF(ISBLANK('MRA Full Assessment'!$Y$308),"",'MRA Full Assessment'!$Y$308)
A64: =IF(ISBLANK('MRA Full Assessment'!B313),"",'MRA Full Assessment'!B313) -> 62 | B64: =IF(ISBLANK('MRA Full Assessment'!C313),"",'MRA Full Assessment'!C313) | C64: =IF(ISBLANK('MRA Full Assessment'!D313),"",'MRA Full Assessment'!D313) | D64: =IF(ISBLANK('MRA Full Assessment'!$U$313),"",'MRA Full Assessment'!$U$313) | E64: ='MRA Full Assessment'!$X$315 | F64: ='MRA Full Assessment'!$X$313 | G64: =IF(ISBLANK('MRA Full Assessment'!$Y$313),"",'MRA Full Assessment'!$Y$313)
A65: =IF(ISBLANK('MRA Full Assessment'!B318),"",'MRA Full Assessment'!B318) -> 63 | B65: =IF(ISBLANK('MRA Full Assessment'!C318),"",'MRA Full Assessment'!C318) | C65: =IF(ISBLANK('MRA Full Assessment'!D318),"",'MRA Full Assessment'!D318) | D65: =IF(ISBLANK('MRA Full Assessment'!$U$318),"",'MRA Full Assessment'!$U$318) | E65: ='MRA Full Assessment'!$X$320 | F65: ='MRA Full Assessment'!$X$318 | G65: =IF(ISBLANK('MRA Full Assessment'!$Y$318),"",'MRA Full Assessment'!$Y$318)
A66: =IF(ISBLANK('MRA Full Assessment'!B323),"",'MRA Full Assessment'!B323) -> 64 | B66: =IF(ISBLANK('MRA Full Assessment'!C323),"",'MRA Full Assessment'!C323) | C66: =IF(ISBLANK('MRA Full Assessment'!D323),"",'MRA Full Assessment'!D323) | D66: =IF(ISBLANK('MRA Full Assessment'!$U$323),"",'MRA Full Assessment'!$U$323) | E66: ='MRA Full Assessment'!$X$325 | F66: ='MRA Full Assessment'!$X$323 | G66: =IF(ISBLANK('MRA Full Assessment'!$Y$323),"",'MRA Full Assessment'!$Y$323)
A67: =IF(ISBLANK('MRA Full Assessment'!B328),"",'MRA Full Assessment'!B328) -> 65 | B67: =IF(ISBLANK('MRA Full Assessment'!C328),"",'MRA Full Assessment'!C328) | C67: =IF(ISBLANK('MRA Full Assessment'!D328),"",'MRA Full Assessment'!D328) | D67: =IF(ISBLANK('MRA Full Assessment'!$U$328),"",'MRA Full Assessment'!$U$328) | E67: ='MRA Full Assessment'!$X$330 | F67: ='MRA Full Assessment'!$X$328 | G67: =IF(ISBLANK('MRA Full Assessment'!$Y$328),"",'MRA Full Assessment'!$Y$328)
A68: =IF(ISBLANK('MRA Full Assessment'!B333),"",'MRA Full Assessment'!B333) -> 66 | B68: =IF(ISBLANK('MRA Full Assessment'!C333),"",'MRA Full Assessment'!C333) | C68: =IF(ISBLANK('MRA Full Assessment'!D333),"",'MRA Full Assessment'!D333) | D68: ='MRA Full Assessment'!$U$333 -> 0 | E68: ='MRA Full Assessment'!$X$335 | F68: ='MRA Full Assessment'!$X$333 | G68: =IF(ISBLANK('MRA Full Assessment'!$Y$333),"",'MRA Full Assessment'!$Y$333)
A69: =IF(ISBLANK('MRA Full Assessment'!B338),"",'MRA Full Assessment'!B338) -> 67 | B69: =IF(ISBLANK('MRA Full Assessment'!C338),"",'MRA Full Assessment'!C338) | C69: =IF(ISBLANK('MRA Full Assessment'!D338),"",'MRA Full Assessment'!D338) | D69: ='MRA Full Assessment'!$U$338 -> 0 | E69: ='MRA Full Assessment'!$X$340 | F69: ='MRA Full Assessment'!$X$338 | G69: =IF(ISBLANK('MRA Full Assessment'!$Y$338),"",'MRA Full Assessment'!$Y$338)
A70: =IF(ISBLANK('MRA Full Assessment'!B343),"",'MRA Full Assessment'!B343) -> 68 | B70: =IF(ISBLANK('MRA Full Assessment'!C343),"",'MRA Full Assessment'!C343) | C70: =IF(ISBLANK('MRA Full Assessment'!D343),"",'MRA Full Assessment'!D343) | D70: ='MRA Full Assessment'!$U$343 -> 0 | E70: ='MRA Full Assessment'!$X$345 | F70: ='MRA Full Assessment'!$X$343 | G70: =IF(ISBLANK('MRA Full Assessment'!$Y$343),"",'MRA Full Assessment'!$Y$343)
A71: =IF(ISBLANK('MRA Full Assessment'!B348),"",'MRA Full Assessment'!B348) -> 69 | B71: =IF(ISBLANK('MRA Full Assessment'!C348),"",'MRA Full Assessment'!C348) | C71: =IF(ISBLANK('MRA Full Assessment'!D348),"",'MRA Full Assessment'!D348) | D71: =IF(ISBLANK('MRA Full Assessment'!$U$348),"",'MRA Full Assessment'!$U$348) | E71: ='MRA Full Assessment'!$X$350 | F71: ='MRA Full Assessment'!$X$348 | G71: =IF(ISBLANK('MRA Full Assessment'!$Y$348),"",'MRA Full Assessment'!$Y$348)
A72: =IF(ISBLANK('MRA Full Assessment'!B353),"",'MRA Full Assessment'!B353) -> 70 | B72: =IF(ISBLANK('MRA Full Assessment'!C353),"",'MRA Full Assessment'!C353) | C72: =IF(ISBLANK('MRA Full Assessment'!D353),"",'MRA Full Assessment'!D353) | D72: =IF(ISBLANK('MRA Full Assessment'!$U$353),"",'MRA Full Assessment'!$U$353) | E72: ='MRA Full Assessment'!$X$355 | F72: ='MRA Full Assessment'!$X$353 | G72: =IF(ISBLANK('MRA Full Assessment'!$Y$353),"",'MRA Full Assessment'!$Y$353)
A73: =IF(ISBLANK('MRA Full Assessment'!B358),"",'MRA Full Assessment'!B358) -> 71 | B73: =IF(ISBLANK('MRA Full Assessment'!C358),"",'MRA Full Assessment'!C358) | C73: =IF(ISBLANK('MRA Full Assessment'!D358),"",'MRA Full Assessment'!D358) | D73: =IF(ISBLANK('MRA Full Assessment'!$U$353),"",'MRA Full Assessment'!$U$353) | E73: ='MRA Full Assessment'!$X$360 | F73: ='MRA Full Assessment'!$X$358 | G73: =IF(ISBLANK('MRA Full Assessment'!$Y$358),"",'MRA Full Assessment'!$Y$358)
A74: =IF(ISBLANK('MRA Full Assessment'!B363),"",'MRA Full Assessment'!B363) -> 72 | B74: =IF(ISBLANK('MRA Full Assessment'!C363),"",'MRA Full Assessment'!C363) | C74: =IF(ISBLANK('MRA Full Assessment'!D363),"",'MRA Full Assessment'!D363) | D74: =IF(ISBLANK('MRA Full Assessment'!$U$353),"",'MRA Full Assessment'!$U$353) | E74: ='MRA Full Assessment'!$X$365 | F74: ='MRA Full Assessment'!$X$363 | G74: =IF(ISBLANK('MRA Full Assessment'!$Y$363),"",'MRA Full Assessment'!$Y$363)
A75: =IF(ISBLANK('MRA Full Assessment'!B368),"",'MRA Full Assessment'!B368) -> 73 | B75: =IF(ISBLANK('MRA Full Assessment'!C368),"",'MRA Full Assessment'!C368) | C75: =IF(ISBLANK('MRA Full Assessment'!D368),"",'MRA Full Assessment'!D368) | D75: =IF(ISBLANK('MRA Full Assessment'!$U$353),"",'MRA Full Assessment'!$U$353) | E75: ='MRA Full Assessment'!$X$370 | F75: ='MRA Full Assessment'!$X$368 | G75: =IF(ISBLANK('MRA Full Assessment'!$Y$368),"",'MRA Full Assessment'!$Y$368)
A76: =IF(ISBLANK('MRA Full Assessment'!B373),"",'MRA Full Assessment'!B373) -> 74 | B76: =IF(ISBLANK('MRA Full Assessment'!C373),"",'MRA Full Assessment'!C373) | C76: =IF(ISBLANK('MRA Full Assessment'!D373),"",'MRA Full Assessment'!D373) | D76: =IF(ISBLANK('MRA Full Assessment'!$U$353),"",'MRA Full Assessment'!$U$353) | E76: ='MRA Full Assessment'!$X$375 | F76: ='MRA Full Assessment'!$X$373 | G76: =IF(ISBLANK('MRA Full Assessment'!$Y$373),"",'MRA Full Assessment'!$Y$373)
A77: =IF(ISBLANK('MRA Full Assessment'!B378),"",'MRA Full Assessment'!B378) -> 75 | B77: =IF(ISBLANK('MRA Full Assessment'!C378),"",'MRA Full Assessment'!C378) | C77: =IF(ISBLANK('MRA Full Assessment'!D378),"",'MRA Full Assessment'!D378) | D77: =IF(ISBLANK('MRA Full Assessment'!$U$353),"",'MRA Full Assessment'!$U$353) | E77: ='MRA Full Assessment'!$X$380 | F77: ='MRA Full Assessment'!$X$378 | G77: =IF(ISBLANK('MRA Full Assessment'!$Y$378),"",'MRA Full Assessment'!$Y$378)
A78: =IF(ISBLANK('MRA Full Assessment'!B383),"",'MRA Full Assessment'!B383) -> 76 | B78: =IF(ISBLANK('MRA Full Assessment'!C383),"",'MRA Full Assessment'!C383) | C78: =IF(ISBLANK('MRA Full Assessment'!D383),"",'MRA Full Assessment'!D383) | D78: =IF(ISBLANK('MRA Full Assessment'!$U$353),"",'MRA Full Assessment'!$U$353) | E78: ='MRA Full Assessment'!$X$385 | F78: ='MRA Full Assessment'!$X$383 | G78: =IF(ISBLANK('MRA Full Assessment'!$Y$383),"",'MRA Full Assessment'!$Y$383)
A79: =IF(ISBLANK('MRA Full Assessment'!B388),"",'MRA Full Assessment'!B388) -> 77 | B79: =IF(ISBLANK('MRA Full Assessment'!C388),"",'MRA Full Assessment'!C388) | C79: =IF(ISBLANK('MRA Full Assessment'!D388),"",'MRA Full Assessment'!D388) | D79: =IF(ISBLANK('MRA Full Assessment'!$U$353),"",'MRA Full Assessment'!$U$353) | E79: ='MRA Full Assessment'!$X$390 | F79: ='MRA Full Assessment'!$X$388 | G79: =IF(ISBLANK('MRA Full Assessment'!$Y$388),"",'MRA Full Assessment'!$Y$388)
A80: =IF(ISBLANK('MRA Full Assessment'!B393),"",'MRA Full Assessment'!B393) -> 78 | B80: =IF(ISBLANK('MRA Full Assessment'!C393),"",'MRA Full Assessment'!C393) | C80: =IF(ISBLANK('MRA Full Assessment'!D393),"",'MRA Full Assessment'!D393) | D80: =IF(ISBLANK('MRA Full Assessment'!$U$353),"",'MRA Full Assessment'!$U$353) | E80: ='MRA Full Assessment'!$X$395 | F80: ='MRA Full Assessment'!$X$393 | G80: =IF(ISBLANK('MRA Full Assessment'!$Y$393),"",'MRA Full Assessment'!$Y$393)
A81: =IF(ISBLANK('MRA Full Assessment'!B398),"",'MRA Full Assessment'!B398) -> 79 | B81: =IF(ISBLANK('MRA Full Assessment'!C398),"",'MRA Full Assessment'!C398) | C81: =IF(ISBLANK('MRA Full Assessment'!D398),"",'MRA Full Assessment'!D398) | D81: =IF(ISBLANK('MRA Full Assessment'!$U$353),"",'MRA Full Assessment'!$U$353) | E81: ='MRA Full Assessment'!$X$400 | F81: ='MRA Full Assessment'!$X$398 | G81: =IF(ISBLANK('MRA Full Assessment'!$Y$398),"",'MRA Full Assessment'!$Y$398)
A82: =IF(ISBLANK('MRA Full Assessment'!B403),"",'MRA Full Assessment'!B403) -> 80 | B82: =IF(ISBLANK('MRA Full Assessment'!C403),"",'MRA Full Assessment'!C403) | C82: =IF(ISBLANK('MRA Full Assessment'!D403),"",'MRA Full Assessment'!D403) | D82: =IF(ISBLANK('MRA Full Assessment'!$U$353),"",'MRA Full Assessment'!$U$353) | E82: ='MRA Full Assessment'!$X$405 | F82: ='MRA Full Assessment'!$X$403 | G82: =IF(ISBLANK('MRA Full Assessment'!$Y$403),"",'MRA Full Assessment'!$Y$403)
A83: =IF(ISBLANK('MRA Full Assessment'!B408),"",'MRA Full Assessment'!B408) -> 81 | B83: =IF(ISBLANK('MRA Full Assessment'!C408),"",'MRA Full Assessment'!C408) | C83: =IF(ISBLANK('MRA Full Assessment'!D408),"",'MRA Full Assessment'!D408) | D83: =IF(ISBLANK('MRA Full Assessment'!$U$353),"",'MRA Full Assessment'!$U$353) | E83: ='MRA Full Assessment'!$X$410 | F83: ='MRA Full Assessment'!$X$408 | G83: =IF(ISBLANK('MRA Full Assessment'!$Y$408),"",'MRA Full Assessment'!$Y$408)
A84: =IF(ISBLANK('MRA Full Assessment'!B413),"",'MRA Full Assessment'!B413) -> 82 | B84: =IF(ISBLANK('MRA Full Assessment'!C413),"",'MRA Full Assessment'!C413) | C84: =IF(ISBLANK('MRA Full Assessment'!D413),"",'MRA Full Assessment'!D413) | D84: =IF(ISBLANK('MRA Full Assessment'!$U$353),"",'MRA Full Assessment'!$U$353) | E84: ='MRA Full Assessment'!$X$415 | F84: ='MRA Full Assessment'!$X$413 | G84: =IF(ISBLANK('MRA Full Assessment'!$Y$413),"",'MRA Full Assessment'!$Y$413)
A85: =IF(ISBLANK('MRA Full Assessment'!B418),"",'MRA Full Assessment'!B418) -> 83 | B85: =IF(ISBLANK('MRA Full Assessment'!C418),"",'MRA Full Assessment'!C418) | C85: =IF(ISBLANK('MRA Full Assessment'!D418),"",'MRA Full Assessment'!D418) | D85: =IF(ISBLANK('MRA Full Assessment'!$U$353),"",'MRA Full Assessment'!$U$353) | E85: ='MRA Full Assessment'!$X$420 | F85: ='MRA Full Assessment'!$X$418 | G85: =IF(ISBLANK('MRA Full Assessment'!$Y$418),"",'MRA Full Assessment'!$Y$418)
A86: =IF(ISBLANK('MRA Full Assessment'!B423),"",'MRA Full Assessment'!B423) -> 84 | B86: =IF(ISBLANK('MRA Full Assessment'!C423),"",'MRA Full Assessment'!C423) | C86: =IF(ISBLANK('MRA Full Assessment'!D423),"",'MRA Full Assessment'!D423) | D86: =IF(ISBLANK('MRA Full Assessment'!$U$353),"",'MRA Full Assessment'!$U$353) | E86: ='MRA Full Assessment'!$X$425 | F86: ='MRA Full Assessment'!$X$423 | G86: =IF(ISBLANK('MRA Full Assessment'!$Y$423),"",'MRA Full Assessment'!$Y$423)
A87: =IF(ISBLANK('MRA Full Assessment'!B428),"",'MRA Full Assessment'!B428) -> 85 | B87: =IF(ISBLANK('MRA Full Assessment'!C428),"",'MRA Full Assessment'!C428) | C87: =IF(ISBLANK('MRA Full Assessment'!D428),"",'MRA Full Assessment'!D428) | D87: =IF(ISBLANK('MRA Full Assessment'!$U$353),"",'MRA Full Assessment'!$U$353) | E87: ='MRA Full Assessment'!$X$430 | F87: ='MRA Full Assessment'!$X$428 | G87: =IF(ISBLANK('MRA Full Assessment'!$Y$428),"",'MRA Full Assessment'!$Y$428)
A88: =IF(ISBLANK('MRA Full Assessment'!B433),"",'MRA Full Assessment'!B433) -> 86 | B88: =IF(ISBLANK('MRA Full Assessment'!C433),"",'MRA Full Assessment'!C433) | C88: =IF(ISBLANK('MRA Full Assessment'!D433),"",'MRA Full Assessment'!D433) | D88: =IF(ISBLANK('MRA Full Assessment'!$U$353),"",'MRA Full Assessment'!$U$353) | E88: ='MRA Full Assessment'!$X$435 | F88: ='MRA Full Assessment'!$X$433 | G88: =IF(ISBLANK('MRA Full Assessment'!$Y$433),"",'MRA Full Assessment'!$Y$433)
A89: =IF(ISBLANK('MRA Full Assessment'!B438),"",'MRA Full Assessment'!B438) -> 87 | B89: =IF(ISBLANK('MRA Full Assessment'!C438),"",'MRA Full Assessment'!C438) | C89: =IF(ISBLANK('MRA Full Assessment'!D438),"",'MRA Full Assessment'!D438) | D89: =IF(ISBLANK('MRA Full Assessment'!$U$353),"",'MRA Full Assessment'!$U$353) | E89: ='MRA Full Assessment'!$X$440 | F89: ='MRA Full Assessment'!$X$438 | G89: =IF(ISBLANK('MRA Full Assessment'!$Y$438),"",'MRA Full Assessment'!$Y$438)
A90: =IF(ISBLANK('MRA Full Assessment'!B443),"",'MRA Full Assessment'!B443) -> 88 | B90: =IF(ISBLANK('MRA Full Assessment'!C443),"",'MRA Full Assessment'!C443) | C90: =IF(ISBLANK('MRA Full Assessment'!D443),"",'MRA Full Assessment'!D443) | D90: =IF(ISBLANK('MRA Full Assessment'!$U$353),"",'MRA Full Assessment'!$U$353) | E90: ='MRA Full Assessment'!$X$445 | F90: ='MRA Full Assessment'!$X$443 | G90: =IF(ISBLANK('MRA Full Assessment'!$Y$443),"",'MRA Full Assessment'!$Y$443)
A91: =IF(ISBLANK('MRA Full Assessment'!B448),"",'MRA Full Assessment'!B448) -> 89 | B91: =IF(ISBLANK('MRA Full Assessment'!C448),"",'MRA Full Assessment'!C448) | C91: =IF(ISBLANK('MRA Full Assessment'!D448),"",'MRA Full Assessment'!D448) | D91: =IF(ISBLANK('MRA Full Assessment'!$U$353),"",'MRA Full Assessment'!$U$353) | E91: ='MRA Full Assessment'!$X$450 | F91: ='MRA Full Assessment'!$X$448 | G91: =IF(ISBLANK('MRA Full Assessment'!$Y$448),"",'MRA Full Assessment'!$Y$448)
A92: =IF(ISBLANK('MRA Full Assessment'!B453),"",'MRA Full Assessment'!B453) -> 90 | B92: =IF(ISBLANK('MRA Full Assessment'!C453),"",'MRA Full Assessment'!C453) | C92: =IF(ISBLANK('MRA Full Assessment'!D453),"",'MRA Full Assessment'!D453) | D92: =IF(ISBLANK('MRA Full Assessment'!$U$353),"",'MRA Full Assessment'!$U$353) | E92: ='MRA Full Assessment'!$X$455 | F92: ='MRA Full Assessment'!$X$453 | G92: =IF(ISBLANK('MRA Full Assessment'!$Y$453),"",'MRA Full Assessment'!$Y$453)
A93: =IF(ISBLANK('MRA Full Assessment'!B458),"",'MRA Full Assessment'!B458) -> 91 | B93: =IF(ISBLANK('MRA Full Assessment'!C458),"",'MRA Full Assessment'!C458) | C93: =IF(ISBLANK('MRA Full Assessment'!D458),"",'MRA Full Assessment'!D458) | D93: =IF(ISBLANK('MRA Full Assessment'!$U$353),"",'MRA Full Assessment'!$U$353) | E93: ='MRA Full Assessment'!$X$460 | F93: ='MRA Full Assessment'!$X$458 | G93: =IF(ISBLANK('MRA Full Assessment'!$Y$458),"",'MRA Full Assessment'!$Y$458)
A94: =IF(ISBLANK('MRA Full Assessment'!B463),"",'MRA Full Assessment'!B463) -> 92 | B94: =IF(ISBLANK('MRA Full Assessment'!C463),"",'MRA Full Assessment'!C463) | C94: =IF(ISBLANK('MRA Full Assessment'!D463),"",'MRA Full Assessment'!D463) | D94: =IF(ISBLANK('MRA Full Assessment'!$U$353),"",'MRA Full Assessment'!$U$353) | E94: ='MRA Full Assessment'!$X$465 | F94: ='MRA Full Assessment'!$X$463 | G94: =IF(ISBLANK('MRA Full Assessment'!$Y$463),"",'MRA Full Assessment'!$Y$463)
A95: =IF(ISBLANK('MRA Full Assessment'!B468),"",'MRA Full Assessment'!B468) -> 93 | B95: =IF(ISBLANK('MRA Full Assessment'!C468),"",'MRA Full Assessment'!C468) | C95: =IF(ISBLANK('MRA Full Assessment'!D468),"",'MRA Full Assessment'!D468) | D95: =IF(ISBLANK('MRA Full Assessment'!$U$353),"",'MRA Full Assessment'!$U$353) | E95: ='MRA Full Assessment'!$X$470 | F95: ='MRA Full Assessment'!$X$468 | G95: =IF(ISBLANK('MRA Full Assessment'!$Y$468),"",'MRA Full Assessment'!$Y$468)
A96: =IF(ISBLANK('MRA Full Assessment'!B473),"",'MRA Full Assessment'!B473) -> 94 | B96: =IF(ISBLANK('MRA Full Assessment'!C473),"",'MRA Full Assessment'!C473) | C96: =IF(ISBLANK('MRA Full Assessment'!D473),"",'MRA Full Assessment'!D473) | D96: =IF(ISBLANK('MRA Full Assessment'!$U$353),"",'MRA Full Assessment'!$U$353) | E96: ='MRA Full Assessment'!$X$475 | F96: ='MRA Full Assessment'!$X$473 | G96: =IF(ISBLANK('MRA Full Assessment'!$Y$473),"",'MRA Full Assessment'!$Y$473)
A97: =IF(ISBLANK('MRA Full Assessment'!B478),"",'MRA Full Assessment'!B478) -> 95 | B97: =IF(ISBLANK('MRA Full Assessment'!C478),"",'MRA Full Assessment'!C478) | C97: =IF(ISBLANK('MRA Full Assessment'!D478),"",'MRA Full Assessment'!D478) | D97: =IF(ISBLANK('MRA Full Assessment'!$U$353),"",'MRA Full Assessment'!$U$353) | E97: ='MRA Full Assessment'!$X$480 | F97: ='MRA Full Assessment'!$X$478 | G97: =IF(ISBLANK('MRA Full Assessment'!$Y$478),"",'MRA Full Assessment'!$Y$478)
A98: =IF(ISBLANK('MRA Full Assessment'!B483),"",'MRA Full Assessment'!B483) -> 96 | B98: =IF(ISBLANK('MRA Full Assessment'!C483),"",'MRA Full Assessment'!C483) | C98: =IF(ISBLANK('MRA Full Assessment'!D483),"",'MRA Full Assessment'!D483) | D98: =IF(ISBLANK('MRA Full Assessment'!$U$353),"",'MRA Full Assessment'!$U$353) | E98: ='MRA Full Assessment'!$X$485 | F98: ='MRA Full Assessment'!$X$483 | G98: =IF(ISBLANK('MRA Full Assessment'!$Y$483),"",'MRA Full Assessment'!$Y$483)
A99: =IF(ISBLANK('MRA Full Assessment'!B488),"",'MRA Full Assessment'!B488) -> 97 | B99: =IF(ISBLANK('MRA Full Assessment'!C488),"",'MRA Full Assessment'!C488) | C99: =IF(ISBLANK('MRA Full Assessment'!D488),"",'MRA Full Assessment'!D488) | D99: =IF(ISBLANK('MRA Full Assessment'!$U$353),"",'MRA Full Assessment'!$U$353) | E99: ='MRA Full Assessment'!$X$490 | F99: ='MRA Full Assessment'!$X$488 | G99: =IF(ISBLANK('MRA Full Assessment'!$Y$488),"",'MRA Full Assessment'!$Y$488)
A100: =IF(ISBLANK('MRA Full Assessment'!B493),"",'MRA Full Assessment'!B493) -> 98 | B100: =IF(ISBLANK('MRA Full Assessment'!C493),"",'MRA Full Assessment'!C493) | C100: =IF(ISBLANK('MRA Full Assessment'!D493),"",'MRA Full Assessment'!D493) | D100: =IF(ISBLANK('MRA Full Assessment'!$U$353),"",'MRA Full Assessment'!$U$353) | E100: ='MRA Full Assessment'!$X$495 | F100: ='MRA Full Assessment'!$X$493 | G100: =IF(ISBLANK('MRA Full Assessment'!$Y$493),"",'MRA Full Assessment'!$Y$493)
...

Sheet Summary
H1: EVALUACIÓN INICIAL - SIN SALVAGUARDAS / SIN PROTECCIÓN | J1: PLr | K1: REEVALUACIÓN CON LAS SALVAGUARDAS EXISTENTES | N1: CONTROLES PROPUESTOS PARA REDUCIR EL RIESGO A UN NIVEL ACEPTABLE | Q1: CONTROLES REALES IMPLEMENTADOS PARA REDUCIR EL RIESGO A UN NIVEL ACEPTABLE
A2: PELIGRO # | B2: Condición de Uso (Tarea) | C2: Peligro(s) / Modo de fallo | D2: Operator | E2: Mantenimiento | F2: Contractors | G2: Otros | H2: Antes de HRN | I2: Antes del nivel de riesgo | J2: ISO 13849 PLr | K2: Mitigación actual | L2: HRN actual | M2: Nivel de riesgo actual | N2: Mitigación propuesta | O2: HRN propuesta | P2: Nivel de riesgo propuesto | Q2: Implemented Mitigation | R2: Implemented HRN | S2: Implemented Risk Level
A3: =IF(ISBLANK('MRA Full Assessment'!B8),"",'MRA Full Assessment'!B8) -> 1 | B3: o | C3: =IF(ISBLANK('MRA Full Assessment'!D8),"",'MRA Full Assessment'!D8) | D3: =IF(ISBLANK('MRA Full Assessment'!G8),"",'MRA Full Assessment'!G8) | E3: =IF(ISBLANK('MRA Full Assessment'!H8),"",'MRA Full Assessment'!H8) | F3: =IF(ISBLANK('MRA Full Assessment'!I8),"",'MRA Full Assessment'!I8) | G3: =IF(ISBLANK('MRA Full Assessment'!J8),"",'MRA Full Assessment'!J8) | H3: ='MRA Full Assessment'!$M$10 | I3: ='MRA Full Assessment'!$M$8 | J3: ='MRA Full Assessment'!$T$10 | K3: =IF(ISBLANK('MRA Full Assessment'!$U$8),"",'MRA Full Assessment'!$U$8) | L3: ='MRA Full Assessment'!$X$10 | M3: ='MRA Full Assessment'!$X$8 | N3: =IF(ISBLANK('MRA Full Assessment'!$Y$8),"",'MRA Full Assessment'!$Y$8) | O3: ='MRA Full Assessment'!$AB$10 | P3: ='MRA Full Assessment'!$AB$8 | Q3: =IF(ISBLANK('MRA Full Assessment'!$AC$8),"",'MRA Full Assessment'!$AC$8) | R3: ='MRA Full Assessment'!$AG$10 | S3: =IF(ISBLANK('MRA Full Assessment'!$AG$8),"",'MRA Full Assessment'!$AG$8)
A4: =IF(ISBLANK('MRA Full Assessment'!B13),"",'MRA Full Assessment'!B13) -> 2 | B4: =IF(ISBLANK('MRA Full Assessment'!C13),"",'MRA Full Assessment'!C13) | C4: =IF(ISBLANK('MRA Full Assessment'!D13),"",'MRA Full Assessment'!D13) | D4: =IF(ISBLANK('MRA Full Assessment'!G13),"",'MRA Full Assessment'!G13) | E4: =IF(ISBLANK('MRA Full Assessment'!H13),"",'MRA Full Assessment'!H13) | F4: =IF(ISBLANK('MRA Full Assessment'!I13),"",'MRA Full Assessment'!I13) | G4: =IF(ISBLANK('MRA Full Assessment'!J13),"",'MRA Full Assessment'!J13) | H4: ='MRA Full Assessment'!$M$15 | I4: ='MRA Full Assessment'!$M$13 | J4: ='MRA Full Assessment'!$T$15 | K4: =IF(ISBLANK('MRA Full Assessment'!$U$13),"",'MRA Full Assessment'!$U$13) | L4: ='MRA Full Assessment'!$X$15 | M4: ='MRA Full Assessment'!$X$13 | N4: =IF(ISBLANK('MRA Full Assessment'!$Y$13),"",'MRA Full Assessment'!$Y$13) | O4: ='MRA Full Assessment'!$AB$15 | P4: ='MRA Full Assessment'!$AB$13 | Q4: =IF(ISBLANK('MRA Full Assessment'!$AC$13),"",'MRA Full Assessment'!$AC$13) | R4: ='MRA Full Assessment'!$AG$15 | S4: =IF(ISBLANK('MRA Full Assessment'!$AG$13),"",'MRA Full Assessment'!$AG$13)
A5: =IF(ISBLANK('MRA Full Assessment'!B18),"",'MRA Full Assessment'!B18) -> 3 | B5: =IF(ISBLANK('MRA Full Assessment'!C18),"",'MRA Full Assessment'!C18) | C5: =IF(ISBLANK('MRA Full Assessment'!D18),"",'MRA Full Assessment'!D18) | D5: =IF(ISBLANK('MRA Full Assessment'!G18),"",'MRA Full Assessment'!G18) | E5: =IF(ISBLANK('MRA Full Assessment'!H18),"",'MRA Full Assessment'!H18) | F5: =IF(ISBLANK('MRA Full Assessment'!I18),"",'MRA Full Assessment'!I18) | G5: =IF(ISBLANK('MRA Full Assessment'!J18),"",'MRA Full Assessment'!J18) | H5: ='MRA Full Assessment'!$M$20 | I5: ='MRA Full Assessment'!$M$18 | J5: ='MRA Full Assessment'!$T$20 | K5: =IF(ISBLANK('MRA Full Assessment'!$U$18),"",'MRA Full Assessment'!$U$18) | L5: ='MRA Full Assessment'!$X$20 | M5: ='MRA Full Assessment'!$X$18 | N5: =IF(ISBLANK('MRA Full Assessment'!$Y$18),"",'MRA Full Assessment'!$Y$18) | O5: ='MRA Full Assessment'!$AB$20 | P5: ='MRA Full Assessment'!$AB$18 | Q5: =IF(ISBLANK('MRA Full Assessment'!$AC$18),"",'MRA Full Assessment'!$AC$18) | R5: ='MRA Full Assessment'!$AG$20 | S5: =IF(ISBLANK('MRA Full Assessment'!$AG$18),"",'MRA Full Assessment'!$AG$18)
A6: =IF(ISBLANK('MRA Full Assessment'!B23),"",'MRA Full Assessment'!B23) -> 4 | B6: =IF(ISBLANK('MRA Full Assessment'!C23),"",'MRA Full Assessment'!C23) | C6: =IF(ISBLANK('MRA Full Assessment'!D23),"",'MRA Full Assessment'!D23) | D6: =IF(ISBLANK('MRA Full Assessment'!G23),"",'MRA Full Assessment'!G23) | E6: =IF(ISBLANK('MRA Full Assessment'!H23),"",'MRA Full Assessment'!H23) | F6: =IF(ISBLANK('MRA Full Assessment'!I23),"",'MRA Full Assessment'!I23) | G6: =IF(ISBLANK('MRA Full Assessment'!J23),"",'MRA Full Assessment'!J23) | H6: ='MRA Full Assessment'!$M$25 | I6: ='MRA Full Assessment'!$M$23 | J6: ='MRA Full Assessment'!$T$25 | K6: =IF(ISBLANK('MRA Full Assessment'!$U$23),"",'MRA Full Assessment'!$U$23) | L6: ='MRA Full Assessment'!$X$25 | M6: ='MRA Full Assessment'!$X$23 | N6: =IF(ISBLANK('MRA Full Assessment'!$Y$23),"",'MRA Full Assessment'!$Y$23) | O6: ='MRA Full Assessment'!$AB$25 | P6: ='MRA Full Assessment'!$AB$23 | Q6: =IF(ISBLANK('MRA Full Assessment'!$AC$23),"",'MRA Full Assessment'!$AC$23) | R6: ='MRA Full Assessment'!$AG$25 | S6: =IF(ISBLANK('MRA Full Assessment'!$AG$23),"",'MRA Full Assessment'!$AG$23)
A7: =IF(ISBLANK('MRA Full Assessment'!B28),"",'MRA Full Assessment'!B28) -> 5 | B7: =IF(ISBLANK('MRA Full Assessment'!C28),"",'MRA Full Assessment'!C28) | C7: =IF(ISBLANK('MRA Full Assessment'!D28),"",'MRA Full Assessment'!D28) | D7: =IF(ISBLANK('MRA Full Assessment'!G28),"",'MRA Full Assessment'!G28) | E7: =IF(ISBLANK('MRA Full Assessment'!H28),"",'MRA Full Assessment'!H28) | F7: =IF(ISBLANK('MRA Full Assessment'!I28),"",'MRA Full Assessment'!I28) | G7: =IF(ISBLANK('MRA Full Assessment'!J28),"",'MRA Full Assessment'!J28) | H7: ='MRA Full Assessment'!$M$30 | I7: ='MRA Full Assessment'!$M$28 | J7: ='MRA Full Assessment'!$T$30 | K7: =IF(ISBLANK('MRA Full Assessment'!$U$28),"",'MRA Full Assessment'!$U$28) | L7: ='MRA Full Assessment'!$X$30 | M7: ='MRA Full Assessment'!$X$28 | N7: =IF(ISBLANK('MRA Full Assessment'!$Y$28),"",'MRA Full Assessment'!$Y$28) | O7: ='MRA Full Assessment'!$AB$30 | P7: ='MRA Full Assessment'!$AB$28 | Q7: =IF(ISBLANK('MRA Full Assessment'!$AC$28),"",'MRA Full Assessment'!$AC$28) | R7: ='MRA Full Assessment'!$AG$30 | S7: =IF(ISBLANK('MRA Full Assessment'!$AG$28),"",'MRA Full Assessment'!$AG$28)
A8: =IF(ISBLANK('MRA Full Assessment'!B33),"",'MRA Full Assessment'!B33) -> 6 | B8: =IF(ISBLANK('MRA Full Assessment'!C33),"",'MRA Full Assessment'!C33) | C8: =IF(ISBLANK('MRA Full Assessment'!D33),"",'MRA Full Assessment'!D33) | D8: =IF(ISBLANK('MRA Full Assessment'!G33),"",'MRA Full Assessment'!G33) | E8: =IF(ISBLANK('MRA Full Assessment'!H33),"",'MRA Full Assessment'!H33) | F8: =IF(ISBLANK('MRA Full Assessment'!I33),"",'MRA Full Assessment'!I33) | G8: =IF(ISBLANK('MRA Full Assessment'!J33),"",'MRA Full Assessment'!J33) | H8: ='MRA Full Assessment'!$M$35 | I8: ='MRA Full Assessment'!$M$33 | J8: ='MRA Full Assessment'!$T$35 | K8: =IF(ISBLANK('MRA Full Assessment'!$U$33),"",'MRA Full Assessment'!$U$33) | L8: ='MRA Full Assessment'!$X$35 | M8: ='MRA Full Assessment'!$X$33 | N8: =IF(ISBLANK('MRA Full Assessment'!$Y$33),"",'MRA Full Assessment'!$Y$33) | O8: ='MRA Full Assessment'!$AB$35 | P8: ='MRA Full Assessment'!$AB$33 | R8: ='MRA Full Assessment'!$AG$35 | S8: =IF(ISBLANK('MRA Full Assessment'!$AG$33),"",'MRA Full Assessment'!$AG$33)
A9: =IF(ISBLANK('MRA Full Assessment'!B38),"",'MRA Full Assessment'!B38) -> 7 | B9: =IF(ISBLANK('MRA Full Assessment'!C38),"",'MRA Full Assessment'!C38) | C9: =IF(ISBLANK('MRA Full Assessment'!D38),"",'MRA Full Assessment'!D38) | D9: =IF(ISBLANK('MRA Full Assessment'!G38),"",'MRA Full Assessment'!G38) | E9: =IF(ISBLANK('MRA Full Assessment'!H38),"",'MRA Full Assessment'!H38) | F9: =IF(ISBLANK('MRA Full Assessment'!I38),"",'MRA Full Assessment'!I38) | G9: =IF(ISBLANK('MRA Full Assessment'!J38),"",'MRA Full Assessment'!J38) | H9: ='MRA Full Assessment'!$M$40 | I9: ='MRA Full Assessment'!$M$38 | J9: ='MRA Full Assessment'!$T$40 | K9: =IF(ISBLANK('MRA Full Assessment'!$U$38),"",'MRA Full Assessment'!$U$38) | L9: ='MRA Full Assessment'!$X$40 | M9: ='MRA Full Assessment'!$X$38 | N9: =IF(ISBLANK('MRA Full Assessment'!$Y$38),"",'MRA Full Assessment'!$Y$38) | O9: ='MRA Full Assessment'!$AB$40 | P9: ='MRA Full Assessment'!$AB$38 | Q9: =IF(ISBLANK('MRA Full Assessment'!$AC$38),"",'MRA Full Assessment'!$AC$38) | R9: ='MRA Full Assessment'!$AG$40 | S9: =IF(ISBLANK('MRA Full Assessment'!$AG$38),"",'MRA Full Assessment'!$AG$38)
A10: =IF(ISBLANK('MRA Full Assessment'!B43),"",'MRA Full Assessment'!B43) -> 8 | B10: =IF(ISBLANK('MRA Full Assessment'!C43),"",'MRA Full Assessment'!C43) | C10: =IF(ISBLANK('MRA Full Assessment'!D43),"",'MRA Full Assessment'!D43) | D10: =IF(ISBLANK('MRA Full Assessment'!G43),"",'MRA Full Assessment'!G43) | E10: =IF(ISBLANK('MRA Full Assessment'!H43),"",'MRA Full Assessment'!H43) | F10: =IF(ISBLANK('MRA Full Assessment'!I43),"",'MRA Full Assessment'!I43) | G10: =IF(ISBLANK('MRA Full Assessment'!J43),"",'MRA Full Assessment'!J43) | H10: ='MRA Full Assessment'!$M$45 | I10: ='MRA Full Assessment'!$M$43 | J10: ='MRA Full Assessment'!$T$45 | K10: =IF(ISBLANK('MRA Full Assessment'!$U$43),"",'MRA Full Assessment'!$U$43) | L10: ='MRA Full Assessment'!$X$45 | M10: ='MRA Full Assessment'!$X$43 | N10: =IF(ISBLANK('MRA Full Assessment'!$Y$43),"",'MRA Full Assessment'!$Y$43) | O10: ='MRA Full Assessment'!$AB$45 | P10: ='MRA Full Assessment'!$AB$43 | Q10: =IF(ISBLANK('MRA Full Assessment'!$AC$43),"",'MRA Full Assessment'!$AC$43) | R10: ='MRA Full Assessment'!$AG$45 | S10: =IF(ISBLANK('MRA Full Assessment'!$AG$38),"",'MRA Full Assessment'!$AG$38)
A11: =IF(ISBLANK('MRA Full Assessment'!B48),"",'MRA Full Assessment'!B48) -> 9 | B11: =IF(ISBLANK('MRA Full Assessment'!C48),"",'MRA Full Assessment'!C48) | C11: =IF(ISBLANK('MRA Full Assessment'!D48),"",'MRA Full Assessment'!D48) | D11: =IF(ISBLANK('MRA Full Assessment'!G48),"",'MRA Full Assessment'!G48) | E11: =IF(ISBLANK('MRA Full Assessment'!H48),"",'MRA Full Assessment'!H48) | F11: =IF(ISBLANK('MRA Full Assessment'!I48),"",'MRA Full Assessment'!I48) | G11: =IF(ISBLANK('MRA Full Assessment'!J48),"",'MRA Full Assessment'!J48) | H11: ='MRA Full Assessment'!$M$50 | I11: ='MRA Full Assessment'!$M$48 | J11: ='MRA Full Assessment'!$T$50 | K11: =IF(ISBLANK('MRA Full Assessment'!$U$48),"",'MRA Full Assessment'!$U$48) | L11: ='MRA Full Assessment'!$X$50 | M11: ='MRA Full Assessment'!$X$48 | N11: =IF(ISBLANK('MRA Full Assessment'!$Y$48),"",'MRA Full Assessment'!$Y$48) | O11: ='MRA Full Assessment'!$AB$50 | P11: ='MRA Full Assessment'!$AB$48 | Q11: =IF(ISBLANK('MRA Full Assessment'!$AC$48),"",'MRA Full Assessment'!$AC$38) | R11: ='MRA Full Assessment'!$AG$50 | S11: =IF(ISBLANK('MRA Full Assessment'!$AG$48),"",'MRA Full Assessment'!$AG$48)
A12: =IF(ISBLANK('MRA Full Assessment'!B53),"",'MRA Full Assessment'!B53) -> 10 | B12: =IF(ISBLANK('MRA Full Assessment'!C53),"",'MRA Full Assessment'!C53) | C12: =IF(ISBLANK('MRA Full Assessment'!D53),"",'MRA Full Assessment'!D53) | D12: =IF(ISBLANK('MRA Full Assessment'!G53),"",'MRA Full Assessment'!G53) | E12: =IF(ISBLANK('MRA Full Assessment'!H53),"",'MRA Full Assessment'!H53) | F12: =IF(ISBLANK('MRA Full Assessment'!I53),"",'MRA Full Assessment'!I53) | G12: =IF(ISBLANK('MRA Full Assessment'!J53),"",'MRA Full Assessment'!J53) | H12: ='MRA Full Assessment'!$M$55 | I12: ='MRA Full Assessment'!$M$53 | J12: ='MRA Full Assessment'!$T$55 | K12: =IF(ISBLANK('MRA Full Assessment'!$U$53),"",'MRA Full Assessment'!$U$53) | L12: ='MRA Full Assessment'!$X$55 | M12: ='MRA Full Assessment'!$X$53 | N12: =IF(ISBLANK('MRA Full Assessment'!$Y$53),"",'MRA Full Assessment'!$Y$53) | O12: ='MRA Full Assessment'!$AB$55 | P12: ='MRA Full Assessment'!$AB$53 | Q12: =IF(ISBLANK('MRA Full Assessment'!$AC$53),"",'MRA Full Assessment'!$AC$53) | R12: ='MRA Full Assessment'!$AG$55 | S12: =IF(ISBLANK('MRA Full Assessment'!$AG$53),"",'MRA Full Assessment'!$AG$53)
A13: =IF(ISBLANK('MRA Full Assessment'!B58),"",'MRA Full Assessment'!B58) -> 11 | B13: =IF(ISBLANK('MRA Full Assessment'!C58),"",'MRA Full Assessment'!C58) | C13: =IF(ISBLANK('MRA Full Assessment'!D58),"",'MRA Full Assessment'!D58) | D13: =IF(ISBLANK('MRA Full Assessment'!G58),"",'MRA Full Assessment'!G58) | E13: =IF(ISBLANK('MRA Full Assessment'!H58),"",'MRA Full Assessment'!H58) | F13: =IF(ISBLANK('MRA Full Assessment'!I58),"",'MRA Full Assessment'!I58) | G13: =IF(ISBLANK('MRA Full Assessment'!J58),"",'MRA Full Assessment'!J58) | H13: ='MRA Full Assessment'!$M$60 | I13: ='MRA Full Assessment'!$M$58 | J13: ='MRA Full Assessment'!$T$60 | K13: =IF(ISBLANK('MRA Full Assessment'!$U$53),"",'MRA Full Assessment'!$U$53) | L13: ='MRA Full Assessment'!$X$60 | M13: ='MRA Full Assessment'!$X$58 | N13: =IF(ISBLANK('MRA Full Assessment'!$Y$53),"",'MRA Full Assessment'!$Y$53) | O13: ='MRA Full Assessment'!$AB$60 | P13: ='MRA Full Assessment'!$AB$58 | Q13: =IF(ISBLANK('MRA Full Assessment'!$AC$58),"",'MRA Full Assessment'!$AC$58) | R13: ='MRA Full Assessment'!$AG$60 | S13: =IF(ISBLANK('MRA Full Assessment'!$AG$58),"",'MRA Full Assessment'!$AG$58)
A14: =IF(ISBLANK('MRA Full Assessment'!B63),"",'MRA Full Assessment'!B63) -> 12 | B14: =IF(ISBLANK('MRA Full Assessment'!C63),"",'MRA Full Assessment'!C63) | C14: =IF(ISBLANK('MRA Full Assessment'!D63),"",'MRA Full Assessment'!D63) | D14: =IF(ISBLANK('MRA Full Assessment'!G63),"",'MRA Full Assessment'!G63) | E14: =IF(ISBLANK('MRA Full Assessment'!H63),"",'MRA Full Assessment'!H63) | F14: =IF(ISBLANK('MRA Full Assessment'!I63),"",'MRA Full Assessment'!I63) | G14: =IF(ISBLANK('MRA Full Assessment'!J63),"",'MRA Full Assessment'!J63) | H14: ='MRA Full Assessment'!$M$65 | I14: ='MRA Full Assessment'!$M$63 | J14: ='MRA Full Assessment'!$T$65 | K14: =IF(ISBLANK('MRA Full Assessment'!$U$63),"",'MRA Full Assessment'!$U$63) | L14: ='MRA Full Assessment'!$X$65 | M14: ='MRA Full Assessment'!$X$63 | N14: =IF(ISBLANK('MRA Full Assessment'!$Y$63),"",'MRA Full Assessment'!$Y$63) | O14: ='MRA Full Assessment'!$AB$65 | P14: ='MRA Full Assessment'!$AB$63 | Q14: =IF(ISBLANK('MRA Full Assessment'!$AC$63),"",'MRA Full Assessment'!$AC$63) | R14: ='MRA Full Assessment'!$AG$65 | S14: =IF(ISBLANK('MRA Full Assessment'!$AG$63),"",'MRA Full Assessment'!$AG$63)
A15: =IF(ISBLANK('MRA Full Assessment'!B68),"",'MRA Full Assessment'!B68) -> 13 | B15: =IF(ISBLANK('MRA Full Assessment'!C68),"",'MRA Full Assessment'!C68) | C15: =IF(ISBLANK('MRA Full Assessment'!D68),"",'MRA Full Assessment'!D68) | D15: =IF(ISBLANK('MRA Full Assessment'!G68),"",'MRA Full Assessment'!G68) | E15: =IF(ISBLANK('MRA Full Assessment'!H68),"",'MRA Full Assessment'!H68) | F15: =IF(ISBLANK('MRA Full Assessment'!I68),"",'MRA Full Assessment'!I68) | G15: =IF(ISBLANK('MRA Full Assessment'!J68),"",'MRA Full Assessment'!J68) | H15: ='MRA Full Assessment'!$M$70 | I15: ='MRA Full Assessment'!$M$68 | J15: ='MRA Full Assessment'!$T$70 | K15: =IF(ISBLANK('MRA Full Assessment'!$U$68),"",'MRA Full Assessment'!$U$68) | L15: ='MRA Full Assessment'!$X$70 | M15: ='MRA Full Assessment'!$X$68 | N15: =IF(ISBLANK('MRA Full Assessment'!$Y$68),"",'MRA Full Assessment'!$Y$68) | O15: ='MRA Full Assessment'!$AB$70 | P15: ='MRA Full Assessment'!$AB$68 | Q15: =IF(ISBLANK('MRA Full Assessment'!$AC$68),"",'MRA Full Assessment'!$AC$68) | R15: ='MRA Full Assessment'!$AG$70 | S15: =IF(ISBLANK('MRA Full Assessment'!$AG$68),"",'MRA Full Assessment'!$AG$68)
A16: =IF(ISBLANK('MRA Full Assessment'!B73),"",'MRA Full Assessment'!B73) -> 14 | B16: =IF(ISBLANK('MRA Full Assessment'!C73),"",'MRA Full Assessment'!C73) | C16: =IF(ISBLANK('MRA Full Assessment'!D73),"",'MRA Full Assessment'!D73) | D16: =IF(ISBLANK('MRA Full Assessment'!G73),"",'MRA Full Assessment'!G73) | E16: =IF(ISBLANK('MRA Full Assessment'!H73),"",'MRA Full Assessment'!H73) | F16: =IF(ISBLANK('MRA Full Assessment'!I73),"",'MRA Full Assessment'!I73) | G16: =IF(ISBLANK('MRA Full Assessment'!J73),"",'MRA Full Assessment'!J73) | H16: ='MRA Full Assessment'!$M$75 | I16: ='MRA Full Assessment'!$M$73 | J16: ='MRA Full Assessment'!$T$75 | K16: =IF(ISBLANK('MRA Full Assessment'!$U$73),"",'MRA Full Assessment'!$U$73) | L16: ='MRA Full Assessment'!$X$75 | M16: ='MRA Full Assessment'!$X$73 | N16: =IF(ISBLANK('MRA Full Assessment'!$Y$73),"",'MRA Full Assessment'!$Y$73) | O16: ='MRA Full Assessment'!$AB$75 | P16: ='MRA Full Assessment'!$AB$73 | Q16: =IF(ISBLANK('MRA Full Assessment'!$AC$73),"",'MRA Full Assessment'!$AC$73) | R16: ='MRA Full Assessment'!$AG$75 | S16: =IF(ISBLANK('MRA Full Assessment'!$AG$73),"",'MRA Full Assessment'!$AG$73)
A17: =IF(ISBLANK('MRA Full Assessment'!B78),"",'MRA Full Assessment'!B78) -> 15 | B17: =IF(ISBLANK('MRA Full Assessment'!C78),"",'MRA Full Assessment'!C78) | C17: =IF(ISBLANK('MRA Full Assessment'!D78),"",'MRA Full Assessment'!D78) | D17: =IF(ISBLANK('MRA Full Assessment'!G78),"",'MRA Full Assessment'!G78) | E17: =IF(ISBLANK('MRA Full Assessment'!H78),"",'MRA Full Assessment'!H78) | F17: =IF(ISBLANK('MRA Full Assessment'!I78),"",'MRA Full Assessment'!I78) | G17: =IF(ISBLANK('MRA Full Assessment'!J78),"",'MRA Full Assessment'!J78) | H17: ='MRA Full Assessment'!$M$80 | I17: ='MRA Full Assessment'!$M$78 | J17: ='MRA Full Assessment'!$T$80 | K17: =IF(ISBLANK('MRA Full Assessment'!$U$78),"",'MRA Full Assessment'!$U$78) | L17: ='MRA Full Assessment'!$X$80 | M17: ='MRA Full Assessment'!$X$78 | N17: =IF(ISBLANK('MRA Full Assessment'!$Y$78),"",'MRA Full Assessment'!$Y$78) | O17: ='MRA Full Assessment'!$AB$80 | P17: ='MRA Full Assessment'!$AB$78 | Q17: =IF(ISBLANK('MRA Full Assessment'!$AC$78),"",'MRA Full Assessment'!$AC$78) | R17: ='MRA Full Assessment'!$AG$80 | S17: =IF(ISBLANK('MRA Full Assessment'!$AG$78),"",'MRA Full Assessment'!$AG$78)
A18: =IF(ISBLANK('MRA Full Assessment'!B83),"",'MRA Full Assessment'!B83) -> 16 | B18: =IF(ISBLANK('MRA Full Assessment'!C83),"",'MRA Full Assessment'!C83) | C18: =IF(ISBLANK('MRA Full Assessment'!D83),"",'MRA Full Assessment'!D83) | D18: =IF(ISBLANK('MRA Full Assessment'!G83),"",'MRA Full Assessment'!G83) | E18: =IF(ISBLANK('MRA Full Assessment'!H83),"",'MRA Full Assessment'!H83) | F18: =IF(ISBLANK('MRA Full Assessment'!I83),"",'MRA Full Assessment'!I83) | G18: =IF(ISBLANK('MRA Full Assessment'!J83),"",'MRA Full Assessment'!J83) | H18: ='MRA Full Assessment'!$M$85 | I18: ='MRA Full Assessment'!$M$83 | J18: ='MRA Full Assessment'!$T$85 | K18: =IF(ISBLANK('MRA Full Assessment'!$U$83),"",'MRA Full Assessment'!$U$83) | L18: ='MRA Full Assessment'!$X$85 | M18: ='MRA Full Assessment'!$X$83 | N18: =IF(ISBLANK('MRA Full Assessment'!$Y$83),"",'MRA Full Assessment'!$Y$83) | O18: ='MRA Full Assessment'!$AB$85 | P18: ='MRA Full Assessment'!$AB$83 | Q18: =IF(ISBLANK('MRA Full Assessment'!$AC$83),"",'MRA Full Assessment'!$AC$83) | R18: ='MRA Full Assessment'!$AG$85 | S18: =IF(ISBLANK('MRA Full Assessment'!$AG$83),"",'MRA Full Assessment'!$AG$83)
A19: =IF(ISBLANK('MRA Full Assessment'!B88),"",'MRA Full Assessment'!B88) -> 17 | B19: =IF(ISBLANK('MRA Full Assessment'!C88),"",'MRA Full Assessment'!C88) | C19: =IF(ISBLANK('MRA Full Assessment'!D88),"",'MRA Full Assessment'!D88) | D19: =IF(ISBLANK('MRA Full Assessment'!G88),"",'MRA Full Assessment'!G88) | E19: =IF(ISBLANK('MRA Full Assessment'!H88),"",'MRA Full Assessment'!H88) | F19: =IF(ISBLANK('MRA Full Assessment'!I88),"",'MRA Full Assessment'!I88) | G19: =IF(ISBLANK('MRA Full Assessment'!J88),"",'MRA Full Assessment'!J88) | H19: ='MRA Full Assessment'!$M$90 | I19: ='MRA Full Assessment'!$M$88 | J19: ='MRA Full Assessment'!$T$90 | K19: =IF(ISBLANK('MRA Full Assessment'!$U$88),"",'MRA Full Assessment'!$U$88) | L19: ='MRA Full Assessment'!$X$90 | M19: ='MRA Full Assessment'!$X$88 | N19: =IF(ISBLANK('MRA Full Assessment'!$Y$88),"",'MRA Full Assessment'!$Y$88) | O19: ='MRA Full Assessment'!$AB$90 | P19: ='MRA Full Assessment'!$AB$88 | Q19: =IF(ISBLANK('MRA Full Assessment'!$AC$88),"",'MRA Full Assessment'!$AC$88) | R19: ='MRA Full Assessment'!$AG$90 | S19: =IF(ISBLANK('MRA Full Assessment'!$AG$88),"",'MRA Full Assessment'!$AG$88)
A20: =IF(ISBLANK('MRA Full Assessment'!B93),"",'MRA Full Assessment'!B93) -> 18 | B20: =IF(ISBLANK('MRA Full Assessment'!C93),"",'MRA Full Assessment'!C93) | C20: =IF(ISBLANK('MRA Full Assessment'!D93),"",'MRA Full Assessment'!D93) | D20: =IF(ISBLANK('MRA Full Assessment'!G93),"",'MRA Full Assessment'!G93) | E20: =IF(ISBLANK('MRA Full Assessment'!H93),"",'MRA Full Assessment'!H93) | F20: =IF(ISBLANK('MRA Full Assessment'!I93),"",'MRA Full Assessment'!I93) | G20: =IF(ISBLANK('MRA Full Assessment'!J93),"",'MRA Full Assessment'!J93) | H20: ='MRA Full Assessment'!$M$95 | I20: ='MRA Full Assessment'!$M$93 | J20: ='MRA Full Assessment'!$T$95 | K20: =IF(ISBLANK('MRA Full Assessment'!$U$93),"",'MRA Full Assessment'!$U$93) | L20: ='MRA Full Assessment'!$X$95 | M20: ='MRA Full Assessment'!$X$93 | N20: =IF(ISBLANK('MRA Full Assessment'!$Y$93),"",'MRA Full Assessment'!$Y$93) | O20: ='MRA Full Assessment'!$AB$95 | P20: ='MRA Full Assessment'!$AB$93 | Q20: =IF(ISBLANK('MRA Full Assessment'!$AC$93),"",'MRA Full Assessment'!$AC$93) | R20: ='MRA Full Assessment'!$AG$95 | S20: =IF(ISBLANK('MRA Full Assessment'!$AG$93),"",'MRA Full Assessment'!$AG$93)
A21: =IF(ISBLANK('MRA Full Assessment'!B98),"",'MRA Full Assessment'!B98) -> 19 | B21: =IF(ISBLANK('MRA Full Assessment'!C98),"",'MRA Full Assessment'!C98) | C21: =IF(ISBLANK('MRA Full Assessment'!D98),"",'MRA Full Assessment'!D98) | D21: =IF(ISBLANK('MRA Full Assessment'!H98),"",'MRA Full Assessment'!H98) | E21: =IF(ISBLANK('MRA Full Assessment'!I98),"",'MRA Full Assessment'!I98) | F21: =IF(ISBLANK('MRA Full Assessment'!J98),"",'MRA Full Assessment'!J98) | G21: =IF(ISBLANK('MRA Full Assessment'!J98),"",'MRA Full Assessment'!J98) | H21: ='MRA Full Assessment'!$M$100 | I21: ='MRA Full Assessment'!$M$98 | J21: ='MRA Full Assessment'!$T$100 | K21: =IF(ISBLANK('MRA Full Assessment'!$U$98),"",'MRA Full Assessment'!$U$98) | L21: ='MRA Full Assessment'!$X$100 | M21: ='MRA Full Assessment'!$X$98 | N21: =IF(ISBLANK('MRA Full Assessment'!$Y$98),"",'MRA Full Assessment'!$Y$98) | O21: ='MRA Full Assessment'!$AB$100 | P21: ='MRA Full Assessment'!$AB$98 | Q21: =IF(ISBLANK('MRA Full Assessment'!$AC$98),"",'MRA Full Assessment'!$AC$98) | R21: ='MRA Full Assessment'!$AG$100 | S21: =IF(ISBLANK('MRA Full Assessment'!$AG$98),"",'MRA Full Assessment'!$AG$98)
A22: =IF(ISBLANK('MRA Full Assessment'!B103),"",'MRA Full Assessment'!B103) -> 20 | B22: =IF(ISBLANK('MRA Full Assessment'!C103),"",'MRA Full Assessment'!C103) | C22: =IF(ISBLANK('MRA Full Assessment'!D103),"",'MRA Full Assessment'!D103) | D22: =IF(ISBLANK('MRA Full Assessment'!G103),"",'MRA Full Assessment'!G103) | E22: =IF(ISBLANK('MRA Full Assessment'!H103),"",'MRA Full Assessment'!H103) | F22: =IF(ISBLANK('MRA Full Assessment'!I103),"",'MRA Full Assessment'!I103) | G22: =IF(ISBLANK('MRA Full Assessment'!J103),"",'MRA Full Assessment'!J103) | H22: ='MRA Full Assessment'!$M$105 | I22: ='MRA Full Assessment'!$M$103 | J22: ='MRA Full Assessment'!$T$105 | K22: =IF(ISBLANK('MRA Full Assessment'!$U$103),"",'MRA Full Assessment'!$U$103) | L22: ='MRA Full Assessment'!$X$105 | M22: ='MRA Full Assessment'!$X$103 | N22: =IF(ISBLANK('MRA Full Assessment'!$Y$103),"",'MRA Full Assessment'!$Y$103) | O22: ='MRA Full Assessment'!$AB$105 | P22: ='MRA Full Assessment'!$AB$103 | Q22: =IF(ISBLANK('MRA Full Assessment'!$AC$103),"",'MRA Full Assessment'!$AC$103) | R22: ='MRA Full Assessment'!$AG$105 | S22: =IF(ISBLANK('MRA Full Assessment'!$AG$103),"",'MRA Full Assessment'!$AG$103)
A23: =IF(ISBLANK('MRA Full Assessment'!B108),"",'MRA Full Assessment'!B108) -> 21 | B23: =IF(ISBLANK('MRA Full Assessment'!C108),"",'MRA Full Assessment'!C108) | C23: =IF(ISBLANK('MRA Full Assessment'!D108),"",'MRA Full Assessment'!D108) | D23: =IF(ISBLANK('MRA Full Assessment'!G108),"",'MRA Full Assessment'!G108) | E23: =IF(ISBLANK('MRA Full Assessment'!H108),"",'MRA Full Assessment'!H108) | F23: =IF(ISBLANK('MRA Full Assessment'!I108),"",'MRA Full Assessment'!I108) | G23: =IF(ISBLANK('MRA Full Assessment'!J108),"",'MRA Full Assessment'!J108) | H23: ='MRA Full Assessment'!$M$110 | I23: ='MRA Full Assessment'!$M$108 | J23: ='MRA Full Assessment'!$T$110 | K23: =IF(ISBLANK('MRA Full Assessment'!$U$108),"",'MRA Full Assessment'!$U$108) | L23: ='MRA Full Assessment'!$X$110 | M23: ='MRA Full Assessment'!$X$108 | N23: =IF(ISBLANK('MRA Full Assessment'!$Y$108),"",'MRA Full Assessment'!$Y$108) | O23: ='MRA Full Assessment'!$AB$110 | P23: ='MRA Full Assessment'!$AB$108 | Q23: =IF(ISBLANK('MRA Full Assessment'!$AC$108),"",'MRA Full Assessment'!$AC$108) | R23: ='MRA Full Assessment'!$AG$110 | S23: =IF(ISBLANK('MRA Full Assessment'!$AG$108),"",'MRA Full Assessment'!$AG$108)
A24: =IF(ISBLANK('MRA Full Assessment'!B113),"",'MRA Full Assessment'!B113) -> 22 | B24: =IF(ISBLANK('MRA Full Assessment'!C113),"",'MRA Full Assessment'!C113) | C24: =IF(ISBLANK('MRA Full Assessment'!D113),"",'MRA Full Assessment'!D113) | D24: =IF(ISBLANK('MRA Full Assessment'!G113),"",'MRA Full Assessment'!G113) | E24: =IF(ISBLANK('MRA Full Assessment'!H113),"",'MRA Full Assessment'!H113) | F24: =IF(ISBLANK('MRA Full Assessment'!I113),"",'MRA Full Assessment'!I113) | G24: =IF(ISBLANK('MRA Full Assessment'!J113),"",'MRA Full Assessment'!J113) | H24: ='MRA Full Assessment'!$M$115 | I24: ='MRA Full Assessment'!$M$113 | J24: ='MRA Full Assessment'!$T$115 | K24: =IF(ISBLANK('MRA Full Assessment'!$U$113),"",'MRA Full Assessment'!$U$113) | L24: ='MRA Full Assessment'!$X$115 | M24: ='MRA Full Assessment'!$X$113 | N24: =IF(ISBLANK('MRA Full Assessment'!$Y$113),"",'MRA Full Assessment'!$Y$113) | O24: ='MRA Full Assessment'!$AB$115 | P24: ='MRA Full Assessment'!$AB$113 | Q24: =IF(ISBLANK('MRA Full Assessment'!$AC$113),"",'MRA Full Assessment'!$AC$113) | R24: ='MRA Full Assessment'!$AG$115 | S24: =IF(ISBLANK('MRA Full Assessment'!$AG$113),"",'MRA Full Assessment'!$AG$113)
A25: =IF(ISBLANK('MRA Full Assessment'!B118),"",'MRA Full Assessment'!B118) -> 23 | B25: =IF(ISBLANK('MRA Full Assessment'!C118),"",'MRA Full Assessment'!C118) | C25: =IF(ISBLANK('MRA Full Assessment'!D118),"",'MRA Full Assessment'!D118) | D25: =IF(ISBLANK('MRA Full Assessment'!G118),"",'MRA Full Assessment'!G118) | E25: =IF(ISBLANK('MRA Full Assessment'!H118),"",'MRA Full Assessment'!H118) | F25: =IF(ISBLANK('MRA Full Assessment'!I118),"",'MRA Full Assessment'!I118) | G25: =IF(ISBLANK('MRA Full Assessment'!J118),"",'MRA Full Assessment'!J118) | H25: ='MRA Full Assessment'!$M$120 | I25: ='MRA Full Assessment'!$M$118 | J25: ='MRA Full Assessment'!$T$120 | K25: =IF(ISBLANK('MRA Full Assessment'!$U$118),"",'MRA Full Assessment'!$U$118) | L25: ='MRA Full Assessment'!$X$120 | M25: ='MRA Full Assessment'!$X$118 | N25: =IF(ISBLANK('MRA Full Assessment'!$Y$118),"",'MRA Full Assessment'!$Y$118) | O25: ='MRA Full Assessment'!$AB$120 | P25: ='MRA Full Assessment'!$AB$118 | Q25: =IF(ISBLANK('MRA Full Assessment'!$AC$118),"",'MRA Full Assessment'!$AC$118) | R25: ='MRA Full Assessment'!$AG$120 | S25: =IF(ISBLANK('MRA Full Assessment'!$AG$118),"",'MRA Full Assessment'!$AG$118)
A26: =IF(ISBLANK('MRA Full Assessment'!B123),"",'MRA Full Assessment'!B123) -> 24 | B26: =IF(ISBLANK('MRA Full Assessment'!C123),"",'MRA Full Assessment'!C123) | C26: =IF(ISBLANK('MRA Full Assessment'!D123),"",'MRA Full Assessment'!D123) | D26: =IF(ISBLANK('MRA Full Assessment'!G123),"",'MRA Full Assessment'!G123) | E26: =IF(ISBLANK('MRA Full Assessment'!H123),"",'MRA Full Assessment'!H123) | F26: =IF(ISBLANK('MRA Full Assessment'!I123),"",'MRA Full Assessment'!I123) | G26: =IF(ISBLANK('MRA Full Assessment'!J123),"",'MRA Full Assessment'!J123) | H26: ='MRA Full Assessment'!$M$125 | I26: ='MRA Full Assessment'!$M$123 | J26: ='MRA Full Assessment'!$T$125 | K26: =IF(ISBLANK('MRA Full Assessment'!$U$123),"",'MRA Full Assessment'!$U$123) | L26: ='MRA Full Assessment'!$X$125 | M26: ='MRA Full Assessment'!$X$123 | N26: =IF(ISBLANK('MRA Full Assessment'!$Y$123),"",'MRA Full Assessment'!$Y$123) | O26: ='MRA Full Assessment'!$AB$125 | P26: ='MRA Full Assessment'!$AB$123 | Q26: =IF(ISBLANK('MRA Full Assessment'!$AC$123),"",'MRA Full Assessment'!$AC$123) | R26: ='MRA Full Assessment'!$AG$125 | S26: =IF(ISBLANK('MRA Full Assessment'!$AG$123),"",'MRA Full Assessment'!$AG$123)
A27: =IF(ISBLANK('MRA Full Assessment'!B128),"",'MRA Full Assessment'!B128) -> 25 | B27: =IF(ISBLANK('MRA Full Assessment'!C128),"",'MRA Full Assessment'!C128) | C27: =IF(ISBLANK('MRA Full Assessment'!D128),"",'MRA Full Assessment'!D128) | D27: =IF(ISBLANK('MRA Full Assessment'!G128),"",'MRA Full Assessment'!G128) | E27: =IF(ISBLANK('MRA Full Assessment'!H128),"",'MRA Full Assessment'!H128) | F27: =IF(ISBLANK('MRA Full Assessment'!I128),"",'MRA Full Assessment'!I128) | G27: =IF(ISBLANK('MRA Full Assessment'!J128),"",'MRA Full Assessment'!J128) | H27: ='MRA Full Assessment'!$M$130 | I27: ='MRA Full Assessment'!$M$128 | J27: ='MRA Full Assessment'!$T$130 | K27: =IF(ISBLANK('MRA Full Assessment'!$U$128),"",'MRA Full Assessment'!$U$128) | L27: ='MRA Full Assessment'!$X$130 | M27: ='MRA Full Assessment'!$X$128 | N27: =IF(ISBLANK('MRA Full Assessment'!$Y$128),"",'MRA Full Assessment'!$Y$128) | O27: ='MRA Full Assessment'!$AB$130 | P27: ='MRA Full Assessment'!$AB$128 | Q27: =IF(ISBLANK('MRA Full Assessment'!$AC$128),"",'MRA Full Assessment'!$AC$128) | R27: ='MRA Full Assessment'!$AG$130 | S27: =IF(ISBLANK('MRA Full Assessment'!$AG$128),"",'MRA Full Assessment'!$AG$128)
A28: =IF(ISBLANK('MRA Full Assessment'!B133),"",'MRA Full Assessment'!B133) -> 26 | B28: =IF(ISBLANK('MRA Full Assessment'!C133),"",'MRA Full Assessment'!C133) | C28: =IF(ISBLANK('MRA Full Assessment'!D133),"",'MRA Full Assessment'!D133) | D28: =IF(ISBLANK('MRA Full Assessment'!G133),"",'MRA Full Assessment'!G133) | E28: =IF(ISBLANK('MRA Full Assessment'!H133),"",'MRA Full Assessment'!H133) | F28: =IF(ISBLANK('MRA Full Assessment'!I133),"",'MRA Full Assessment'!I133) | G28: =IF(ISBLANK('MRA Full Assessment'!J133),"",'MRA Full Assessment'!J133) | H28: ='MRA Full Assessment'!$M$135 | I28: ='MRA Full Assessment'!$M$133 | J28: ='MRA Full Assessment'!$T$135 | K28: =IF(ISBLANK('MRA Full Assessment'!$U$133),"",'MRA Full Assessment'!$U$133) | L28: ='MRA Full Assessment'!$X$135 | M28: ='MRA Full Assessment'!$X$133 | N28: =IF(ISBLANK('MRA Full Assessment'!$Y$133),"",'MRA Full Assessment'!$Y$133) | O28: ='MRA Full Assessment'!$AB$135 | P28: ='MRA Full Assessment'!$AB$133 | Q28: =IF(ISBLANK('MRA Full Assessment'!$AC$133),"",'MRA Full Assessment'!$AC$133) | R28: ='MRA Full Assessment'!$AG$135 | S28: =IF(ISBLANK('MRA Full Assessment'!$AG$133),"",'MRA Full Assessment'!$AG$133)
A29: =IF(ISBLANK('MRA Full Assessment'!B138),"",'MRA Full Assessment'!B138) -> 27 | B29: =IF(ISBLANK('MRA Full Assessment'!C138),"",'MRA Full Assessment'!C138) | C29: =IF(ISBLANK('MRA Full Assessment'!D138),"",'MRA Full Assessment'!D138) | D29: =IF(ISBLANK('MRA Full Assessment'!G138),"",'MRA Full Assessment'!G138) | E29: =IF(ISBLANK('MRA Full Assessment'!H138),"",'MRA Full Assessment'!H138) | F29: =IF(ISBLANK('MRA Full Assessment'!I138),"",'MRA Full Assessment'!I138) | G29: =IF(ISBLANK('MRA Full Assessment'!J138),"",'MRA Full Assessment'!J138) | H29: ='MRA Full Assessment'!$M$140 | I29: ='MRA Full Assessment'!$M$138 | J29: ='MRA Full Assessment'!$T$140 | K29: =IF(ISBLANK('MRA Full Assessment'!$U$138),"",'MRA Full Assessment'!$U$138) | L29: ='MRA Full Assessment'!$X$140 | M29: ='MRA Full Assessment'!$X$138 | N29: =IF(ISBLANK('MRA Full Assessment'!$Y$138),"",'MRA Full Assessment'!$Y$138) | O29: ='MRA Full Assessment'!$AB$140 | P29: ='MRA Full Assessment'!$AB$138 | Q29: =IF(ISBLANK('MRA Full Assessment'!$AC$138),"",'MRA Full Assessment'!$AC$138) | R29: ='MRA Full Assessment'!$AG$140 | S29: =IF(ISBLANK('MRA Full Assessment'!$AG$138),"",'MRA Full Assessment'!$AG$138)
